episode,step,SBS_0_state,SBS_1_state,SBS_2_state,SBS_3_state,SBS_4_state
1,0,0,0,0,0,0
1,1,0,0,0,0,0
1,2,0,0,0,0,0
1,3,0,0,0,0,0
1,4,0,0,0,0,0
1,5,0,0,0,0,0
1,6,0,0,0,0,0
1,7,0,0,0,0,0
1,8,0,0,0,0,0
1,9,0,0,0,0,0
1,10,0,0,0,0,0
1,11,0,0,0,0,0
1,12,0,0,0,0,0
1,13,0,0,0,0,0
1,14,0,0,0,0,0
1,15,0,0,0,0,0
1,16,0,0,0,0,0
1,17,0,0,0,0,0
1,18,0,0,0,0,0
1,19,0,0,0,0,0
1,20,0,0,0,0,0
1,21,0,0,0,0,0
1,22,0,0,0,0,0
1,23,0,0,0,0,0
1,24,0,0,0,0,0
1,25,0,0,0,0,0
1,26,0,0,0,0,0
1,27,0,0,0,0,0
1,28,0,0,0,0,0
1,29,0,0,0,0,0
1,30,0,0,0,0,0
1,31,0,0,0,0,0
1,32,0,0,0,0,0
1,33,0,0,0,0,0
1,34,0,0,0,0,0
1,35,0,0,0,0,0
1,36,0,0,0,0,0
1,37,0,0,0,0,0
1,38,0,0,0,0,0
1,39,0,0,0,0,0
1,40,0,0,0,0,0
1,41,0,0,0,0,0
1,42,0,0,0,0,0
1,43,0,0,0,0,0
1,44,0,0,0,0,0
1,45,0,0,0,0,0
1,46,0,0,0,0,0
1,47,0,0,0,0,0
1,48,0,0,0,0,0
1,49,0,0,0,0,0
1,50,0,0,0,0,0
1,51,0,0,0,0,0
1,52,0,0,0,0,0
1,53,0,0,0,0,0
1,54,0,0,0,0,0
1,55,0,0,0,0,0
1,56,0,0,0,0,0
1,57,0,0,0,0,0
1,58,0,0,0,0,0
1,59,0,0,0,0,0
1,60,0,0,0,0,0
1,61,0,0,0,0,0
1,62,0,0,0,0,0
1,63,0,0,0,0,0
1,64,0,0,0,0,0
1,65,0,0,0,0,0
1,66,0,0,0,0,0
1,67,0,0,0,0,0
1,68,0,0,0,0,0
1,69,0,0,0,0,0
1,70,0,0,0,0,0
1,71,0,0,0,0,0
1,72,0,0,0,0,0
1,73,0,0,0,0,0
1,74,0,0,0,0,0
1,75,0,0,0,0,0
1,76,0,0,0,0,0
1,77,0,0,0,0,0
1,78,0,0,0,0,0
1,79,0,0,0,0,0
1,80,0,0,0,0,0
1,81,0,0,0,0,0
1,82,0,0,0,0,0
1,83,0,0,0,0,0
1,84,0,0,0,0,0
1,85,0,0,0,0,0
1,86,0,0,0,0,0
1,87,0,0,0,0,0
1,88,0,0,0,0,0
1,89,0,0,0,0,0
1,90,0,0,0,0,0
1,91,0,0,0,0,0
1,92,0,0,0,0,0
1,93,0,0,0,0,0
1,94,0,0,0,0,0
1,95,0,0,0,0,0
1,96,0,0,0,0,0
1,97,0,0,0,0,0
1,98,0,0,0,0,0
1,99,0,0,0,0,0
1,100,0,0,0,0,0
1,101,0,0,0,0,0
1,102,0,0,0,0,0
1,103,0,0,0,0,0
1,104,0,0,0,0,0
1,105,0,0,0,0,0
1,106,0,0,0,0,0
1,107,0,0,0,0,0
1,108,0,0,0,0,0
1,109,0,0,0,0,0
1,110,0,0,0,0,0
1,111,0,0,0,0,0
1,112,0,0,0,0,0
1,113,0,0,0,0,0
1,114,0,0,0,0,0
1,115,0,0,0,0,0
1,116,0,0,0,0,0
1,117,0,0,0,0,0
1,118,0,0,0,0,0
1,119,0,0,0,0,0
1,120,0,0,0,0,0
1,121,0,0,0,0,0
1,122,0,0,0,0,0
1,123,0,0,0,0,0
1,124,0,0,0,0,0
1,125,0,0,0,0,0
1,126,0,0,0,0,0
1,127,0,0,0,0,0
1,128,0,0,0,0,0
1,129,0,0,0,0,0
1,130,0,0,0,0,0
1,131,0,0,0,0,0
1,132,0,0,0,0,0
1,133,0,0,0,0,0
1,134,0,0,0,0,0
1,135,0,0,0,0,0
1,136,0,0,0,0,0
1,137,0,0,0,0,0
1,138,0,0,0,0,0
1,139,0,0,0,0,0
1,140,0,0,0,0,0
1,141,0,0,0,0,0
1,142,0,0,0,0,0
1,143,0,0,0,0,0
1,144,0,0,0,0,0
1,145,0,0,0,0,0
1,146,0,0,0,0,0
1,147,0,0,0,0,0
1,148,0,0,0,0,0
1,149,0,0,0,0,0
1,150,0,0,0,0,0
1,151,0,0,0,0,0
1,152,0,0,0,0,0
1,153,0,0,0,0,0
1,154,0,0,0,0,0
1,155,0,0,0,0,0
1,156,0,0,0,0,0
1,157,0,0,0,0,0
1,158,0,0,0,0,0
1,159,0,0,0,0,0
1,160,0,0,0,0,0
1,161,0,0,0,0,0
1,162,0,0,0,0,0
1,163,0,0,0,0,0
1,164,0,0,0,0,0
1,165,0,0,0,0,0
1,166,0,0,0,0,0
1,167,0,0,0,0,0
1,168,0,0,0,0,0
1,169,0,0,0,0,0
1,170,0,0,0,0,0
1,171,0,0,0,0,0
1,172,0,0,0,0,0
1,173,0,0,0,0,0
1,174,0,0,0,0,0
1,175,0,0,0,0,0
1,176,0,0,0,0,0
1,177,0,0,0,0,0
1,178,0,0,0,0,0
1,179,0,0,0,0,0
1,180,0,0,0,0,0
1,181,0,0,0,0,0
1,182,0,0,0,0,0
1,183,0,0,0,0,0
1,184,0,0,0,0,0
1,185,0,0,0,0,0
1,186,0,0,0,0,0
1,187,0,0,0,0,0
1,188,0,0,0,0,0
1,189,0,0,0,0,0
1,190,0,0,0,0,0
1,191,0,0,0,0,0
1,192,0,0,0,0,0
1,193,0,0,0,0,0
1,194,0,0,0,0,0
1,195,0,0,0,0,0
1,196,0,0,0,0,0
1,197,0,0,0,0,0
1,198,0,0,0,0,0
1,199,0,0,0,0,0
1,200,0,0,0,0,0
1,201,0,0,0,0,0
1,202,0,0,0,0,0
1,203,0,0,0,0,0
1,204,0,0,0,0,0
1,205,0,0,0,0,0
1,206,0,0,0,0,0
1,207,0,0,0,0,0
1,208,0,0,0,0,0
1,209,0,0,0,0,0
1,210,0,0,0,0,0
1,211,0,0,0,0,0
1,212,0,0,0,0,0
1,213,0,0,0,0,0
1,214,0,0,0,0,0
1,215,0,0,0,0,0
1,216,0,0,0,0,0
1,217,0,0,0,0,0
1,218,0,0,0,0,0
1,219,0,0,0,0,0
1,220,0,0,0,0,0
1,221,0,0,0,0,0
1,222,0,0,0,0,0
1,223,0,0,0,0,0
1,224,0,0,0,0,0
1,225,0,0,0,0,0
1,226,0,0,0,0,0
1,227,0,0,0,0,0
1,228,0,0,0,0,0
1,229,0,0,0,0,0
1,230,0,0,0,0,0
1,231,0,0,0,0,0
1,232,0,0,0,0,0
1,233,0,0,0,0,0
1,234,0,0,0,0,0
1,235,0,0,0,0,0
1,236,0,0,0,0,0
1,237,0,0,0,0,0
1,238,0,0,0,0,0
1,239,0,0,0,0,0
1,240,0,0,0,0,0
1,241,0,0,0,0,0
1,242,0,0,0,0,0
1,243,0,0,0,0,0
1,244,0,0,0,0,0
1,245,0,0,0,0,0
1,246,0,0,0,0,0
1,247,0,0,0,0,0
1,248,0,0,0,0,0
1,249,0,0,0,0,0
1,250,0,0,0,0,0
1,251,0,0,0,0,0
1,252,0,0,0,0,0
1,253,0,0,0,0,0
1,254,0,0,0,0,0
1,255,0,0,0,0,0
1,256,0,0,0,0,0
1,257,0,0,0,0,0
1,258,0,0,0,0,0
1,259,0,0,0,0,0
1,260,0,0,0,0,0
1,261,0,0,0,0,0
1,262,0,0,0,0,0
1,263,0,0,0,0,0
1,264,0,0,0,0,0
1,265,0,0,0,0,0
1,266,0,0,0,0,0
1,267,0,0,0,0,0
1,268,0,0,0,0,0
1,269,0,0,0,0,0
1,270,0,0,0,0,0
1,271,0,0,0,0,0
1,272,0,0,0,0,0
1,273,0,0,0,0,0
1,274,0,0,0,0,0
1,275,0,0,0,0,0
1,276,0,0,0,0,0
1,277,0,0,0,0,0
1,278,0,0,0,0,0
1,279,0,0,0,0,0
1,280,0,0,0,0,0
1,281,0,0,0,0,0
1,282,0,0,0,0,0
1,283,0,0,0,0,0
1,284,0,0,0,0,0
1,285,0,0,0,0,0
1,286,0,0,0,0,0
1,287,0,0,0,0,0
1,288,0,0,0,0,0
1,289,0,0,0,0,0
1,290,0,0,0,0,0
1,291,0,0,0,0,0
1,292,0,0,0,0,0
1,293,0,0,0,0,0
1,294,0,0,0,0,0
1,295,0,0,0,0,0
1,296,0,0,0,0,0
1,297,0,0,0,0,0
1,298,0,0,0,0,0
1,299,0,0,0,0,0
1,300,0,0,0,0,0
1,301,0,0,0,0,0
1,302,0,0,0,0,0
1,303,0,0,0,0,0
1,304,0,0,0,0,0
1,305,0,0,0,0,0
1,306,0,0,0,0,0
1,307,0,0,0,0,0
1,308,0,0,0,0,0
1,309,0,0,0,0,0
1,310,0,0,0,0,0
1,311,0,0,0,0,0
1,312,0,0,0,0,0
1,313,0,0,0,0,0
1,314,0,0,0,0,0
1,315,0,0,0,0,0
1,316,0,0,0,0,0
1,317,0,0,0,0,0
1,318,0,0,0,0,0
1,319,0,0,0,0,0
1,320,0,0,0,0,0
1,321,0,0,0,0,0
1,322,0,0,0,0,0
1,323,0,0,0,0,0
1,324,0,0,0,0,0
1,325,0,0,0,0,0
1,326,0,0,0,0,0
1,327,0,0,0,0,0
1,328,0,0,0,0,0
1,329,0,0,0,0,0
1,330,0,0,0,0,0
1,331,0,0,0,0,0
1,332,0,0,0,0,0
1,333,0,0,0,0,0
1,334,0,0,0,0,0
1,335,0,0,0,0,0
1,336,0,0,0,0,0
1,337,0,0,0,0,0
1,338,0,0,0,0,0
1,339,0,0,0,0,0
1,340,0,0,0,0,0
1,341,0,0,0,0,0
1,342,0,0,0,0,0
1,343,0,0,0,0,0
1,344,0,0,0,0,0
1,345,0,0,0,0,0
1,346,0,0,0,0,0
1,347,0,0,0,0,0
1,348,0,0,0,0,0
1,349,0,0,0,0,0
1,350,0,0,0,0,0
1,351,0,0,0,0,0
1,352,0,0,0,0,0
1,353,0,0,0,0,0
1,354,0,0,0,0,0
1,355,0,0,0,0,0
1,356,0,0,0,0,0
1,357,0,0,0,0,0
1,358,0,0,0,0,0
1,359,0,0,0,0,0
1,360,0,0,0,0,0
1,361,0,0,0,0,0
1,362,0,0,0,0,0
1,363,0,0,0,0,0
1,364,0,0,0,0,0
1,365,0,0,0,0,0
1,366,0,0,0,0,0
1,367,0,0,0,0,0
1,368,0,0,0,0,0
1,369,0,0,0,0,0
1,370,0,0,0,0,0
1,371,0,0,0,0,0
1,372,0,0,0,0,0
1,373,0,0,0,0,0
1,374,0,0,0,0,0
1,375,0,0,0,0,0
1,376,0,0,0,0,0
1,377,0,0,0,0,0
1,378,0,0,0,0,0
1,379,0,0,0,0,0
1,380,0,0,0,0,0
1,381,0,0,0,0,0
1,382,0,0,0,0,0
1,383,0,0,0,0,0
1,384,0,0,0,0,0
1,385,0,0,0,0,0
1,386,0,0,0,0,0
1,387,0,0,0,0,0
1,388,0,0,0,0,0
1,389,0,0,0,0,0
1,390,0,0,0,0,0
1,391,0,0,0,0,0
1,392,0,0,0,0,0
1,393,0,0,0,0,0
1,394,0,0,0,0,0
1,395,0,0,0,0,0
1,396,0,0,0,0,0
1,397,0,0,0,0,0
1,398,0,0,0,0,0
1,399,0,0,0,0,0
1,400,0,0,0,0,0
1,401,0,0,0,0,0
1,402,0,0,0,0,0
1,403,0,0,0,0,0
1,404,0,0,0,0,0
1,405,0,0,0,0,0
1,406,0,0,0,0,0
1,407,0,0,0,0,0
1,408,0,0,0,0,0
1,409,0,0,0,0,0
1,410,0,0,0,0,0
1,411,0,0,0,0,0
1,412,0,0,0,0,0
1,413,0,0,0,0,0
1,414,0,0,0,0,0
1,415,0,0,0,0,0
1,416,0,0,0,0,0
1,417,0,0,0,0,0
1,418,0,0,0,0,0
1,419,0,0,0,0,0
1,420,0,0,0,0,0
1,421,0,0,0,0,0
1,422,0,0,0,0,0
1,423,0,0,0,0,0
1,424,0,0,0,0,0
1,425,0,0,0,0,0
1,426,0,0,0,0,0
1,427,0,0,0,0,0
1,428,0,0,0,0,0
1,429,0,0,0,0,0
1,430,0,0,0,0,0
1,431,0,0,0,0,0
1,432,0,0,0,0,0
1,433,0,0,0,0,0
1,434,0,0,0,0,0
1,435,0,0,0,0,0
1,436,0,0,0,0,0
1,437,0,0,0,0,0
1,438,0,0,0,0,0
1,439,0,0,0,0,0
1,440,0,0,0,0,0
1,441,0,0,0,0,0
1,442,0,0,0,0,0
1,443,0,0,0,0,0
1,444,0,0,0,0,0
1,445,0,0,0,0,0
1,446,0,0,0,0,0
1,447,0,0,0,0,0
1,448,0,0,0,0,0
1,449,0,0,0,0,0
1,450,0,0,0,0,0
1,451,0,0,0,0,0
1,452,0,0,0,0,0
1,453,0,0,0,0,0
1,454,0,0,0,0,0
1,455,0,0,0,0,0
1,456,0,0,0,0,0
1,457,0,0,0,0,0
1,458,0,0,0,0,0
1,459,0,0,0,0,0
1,460,0,0,0,0,0
1,461,0,0,0,0,0
1,462,0,0,0,0,0
1,463,0,0,0,0,0
1,464,0,0,0,0,0
1,465,0,0,0,0,0
1,466,0,0,0,0,0
1,467,0,0,0,0,0
1,468,0,0,0,0,0
1,469,0,0,0,0,0
1,470,0,0,0,0,0
1,471,0,0,0,0,0
1,472,0,0,0,0,0
1,473,0,0,0,0,0
1,474,0,0,0,0,0
1,475,0,0,0,0,0
1,476,0,0,0,0,0
1,477,0,0,0,0,0
1,478,0,0,0,0,0
1,479,0,0,0,0,0
1,480,0,0,0,0,0
1,481,0,0,0,0,0
1,482,0,0,0,0,0
1,483,0,0,0,0,0
1,484,0,0,0,0,0
1,485,0,0,0,0,0
1,486,0,0,0,0,0
1,487,0,0,0,0,0
1,488,0,0,0,0,0
1,489,0,0,0,0,0
1,490,0,0,0,0,0
1,491,0,0,0,0,0
1,492,0,0,0,0,0
1,493,0,0,0,0,0
1,494,0,0,0,0,0
1,495,0,0,0,0,0
1,496,0,0,0,0,0
1,497,0,0,0,0,0
1,498,0,0,0,0,0
1,499,0,0,0,0,0
1,500,0,0,0,0,0
1,501,0,0,0,0,0
1,502,0,0,0,0,0
1,503,0,0,0,0,0
1,504,0,0,0,0,0
1,505,0,0,0,0,0
1,506,0,0,0,0,0
1,507,0,0,0,0,0
1,508,0,0,0,0,0
1,509,0,0,0,0,0
1,510,0,0,0,0,0
1,511,0,0,0,0,0
1,512,0,0,0,0,0
1,513,0,0,0,0,0
1,514,0,0,0,0,0
1,515,0,0,0,0,0
1,516,0,0,0,0,0
1,517,0,0,0,0,0
1,518,0,0,0,0,0
1,519,0,0,0,0,0
1,520,0,0,0,0,0
1,521,0,0,0,0,0
1,522,0,0,0,0,0
1,523,0,0,0,0,0
1,524,0,0,0,0,0
1,525,0,0,0,0,0
1,526,0,0,0,0,0
1,527,0,0,0,0,0
1,528,0,0,0,0,0
1,529,0,0,0,0,0
1,530,0,0,0,0,0
1,531,0,0,0,0,0
1,532,0,0,0,0,0
1,533,0,0,0,0,0
1,534,0,0,0,0,0
1,535,0,0,0,0,0
1,536,0,0,0,0,0
1,537,0,0,0,0,0
1,538,0,0,0,0,0
1,539,0,0,0,0,0
1,540,0,0,0,0,0
1,541,0,0,0,0,0
1,542,0,0,0,0,0
1,543,0,0,0,0,0
1,544,0,0,0,0,0
1,545,0,0,0,0,0
1,546,0,0,0,0,0
1,547,0,0,0,0,0
1,548,0,0,0,0,0
1,549,0,0,0,0,0
1,550,0,0,0,0,0
1,551,0,0,0,0,0
1,552,0,0,0,0,0
1,553,0,0,0,0,0
1,554,0,0,0,0,0
1,555,0,0,0,0,0
1,556,0,0,0,0,0
1,557,0,0,0,0,0
1,558,0,0,0,0,0
1,559,0,0,0,0,0
1,560,0,0,0,0,0
1,561,0,0,0,0,0
1,562,0,0,0,0,0
1,563,0,0,0,0,0
1,564,0,0,0,0,0
1,565,0,0,0,0,0
1,566,0,0,0,0,0
1,567,0,0,0,0,0
1,568,0,0,0,0,0
1,569,0,0,0,0,0
1,570,0,0,0,0,0
1,571,0,0,0,0,0
1,572,0,0,0,0,0
1,573,0,0,0,0,0
1,574,0,0,0,0,0
1,575,0,0,0,0,0
1,576,0,0,0,0,0
1,577,0,0,0,0,0
1,578,0,0,0,0,0
1,579,0,0,0,0,0
1,580,0,0,0,0,0
1,581,0,0,0,0,0
1,582,0,0,0,0,0
1,583,0,0,0,0,0
1,584,0,0,0,0,0
1,585,0,0,0,0,0
1,586,0,0,0,0,0
1,587,0,0,0,0,0
1,588,0,0,0,0,0
1,589,0,0,0,0,0
1,590,0,0,0,0,0
1,591,0,0,0,0,0
1,592,0,0,0,0,0
1,593,0,0,0,0,0
1,594,0,0,0,0,0
1,595,0,0,0,0,0
1,596,0,0,0,0,0
1,597,0,0,0,0,0
1,598,0,0,0,0,0
1,599,0,0,0,0,0
1,600,0,0,0,0,0
1,601,0,0,0,0,0
1,602,0,0,0,0,0
1,603,0,0,0,0,0
1,604,0,0,0,0,0
1,605,0,0,0,0,0
1,606,0,0,0,0,0
1,607,0,0,0,0,0
1,608,0,0,0,0,0
1,609,0,0,0,0,0
1,610,0,0,0,0,0
1,611,0,0,0,0,0
1,612,0,0,0,0,0
1,613,0,0,0,0,0
1,614,0,0,0,0,0
1,615,0,0,0,0,0
1,616,0,0,0,0,0
1,617,0,0,0,0,0
1,618,0,0,0,0,0
1,619,0,0,0,0,0
1,620,0,0,0,0,0
1,621,0,0,0,0,0
1,622,0,0,0,0,0
1,623,0,0,0,0,0
1,624,0,0,0,0,0
1,625,0,0,0,0,0
1,626,0,0,0,0,0
1,627,0,0,0,0,0
1,628,0,0,0,0,0
1,629,0,0,0,0,0
1,630,0,0,0,0,0
1,631,0,0,0,0,0
1,632,0,0,0,0,0
1,633,0,0,0,0,0
1,634,0,0,0,0,0
1,635,0,0,0,0,0
1,636,0,0,0,0,0
1,637,0,0,0,0,0
1,638,0,0,0,0,0
1,639,0,0,0,0,0
1,640,0,0,0,0,0
1,641,0,0,0,0,0
1,642,0,0,0,0,0
1,643,0,0,0,0,0
1,644,0,0,0,0,0
1,645,0,0,0,0,0
1,646,0,0,0,0,0
1,647,0,0,0,0,0
1,648,0,0,0,0,0
1,649,0,0,0,0,0
1,650,0,0,0,0,0
1,651,0,0,0,0,0
1,652,0,0,0,0,0
1,653,0,0,0,0,0
1,654,0,0,0,0,0
1,655,0,0,0,0,0
1,656,0,0,0,0,0
1,657,0,0,0,0,0
1,658,0,0,0,0,0
1,659,0,0,0,0,0
1,660,0,0,0,0,0
1,661,0,0,0,0,0
1,662,0,0,0,0,0
1,663,0,0,0,0,0
1,664,0,0,0,0,0
1,665,0,0,0,0,0
1,666,0,0,0,0,0
1,667,0,0,0,0,0
1,668,0,0,0,0,0
1,669,0,0,0,0,0
1,670,0,0,0,0,0
1,671,0,0,0,0,0
1,672,0,0,0,0,0
1,673,0,0,0,0,0
1,674,0,0,0,0,0
1,675,0,0,0,0,0
1,676,0,0,0,0,0
1,677,0,0,0,0,0
1,678,0,0,0,0,0
1,679,0,0,0,0,0
1,680,0,0,0,0,0
1,681,0,0,0,0,0
1,682,0,0,0,0,0
1,683,0,0,0,0,0
1,684,0,0,0,0,0
1,685,0,0,0,0,0
1,686,0,0,0,0,0
1,687,0,0,0,0,0
1,688,0,0,0,0,0
1,689,0,0,0,0,0
1,690,0,0,0,0,0
1,691,0,0,0,0,0
1,692,0,0,0,0,0
1,693,0,0,0,0,0
1,694,0,0,0,0,0
1,695,0,0,0,0,0
1,696,0,0,0,0,0
1,697,0,0,0,0,0
1,698,0,0,0,0,0
1,699,0,0,0,0,0
1,700,0,0,0,0,0
1,701,0,0,0,0,0
1,702,0,0,0,0,0
1,703,0,0,0,0,0
1,704,0,0,0,0,0
1,705,0,0,0,0,0
1,706,0,0,0,0,0
1,707,0,0,0,0,0
1,708,0,0,0,0,0
1,709,0,0,0,0,0
1,710,0,0,0,0,0
1,711,0,0,0,0,0
1,712,0,0,0,0,0
1,713,0,0,0,0,0
1,714,0,0,0,0,0
1,715,0,0,0,0,0
1,716,0,0,0,0,0
1,717,0,0,0,0,0
1,718,0,0,0,0,0
1,719,0,0,0,0,0
1,720,0,0,0,0,0
1,721,0,0,0,0,0
1,722,0,0,0,0,0
1,723,0,0,0,0,0
1,724,0,0,0,0,0
1,725,0,0,0,0,0
1,726,0,0,0,0,0
1,727,0,0,0,0,0
1,728,0,0,0,0,0
1,729,0,0,0,0,0
1,730,0,0,0,0,0
1,731,0,0,0,0,0
1,732,0,0,0,0,0
1,733,0,0,0,0,0
1,734,0,0,0,0,0
1,735,0,0,0,0,0
1,736,0,0,0,0,0
1,737,0,0,0,0,0
1,738,0,0,0,0,0
1,739,0,0,0,0,0
1,740,0,0,0,0,0
1,741,0,0,0,0,0
1,742,0,0,0,0,0
1,743,0,0,0,0,0
1,744,0,0,0,0,0
1,745,0,0,0,0,0
1,746,0,0,0,0,0
1,747,0,0,0,0,0
1,748,0,0,0,0,0
1,749,0,0,0,0,0
1,750,0,0,0,0,0
1,751,0,0,0,0,0
1,752,0,0,0,0,0
1,753,0,0,0,0,0
1,754,0,0,0,0,0
1,755,0,0,0,0,0
1,756,0,0,0,0,0
1,757,0,0,0,0,0
1,758,0,0,0,0,0
1,759,0,0,0,0,0
1,760,0,0,0,0,0
1,761,0,0,0,0,0
1,762,0,0,0,0,0
1,763,0,0,0,0,0
1,764,0,0,0,0,0
1,765,0,0,0,0,0
1,766,0,0,0,0,0
1,767,0,0,0,0,0
1,768,0,0,0,0,0
1,769,0,0,0,0,0
1,770,0,0,0,0,0
1,771,0,0,0,0,0
1,772,0,0,0,0,0
1,773,0,0,0,0,0
1,774,0,0,0,0,0
1,775,0,0,0,0,0
1,776,0,0,0,0,0
1,777,0,0,0,0,0
1,778,0,0,0,0,0
1,779,0,0,0,0,0
1,780,0,0,0,0,0
1,781,0,0,0,0,0
1,782,0,0,0,0,0
1,783,0,0,0,0,0
1,784,0,0,0,0,0
1,785,0,0,0,0,0
1,786,0,0,0,0,0
1,787,0,0,0,0,0
1,788,0,0,0,0,0
1,789,0,0,0,0,0
1,790,0,0,0,0,0
1,791,0,0,0,0,0
1,792,0,0,0,0,0
1,793,0,0,0,0,0
1,794,0,0,0,0,0
1,795,0,0,0,0,0
1,796,0,0,0,0,0
1,797,0,0,0,0,0
1,798,0,0,0,0,0
1,799,0,0,0,0,0
1,800,0,0,0,0,0
1,801,0,0,0,0,0
1,802,0,0,0,0,0
1,803,0,0,0,0,0
1,804,0,0,0,0,0
1,805,0,0,0,0,0
1,806,0,0,0,0,0
1,807,0,0,0,0,0
1,808,0,0,0,0,0
1,809,0,0,0,0,0
1,810,0,0,0,0,0
1,811,0,0,0,0,0
1,812,0,0,0,0,0
1,813,0,0,0,0,0
1,814,0,0,0,0,0
1,815,0,0,0,0,0
1,816,0,0,0,0,0
1,817,0,0,0,0,0
1,818,0,0,0,0,0
1,819,0,0,0,0,0
1,820,0,0,0,0,0
1,821,0,0,0,0,0
1,822,0,0,0,0,0
1,823,0,0,0,0,0
1,824,0,0,0,0,0
1,825,0,0,0,0,0
1,826,0,0,0,0,0
1,827,0,0,0,0,0
1,828,0,0,0,0,0
1,829,0,0,0,0,0
1,830,0,0,0,0,0
1,831,0,0,0,0,0
1,832,0,0,0,0,0
1,833,0,0,0,0,0
1,834,0,0,0,0,0
1,835,0,0,0,0,0
1,836,0,0,0,0,0
1,837,0,0,0,0,0
1,838,0,0,0,0,0
1,839,0,0,0,0,0
1,840,0,0,0,0,0
1,841,0,0,0,0,0
1,842,0,0,0,0,0
1,843,0,0,0,0,0
1,844,0,0,0,0,0
1,845,0,0,0,0,0
1,846,0,0,0,0,0
1,847,0,0,0,0,0
1,848,0,0,0,0,0
1,849,0,0,0,0,0
1,850,0,0,0,0,0
1,851,0,0,0,0,0
1,852,0,0,0,0,0
1,853,0,0,0,0,0
1,854,0,0,0,0,0
1,855,0,0,0,0,0
1,856,0,0,0,0,0
1,857,0,0,0,0,0
1,858,0,0,0,0,0
1,859,0,0,0,0,0
1,860,0,0,0,0,0
1,861,0,0,0,0,0
1,862,0,0,0,0,0
1,863,0,0,0,0,0
1,864,0,0,0,0,0
1,865,0,0,0,0,0
1,866,0,0,0,0,0
1,867,0,0,0,0,0
1,868,0,0,0,0,0
1,869,0,0,0,0,0
1,870,0,0,0,0,0
1,871,0,0,0,0,0
1,872,0,0,0,0,0
1,873,0,0,0,0,0
1,874,0,0,0,0,0
1,875,0,0,0,0,0
1,876,0,0,0,0,0
1,877,0,0,0,0,0
1,878,0,0,0,0,0
1,879,0,0,0,0,0
1,880,0,0,0,0,0
1,881,0,0,0,0,0
1,882,0,0,0,0,0
1,883,0,0,0,0,0
1,884,0,0,0,0,0
1,885,0,0,0,0,0
1,886,0,0,0,0,0
1,887,0,0,0,0,0
1,888,0,0,0,0,0
1,889,0,0,0,0,0
1,890,0,0,0,0,0
1,891,0,0,0,0,0
1,892,0,0,0,0,0
1,893,0,0,0,0,0
1,894,0,0,0,0,0
1,895,0,0,0,0,0
1,896,0,0,0,0,0
1,897,0,0,0,0,0
1,898,0,0,0,0,0
1,899,0,0,0,0,0
1,900,0,0,0,0,0
1,901,0,0,0,0,0
1,902,0,0,0,0,0
1,903,0,0,0,0,0
1,904,0,0,0,0,0
1,905,0,0,0,0,0
1,906,0,0,0,0,0
1,907,0,0,0,0,0
1,908,0,0,0,0,0
1,909,0,0,0,0,0
1,910,0,0,0,0,0
1,911,0,0,0,0,0
1,912,0,0,0,0,0
1,913,0,0,0,0,0
1,914,0,0,0,0,0
1,915,0,0,0,0,0
1,916,0,0,0,0,0
1,917,0,0,0,0,0
1,918,0,0,0,0,0
1,919,0,0,0,0,0
1,920,0,0,0,0,0
1,921,0,0,0,0,0
1,922,0,0,0,0,0
1,923,0,0,0,0,0
1,924,0,0,0,0,0
1,925,0,0,0,0,0
1,926,0,0,0,0,0
1,927,0,0,0,0,0
1,928,0,0,0,0,0
1,929,0,0,0,0,0
1,930,0,0,0,0,0
1,931,0,0,0,0,0
1,932,0,0,0,0,0
1,933,0,0,0,0,0
1,934,0,0,0,0,0
1,935,0,0,0,0,0
1,936,0,0,0,0,0
1,937,0,0,0,0,0
1,938,0,0,0,0,0
1,939,0,0,0,0,0
1,940,0,0,0,0,0
1,941,0,0,0,0,0
1,942,0,0,0,0,0
1,943,0,0,0,0,0
1,944,0,0,0,0,0
1,945,0,0,0,0,0
1,946,0,0,0,0,0
1,947,0,0,0,0,0
1,948,0,0,0,0,0
1,949,0,0,0,0,0
1,950,0,0,0,0,0
1,951,0,0,0,0,0
1,952,0,0,0,0,0
1,953,0,0,0,0,0
1,954,0,0,0,0,0
1,955,0,0,0,0,0
1,956,0,0,0,0,0
1,957,0,0,0,0,0
1,958,0,0,0,0,0
1,959,0,0,0,0,0
1,960,0,0,0,0,0
1,961,0,0,0,0,0
1,962,0,0,0,0,0
1,963,0,0,0,0,0
1,964,0,0,0,0,0
1,965,0,0,0,0,0
1,966,0,0,0,0,0
1,967,0,0,0,0,0
1,968,0,0,0,0,0
1,969,0,0,0,0,0
1,970,0,0,0,0,0
1,971,0,0,0,0,0
1,972,0,0,0,0,0
1,973,0,0,0,0,0
1,974,0,0,0,0,0
1,975,0,0,0,0,0
1,976,0,0,0,0,0
1,977,0,0,0,0,0
1,978,0,0,0,0,0
1,979,0,0,0,0,0
1,980,0,0,0,0,0
1,981,0,0,0,0,0
1,982,0,0,0,0,0
1,983,0,0,0,0,0
1,984,0,0,0,0,0
1,985,0,0,0,0,0
1,986,0,0,0,0,0
1,987,0,0,0,0,0
1,988,0,0,0,0,0
1,989,0,0,0,0,0
1,990,0,0,0,0,0
1,991,0,0,0,0,0
1,992,0,0,0,0,0
1,993,0,0,0,0,0
1,994,0,0,0,0,0
1,995,0,0,0,0,0
1,996,0,0,0,0,0
1,997,0,0,0,0,0
1,998,0,0,0,0,0
1,999,0,0,0,0,0
2,0,0,0,0,0,0
2,1,0,0,0,0,0
2,2,0,0,0,0,0
2,3,0,0,0,0,0
2,4,0,0,0,0,0
2,5,0,0,0,0,0
2,6,0,0,0,0,0
2,7,0,0,0,0,0
2,8,0,0,0,0,0
2,9,0,0,0,0,0
2,10,0,0,0,0,0
2,11,0,0,0,0,0
2,12,0,0,0,0,0
2,13,0,0,0,0,0
2,14,0,0,0,0,0
2,15,0,0,0,0,0
2,16,0,0,0,0,0
2,17,0,0,0,0,0
2,18,0,0,0,0,0
2,19,0,0,0,0,0
2,20,0,0,0,0,0
2,21,0,0,0,0,0
2,22,0,0,0,0,0
2,23,0,0,0,0,0
2,24,0,0,0,0,0
2,25,0,0,0,0,0
2,26,0,0,0,0,0
2,27,0,0,0,0,0
2,28,0,0,0,0,0
2,29,0,0,0,0,0
2,30,0,0,0,0,0
2,31,0,0,0,0,0
2,32,0,0,0,0,0
2,33,0,0,0,0,0
2,34,0,0,0,0,0
2,35,0,0,0,0,0
2,36,0,0,0,0,0
2,37,0,0,0,0,0
2,38,0,0,0,0,0
2,39,0,0,0,0,0
2,40,0,0,0,0,0
2,41,0,0,0,0,0
2,42,0,0,0,0,0
2,43,0,0,0,0,0
2,44,0,0,0,0,0
2,45,0,0,0,0,0
2,46,0,0,0,0,0
2,47,0,0,0,0,0
2,48,0,0,0,0,0
2,49,0,0,0,0,0
2,50,0,0,0,0,0
2,51,0,0,0,0,0
2,52,0,0,0,0,0
2,53,0,0,0,0,0
2,54,0,0,0,0,0
2,55,0,0,0,0,0
2,56,0,0,0,0,0
2,57,0,0,0,0,0
2,58,0,0,0,0,0
2,59,0,0,0,0,0
2,60,0,0,0,0,0
2,61,0,0,0,0,0
2,62,0,0,0,0,0
2,63,0,0,0,0,0
2,64,0,0,0,0,0
2,65,0,0,0,0,0
2,66,0,0,0,0,0
2,67,0,0,0,0,0
2,68,0,0,0,0,0
2,69,0,0,0,0,0
2,70,0,0,0,0,0
2,71,0,0,0,0,0
2,72,0,0,0,0,0
2,73,0,0,0,0,0
2,74,0,0,0,0,0
2,75,0,0,0,0,0
2,76,0,0,0,0,0
2,77,0,0,0,0,0
2,78,0,0,0,0,0
2,79,0,0,0,0,0
2,80,0,0,0,0,0
2,81,0,0,0,0,0
2,82,0,0,0,0,0
2,83,0,0,0,0,0
2,84,0,0,0,0,0
2,85,0,0,0,0,0
2,86,0,0,0,0,0
2,87,0,0,0,0,0
2,88,0,0,0,0,0
2,89,0,0,0,0,0
2,90,0,0,0,0,0
2,91,0,0,0,0,0
2,92,0,0,0,0,0
2,93,0,0,0,0,0
2,94,0,0,0,0,0
2,95,0,0,0,0,0
2,96,0,0,0,0,0
2,97,0,0,0,0,0
2,98,0,0,0,0,0
2,99,0,0,0,0,0
2,100,0,0,0,0,0
2,101,0,0,0,0,0
2,102,0,0,0,0,0
2,103,0,0,0,0,0
2,104,0,0,0,0,0
2,105,0,0,0,0,0
2,106,0,0,0,0,0
2,107,0,0,0,0,0
2,108,0,0,0,0,0
2,109,0,0,0,0,0
2,110,0,0,0,0,0
2,111,0,0,0,0,0
2,112,0,0,0,0,0
2,113,0,0,0,0,0
2,114,0,0,0,0,0
2,115,0,0,0,0,0
2,116,0,0,0,0,0
2,117,0,0,0,0,0
2,118,0,0,0,0,0
2,119,0,0,0,0,0
2,120,0,0,0,0,0
2,121,0,0,0,0,0
2,122,0,0,0,0,0
2,123,0,0,0,0,0
2,124,0,0,0,0,0
2,125,0,0,0,0,0
2,126,0,0,0,0,0
2,127,0,0,0,0,0
2,128,0,0,0,0,0
2,129,0,0,0,0,0
2,130,0,0,0,0,0
2,131,0,0,0,0,0
2,132,0,0,0,0,0
2,133,0,0,0,0,0
2,134,0,0,0,0,0
2,135,0,0,0,0,0
2,136,0,0,0,0,0
2,137,0,0,0,0,0
2,138,0,0,0,0,0
2,139,0,0,0,0,0
2,140,0,0,0,0,0
2,141,0,0,0,0,0
2,142,0,0,0,0,0
2,143,0,0,0,0,0
2,144,0,0,0,0,0
2,145,0,0,0,0,0
2,146,0,0,0,0,0
2,147,0,0,0,0,0
2,148,0,0,0,0,0
2,149,0,0,0,0,0
2,150,0,0,0,0,0
2,151,0,0,0,0,0
2,152,0,0,0,0,0
2,153,0,0,0,0,0
2,154,0,0,0,0,0
2,155,0,0,0,0,0
2,156,0,0,0,0,0
2,157,0,0,0,0,0
2,158,0,0,0,0,0
2,159,0,0,0,0,0
2,160,0,0,0,0,0
2,161,0,0,0,0,0
2,162,0,0,0,0,0
2,163,0,0,0,0,0
2,164,0,0,0,0,0
2,165,0,0,0,0,0
2,166,0,0,0,0,0
2,167,0,0,0,0,0
2,168,0,0,0,0,0
2,169,0,0,0,0,0
2,170,0,0,0,0,0
2,171,0,0,0,0,0
2,172,0,0,0,0,0
2,173,0,0,0,0,0
2,174,0,0,0,0,0
2,175,0,0,0,0,0
2,176,0,0,0,0,0
2,177,0,0,0,0,0
2,178,0,0,0,0,0
2,179,0,0,0,0,0
2,180,0,0,0,0,0
2,181,0,0,0,0,0
2,182,0,0,0,0,0
2,183,0,0,0,0,0
2,184,0,0,0,0,0
2,185,0,0,0,0,0
2,186,0,0,0,0,0
2,187,0,0,0,0,0
2,188,0,0,0,0,0
2,189,0,0,0,0,0
2,190,0,0,0,0,0
2,191,0,0,0,0,0
2,192,0,0,0,0,0
2,193,0,0,0,0,0
2,194,0,0,0,0,0
2,195,0,0,0,0,0
2,196,0,0,0,0,0
2,197,0,0,0,0,0
2,198,0,0,0,0,0
2,199,0,0,0,0,0
2,200,0,0,0,0,0
2,201,0,0,0,0,0
2,202,0,0,0,0,0
2,203,0,0,0,0,0
2,204,0,0,0,0,0
2,205,0,0,0,0,0
2,206,0,0,0,0,0
2,207,0,0,0,0,0
2,208,0,0,0,0,0
2,209,0,0,0,0,0
2,210,0,0,0,0,0
2,211,0,0,0,0,0
2,212,0,0,0,0,0
2,213,0,0,0,0,0
2,214,0,0,0,0,0
2,215,0,0,0,0,0
2,216,0,0,0,0,0
2,217,0,0,0,0,0
2,218,0,0,0,0,0
2,219,0,0,0,0,0
2,220,0,0,0,0,0
2,221,0,0,0,0,0
2,222,0,0,0,0,0
2,223,0,0,0,0,0
2,224,0,0,0,0,0
2,225,0,0,0,0,0
2,226,0,0,0,0,0
2,227,0,0,0,0,0
2,228,0,0,0,0,0
2,229,0,0,0,0,0
2,230,0,0,0,0,0
2,231,0,0,0,0,0
2,232,0,0,0,0,0
2,233,0,0,0,0,0
2,234,0,0,0,0,0
2,235,0,0,0,0,0
2,236,0,0,0,0,0
2,237,0,0,0,0,0
2,238,0,0,0,0,0
2,239,0,0,0,0,0
2,240,0,0,0,0,0
2,241,0,0,0,0,0
2,242,0,0,0,0,0
2,243,0,0,0,0,0
2,244,0,0,0,0,0
2,245,0,0,0,0,0
2,246,0,0,0,0,0
2,247,0,0,0,0,0
2,248,0,0,0,0,0
2,249,0,0,0,0,0
2,250,0,0,0,0,0
2,251,0,0,0,0,0
2,252,0,0,0,0,0
2,253,0,0,0,0,0
2,254,0,0,0,0,0
2,255,0,0,0,0,0
2,256,0,0,0,0,0
2,257,0,0,0,0,0
2,258,0,0,0,0,0
2,259,0,0,0,0,0
2,260,0,0,0,0,0
2,261,0,0,0,0,0
2,262,0,0,0,0,0
2,263,0,0,0,0,0
2,264,0,0,0,0,0
2,265,0,0,0,0,0
2,266,0,0,0,0,0
2,267,0,0,0,0,0
2,268,0,0,0,0,0
2,269,0,0,0,0,0
2,270,0,0,0,0,0
2,271,0,0,0,0,0
2,272,0,0,0,0,0
2,273,0,0,0,0,0
2,274,0,0,0,0,0
2,275,0,0,0,0,0
2,276,0,0,0,0,0
2,277,0,0,0,0,0
2,278,0,0,0,0,0
2,279,0,0,0,0,0
2,280,0,0,0,0,0
2,281,0,0,0,0,0
2,282,0,0,0,0,0
2,283,0,0,0,0,0
2,284,0,0,0,0,0
2,285,0,0,0,0,0
2,286,0,0,0,0,0
2,287,0,0,0,0,0
2,288,0,0,0,0,0
2,289,0,0,0,0,0
2,290,0,0,0,0,0
2,291,0,0,0,0,0
2,292,0,0,0,0,0
2,293,0,0,0,0,0
2,294,0,0,0,0,0
2,295,0,0,0,0,0
2,296,0,0,0,0,0
2,297,0,0,0,0,0
2,298,0,0,0,0,0
2,299,0,0,0,0,0
2,300,0,0,0,0,0
2,301,0,0,0,0,0
2,302,0,0,0,0,0
2,303,0,0,0,0,0
2,304,0,0,0,0,0
2,305,0,0,0,0,0
2,306,0,0,0,0,0
2,307,0,0,0,0,0
2,308,0,0,0,0,0
2,309,0,0,0,0,0
2,310,0,0,0,0,0
2,311,0,0,0,0,0
2,312,0,0,0,0,0
2,313,0,0,0,0,0
2,314,0,0,0,0,0
2,315,0,0,0,0,0
2,316,0,0,0,0,0
2,317,0,0,0,0,0
2,318,0,0,0,0,0
2,319,0,0,0,0,0
2,320,0,0,0,0,0
2,321,0,0,0,0,0
2,322,0,0,0,0,0
2,323,0,0,0,0,0
2,324,0,0,0,0,0
2,325,0,0,0,0,0
2,326,0,0,0,0,0
2,327,0,0,0,0,0
2,328,0,0,0,0,0
2,329,0,0,0,0,0
2,330,0,0,0,0,0
2,331,0,0,0,0,0
2,332,0,0,0,0,0
2,333,0,0,0,0,0
2,334,0,0,0,0,0
2,335,0,0,0,0,0
2,336,0,0,0,0,0
2,337,0,0,0,0,0
2,338,0,0,0,0,0
2,339,0,0,0,0,0
2,340,0,0,0,0,0
2,341,0,0,0,0,0
2,342,0,0,0,0,0
2,343,0,0,0,0,0
2,344,0,0,0,0,0
2,345,0,0,0,0,0
2,346,0,0,0,0,0
2,347,0,0,0,0,0
2,348,0,0,0,0,0
2,349,0,0,0,0,0
2,350,0,0,0,0,0
2,351,0,0,0,0,0
2,352,0,0,0,0,0
2,353,0,0,0,0,0
2,354,0,0,0,0,0
2,355,0,0,0,0,0
2,356,0,0,0,0,0
2,357,0,0,0,0,0
2,358,0,0,0,0,0
2,359,0,0,0,0,0
2,360,0,0,0,0,0
2,361,0,0,0,0,0
2,362,0,0,0,0,0
2,363,0,0,0,0,0
2,364,0,0,0,0,0
2,365,0,0,0,0,0
2,366,0,0,0,0,0
2,367,0,0,0,0,0
2,368,0,0,0,0,0
2,369,0,0,0,0,0
2,370,0,0,0,0,0
2,371,0,0,0,0,0
2,372,0,0,0,0,0
2,373,0,0,0,0,0
2,374,0,0,0,0,0
2,375,0,0,0,0,0
2,376,0,0,0,0,0
2,377,0,0,0,0,0
2,378,0,0,0,0,0
2,379,0,0,0,0,0
2,380,0,0,0,0,0
2,381,0,0,0,0,0
2,382,0,0,0,0,0
2,383,0,0,0,0,0
2,384,0,0,0,0,0
2,385,0,0,0,0,0
2,386,0,0,0,0,0
2,387,0,0,0,0,0
2,388,0,0,0,0,0
2,389,0,0,0,0,0
2,390,0,0,0,0,0
2,391,0,0,0,0,0
2,392,0,0,0,0,0
2,393,0,0,0,0,0
2,394,0,0,0,0,0
2,395,0,0,0,0,0
2,396,0,0,0,0,0
2,397,0,0,0,0,0
2,398,0,0,0,0,0
2,399,0,0,0,0,0
2,400,0,0,0,0,0
2,401,0,0,0,0,0
2,402,0,0,0,0,0
2,403,0,0,0,0,0
2,404,0,0,0,0,0
2,405,0,0,0,0,0
2,406,0,0,0,0,0
2,407,0,0,0,0,0
2,408,0,0,0,0,0
2,409,0,0,0,0,0
2,410,0,0,0,0,0
2,411,0,0,0,0,0
2,412,0,0,0,0,0
2,413,0,0,0,0,0
2,414,0,0,0,0,0
2,415,0,0,0,0,0
2,416,0,0,0,0,0
2,417,0,0,0,0,0
2,418,0,0,0,0,0
2,419,0,0,0,0,0
2,420,0,0,0,0,0
2,421,0,0,0,0,0
2,422,0,0,0,0,0
2,423,0,0,0,0,0
2,424,0,0,0,0,0
2,425,0,0,0,0,0
2,426,0,0,0,0,0
2,427,0,0,0,0,0
2,428,0,0,0,0,0
2,429,0,0,0,0,0
2,430,0,0,0,0,0
2,431,0,0,0,0,0
2,432,0,0,0,0,0
2,433,0,0,0,0,0
2,434,0,0,0,0,0
2,435,0,0,0,0,0
2,436,0,0,0,0,0
2,437,0,0,0,0,0
2,438,0,0,0,0,0
2,439,0,0,0,0,0
2,440,0,0,0,0,0
2,441,0,0,0,0,0
2,442,0,0,0,0,0
2,443,0,0,0,0,0
2,444,0,0,0,0,0
2,445,0,0,0,0,0
2,446,0,0,0,0,0
2,447,0,0,0,0,0
2,448,0,0,0,0,0
2,449,0,0,0,0,0
2,450,0,0,0,0,0
2,451,0,0,0,0,0
2,452,0,0,0,0,0
2,453,0,0,0,0,0
2,454,0,0,0,0,0
2,455,0,0,0,0,0
2,456,0,0,0,0,0
2,457,0,0,0,0,0
2,458,0,0,0,0,0
2,459,0,0,0,0,0
2,460,0,0,0,0,0
2,461,0,0,0,0,0
2,462,0,0,0,0,0
2,463,0,0,0,0,0
2,464,0,0,0,0,0
2,465,0,0,0,0,0
2,466,0,0,0,0,0
2,467,0,0,0,0,0
2,468,0,0,0,0,0
2,469,0,0,0,0,0
2,470,0,0,0,0,0
2,471,0,0,0,0,0
2,472,0,0,0,0,0
2,473,0,0,0,0,0
2,474,0,0,0,0,0
2,475,0,0,0,0,0
2,476,0,0,0,0,0
2,477,0,0,0,0,0
2,478,0,0,0,0,0
2,479,0,0,0,0,0
2,480,0,0,0,0,0
2,481,0,0,0,0,0
2,482,0,0,0,0,0
2,483,0,0,0,0,0
2,484,0,0,0,0,0
2,485,0,0,0,0,0
2,486,0,0,0,0,0
2,487,0,0,0,0,0
2,488,0,0,0,0,0
2,489,0,0,0,0,0
2,490,0,0,0,0,0
2,491,0,0,0,0,0
2,492,0,0,0,0,0
2,493,0,0,0,0,0
2,494,0,0,0,0,0
2,495,0,0,0,0,0
2,496,0,0,0,0,0
2,497,0,0,0,0,0
2,498,0,0,0,0,0
2,499,0,0,0,0,0
2,500,0,0,0,0,0
2,501,0,0,0,0,0
2,502,0,0,0,0,0
2,503,0,0,0,0,0
2,504,0,0,0,0,0
2,505,0,0,0,0,0
2,506,0,0,0,0,0
2,507,0,0,0,0,0
2,508,0,0,0,0,0
2,509,0,0,0,0,0
2,510,0,0,0,0,0
2,511,0,0,0,0,0
2,512,0,0,0,0,0
2,513,0,0,0,0,0
2,514,0,0,0,0,0
2,515,0,0,0,0,0
2,516,0,0,0,0,0
2,517,0,0,0,0,0
2,518,0,0,0,0,0
2,519,0,0,0,0,0
2,520,0,0,0,0,0
2,521,0,0,0,0,0
2,522,0,0,0,0,0
2,523,0,0,0,0,0
2,524,0,0,0,0,0
2,525,0,0,0,0,0
2,526,0,0,0,0,0
2,527,0,0,0,0,0
2,528,0,0,0,0,0
2,529,0,0,0,0,0
2,530,0,0,0,0,0
2,531,0,0,0,0,0
2,532,0,0,0,0,0
2,533,0,0,0,0,0
2,534,0,0,0,0,0
2,535,0,0,0,0,0
2,536,0,0,0,0,0
2,537,0,0,0,0,0
2,538,0,0,0,0,0
2,539,0,0,0,0,0
2,540,0,0,0,0,0
2,541,0,0,0,0,0
2,542,0,0,0,0,0
2,543,0,0,0,0,0
2,544,0,0,0,0,0
2,545,0,0,0,0,0
2,546,0,0,0,0,0
2,547,0,0,0,0,0
2,548,0,0,0,0,0
2,549,0,0,0,0,0
2,550,0,0,0,0,0
2,551,0,0,0,0,0
2,552,0,0,0,0,0
2,553,0,0,0,0,0
2,554,0,0,0,0,0
2,555,0,0,0,0,0
2,556,0,0,0,0,0
2,557,0,0,0,0,0
2,558,0,0,0,0,0
2,559,0,0,0,0,0
2,560,0,0,0,0,0
2,561,0,0,0,0,0
2,562,0,0,0,0,0
2,563,0,0,0,0,0
2,564,0,0,0,0,0
2,565,0,0,0,0,0
2,566,0,0,0,0,0
2,567,0,0,0,0,0
2,568,0,0,0,0,0
2,569,0,0,0,0,0
2,570,0,0,0,0,0
2,571,0,0,0,0,0
2,572,0,0,0,0,0
2,573,0,0,0,0,0
2,574,0,0,0,0,0
2,575,0,0,0,0,0
2,576,0,0,0,0,0
2,577,0,0,0,0,0
2,578,0,0,0,0,0
2,579,0,0,0,0,0
2,580,0,0,0,0,0
2,581,0,0,0,0,0
2,582,0,0,0,0,0
2,583,0,0,0,0,0
2,584,0,0,0,0,0
2,585,0,0,0,0,0
2,586,0,0,0,0,0
2,587,0,0,0,0,0
2,588,0,0,0,0,0
2,589,0,0,0,0,0
2,590,0,0,0,0,0
2,591,0,0,0,0,0
2,592,0,0,0,0,0
2,593,0,0,0,0,0
2,594,0,0,0,0,0
2,595,0,0,0,0,0
2,596,0,0,0,0,0
2,597,0,0,0,0,0
2,598,0,0,0,0,0
2,599,0,0,0,0,0
2,600,0,0,0,0,0
2,601,0,0,0,0,0
2,602,0,0,0,0,0
2,603,0,0,0,0,0
2,604,0,0,0,0,0
2,605,0,0,0,0,0
2,606,0,0,0,0,0
2,607,0,0,0,0,0
2,608,0,0,0,0,0
2,609,0,0,0,0,0
2,610,0,0,0,0,0
2,611,0,0,0,0,0
2,612,0,0,0,0,0
2,613,0,0,0,0,0
2,614,0,0,0,0,0
2,615,0,0,0,0,0
2,616,0,0,0,0,0
2,617,0,0,0,0,0
2,618,0,0,0,0,0
2,619,0,0,0,0,0
2,620,0,0,0,0,0
2,621,0,0,0,0,0
2,622,0,0,0,0,0
2,623,0,0,0,0,0
2,624,0,0,0,0,0
2,625,0,0,0,0,0
2,626,0,0,0,0,0
2,627,0,0,0,0,0
2,628,0,0,0,0,0
2,629,0,0,0,0,0
2,630,0,0,0,0,0
2,631,0,0,0,0,0
2,632,0,0,0,0,0
2,633,0,0,0,0,0
2,634,0,0,0,0,0
2,635,0,0,0,0,0
2,636,0,0,0,0,0
2,637,0,0,0,0,0
2,638,0,0,0,0,0
2,639,0,0,0,0,0
2,640,0,0,0,0,0
2,641,0,0,0,0,0
2,642,0,0,0,0,0
2,643,0,0,0,0,0
2,644,0,0,0,0,0
2,645,0,0,0,0,0
2,646,0,0,0,0,0
2,647,0,0,0,0,0
2,648,0,0,0,0,0
2,649,0,0,0,0,0
2,650,0,0,0,0,0
2,651,0,0,0,0,0
2,652,0,0,0,0,0
2,653,0,0,0,0,0
2,654,0,0,0,0,0
2,655,0,0,0,0,0
2,656,0,0,0,0,0
2,657,0,0,0,0,0
2,658,0,0,0,0,0
2,659,0,0,0,0,0
2,660,0,0,0,0,0
2,661,0,0,0,0,0
2,662,0,0,0,0,0
2,663,0,0,0,0,0
2,664,0,0,0,0,0
2,665,0,0,0,0,0
2,666,0,0,0,0,0
2,667,0,0,0,0,0
2,668,0,0,0,0,0
2,669,0,0,0,0,0
2,670,0,0,0,0,0
2,671,0,0,0,0,0
2,672,0,0,0,0,0
2,673,0,0,0,0,0
2,674,0,0,0,0,0
2,675,0,0,0,0,0
2,676,0,0,0,0,0
2,677,0,0,0,0,0
2,678,0,0,0,0,0
2,679,0,0,0,0,0
2,680,0,0,0,0,0
2,681,0,0,0,0,0
2,682,0,0,0,0,0
2,683,0,0,0,0,0
2,684,0,0,0,0,0
2,685,0,0,0,0,0
2,686,0,0,0,0,0
2,687,0,0,0,0,0
2,688,0,0,0,0,0
2,689,0,0,0,0,0
2,690,0,0,0,0,0
2,691,0,0,0,0,0
2,692,0,0,0,0,0
2,693,0,0,0,0,0
2,694,0,0,0,0,0
2,695,0,0,0,0,0
2,696,0,0,0,0,0
2,697,0,0,0,0,0
2,698,0,0,0,0,0
2,699,0,0,0,0,0
2,700,0,0,0,0,0
2,701,0,0,0,0,0
2,702,0,0,0,0,0
2,703,0,0,0,0,0
2,704,0,0,0,0,0
2,705,0,0,0,0,0
2,706,0,0,0,0,0
2,707,0,0,0,0,0
2,708,0,0,0,0,0
2,709,0,0,0,0,0
2,710,0,0,0,0,0
2,711,0,0,0,0,0
2,712,0,0,0,0,0
2,713,0,0,0,0,0
2,714,0,0,0,0,0
2,715,0,0,0,0,0
2,716,0,0,0,0,0
2,717,0,0,0,0,0
2,718,0,0,0,0,0
2,719,0,0,0,0,0
2,720,0,0,0,0,0
2,721,0,0,0,0,0
2,722,0,0,0,0,0
2,723,0,0,0,0,0
2,724,0,0,0,0,0
2,725,0,0,0,0,0
2,726,0,0,0,0,0
2,727,0,0,0,0,0
2,728,0,0,0,0,0
2,729,0,0,0,0,0
2,730,0,0,0,0,0
2,731,0,0,0,0,0
2,732,0,0,0,0,0
2,733,0,0,0,0,0
2,734,0,0,0,0,0
2,735,0,0,0,0,0
2,736,0,0,0,0,0
2,737,0,0,0,0,0
2,738,0,0,0,0,0
2,739,0,0,0,0,0
2,740,0,0,0,0,0
2,741,0,0,0,0,0
2,742,0,0,0,0,0
2,743,0,0,0,0,0
2,744,0,0,0,0,0
2,745,0,0,0,0,0
2,746,0,0,0,0,0
2,747,0,0,0,0,0
2,748,0,0,0,0,0
2,749,0,0,0,0,0
2,750,0,0,0,0,0
2,751,0,0,0,0,0
2,752,0,0,0,0,0
2,753,0,0,0,0,0
2,754,0,0,0,0,0
2,755,0,0,0,0,0
2,756,0,0,0,0,0
2,757,0,0,0,0,0
2,758,0,0,0,0,0
2,759,0,0,0,0,0
2,760,0,0,0,0,0
2,761,0,0,0,0,0
2,762,0,0,0,0,0
2,763,0,0,0,0,0
2,764,0,0,0,0,0
2,765,0,0,0,0,0
2,766,0,0,0,0,0
2,767,0,0,0,0,0
2,768,0,0,0,0,0
2,769,0,0,0,0,0
2,770,0,0,0,0,0
2,771,0,0,0,0,0
2,772,0,0,0,0,0
2,773,0,0,0,0,0
2,774,0,0,0,0,0
2,775,0,0,0,0,0
2,776,0,0,0,0,0
2,777,0,0,0,0,0
2,778,0,0,0,0,0
2,779,0,0,0,0,0
2,780,0,0,0,0,0
2,781,0,0,0,0,0
2,782,0,0,0,0,0
2,783,0,0,0,0,0
2,784,0,0,0,0,0
2,785,0,0,0,0,0
2,786,0,0,0,0,0
2,787,0,0,0,0,0
2,788,0,0,0,0,0
2,789,0,0,0,0,0
2,790,0,0,0,0,0
2,791,0,0,0,0,0
2,792,0,0,0,0,0
2,793,0,0,0,0,0
2,794,0,0,0,0,0
2,795,0,0,0,0,0
2,796,0,0,0,0,0
2,797,0,0,0,0,0
2,798,0,0,0,0,0
2,799,0,0,0,0,0
2,800,0,0,0,0,0
2,801,0,0,0,0,0
2,802,0,0,0,0,0
2,803,0,0,0,0,0
2,804,0,0,0,0,0
2,805,0,0,0,0,0
2,806,0,0,0,0,0
2,807,0,0,0,0,0
2,808,0,0,0,0,0
2,809,0,0,0,0,0
2,810,0,0,0,0,0
2,811,0,0,0,0,0
2,812,0,0,0,0,0
2,813,0,0,0,0,0
2,814,0,0,0,0,0
2,815,0,0,0,0,0
2,816,0,0,0,0,0
2,817,0,0,0,0,0
2,818,0,0,0,0,0
2,819,0,0,0,0,0
2,820,0,0,0,0,0
2,821,0,0,0,0,0
2,822,0,0,0,0,0
2,823,0,0,0,0,0
2,824,0,0,0,0,0
2,825,0,0,0,0,0
2,826,0,0,0,0,0
2,827,0,0,0,0,0
2,828,0,0,0,0,0
2,829,0,0,0,0,0
2,830,0,0,0,0,0
2,831,0,0,0,0,0
2,832,0,0,0,0,0
2,833,0,0,0,0,0
2,834,0,0,0,0,0
2,835,0,0,0,0,0
2,836,0,0,0,0,0
2,837,0,0,0,0,0
2,838,0,0,0,0,0
2,839,0,0,0,0,0
2,840,0,0,0,0,0
2,841,0,0,0,0,0
2,842,0,0,0,0,0
2,843,0,0,0,0,0
2,844,0,0,0,0,0
2,845,0,0,0,0,0
2,846,0,0,0,0,0
2,847,0,0,0,0,0
2,848,0,0,0,0,0
2,849,0,0,0,0,0
2,850,0,0,0,0,0
2,851,0,0,0,0,0
2,852,0,0,0,0,0
2,853,0,0,0,0,0
2,854,0,0,0,0,0
2,855,0,0,0,0,0
2,856,0,0,0,0,0
2,857,0,0,0,0,0
2,858,0,0,0,0,0
2,859,0,0,0,0,0
2,860,0,0,0,0,0
2,861,0,0,0,0,0
2,862,0,0,0,0,0
2,863,0,0,0,0,0
2,864,0,0,0,0,0
2,865,0,0,0,0,0
2,866,0,0,0,0,0
2,867,0,0,0,0,0
2,868,0,0,0,0,0
2,869,0,0,0,0,0
2,870,0,0,0,0,0
2,871,0,0,0,0,0
2,872,0,0,0,0,0
2,873,0,0,0,0,0
2,874,0,0,0,0,0
2,875,0,0,0,0,0
2,876,0,0,0,0,0
2,877,0,0,0,0,0
2,878,0,0,0,0,0
2,879,0,0,0,0,0
2,880,0,0,0,0,0
2,881,0,0,0,0,0
2,882,0,0,0,0,0
2,883,0,0,0,0,0
2,884,0,0,0,0,0
2,885,0,0,0,0,0
2,886,0,0,0,0,0
2,887,0,0,0,0,0
2,888,0,0,0,0,0
2,889,0,0,0,0,0
2,890,0,0,0,0,0
2,891,0,0,0,0,0
2,892,0,0,0,0,0
2,893,0,0,0,0,0
2,894,0,0,0,0,0
2,895,0,0,0,0,0
2,896,0,0,0,0,0
2,897,0,0,0,0,0
2,898,0,0,0,0,0
2,899,0,0,0,0,0
2,900,0,0,0,0,0
2,901,0,0,0,0,0
2,902,0,0,0,0,0
2,903,0,0,0,0,0
2,904,0,0,0,0,0
2,905,0,0,0,0,0
2,906,0,0,0,0,0
2,907,0,0,0,0,0
2,908,0,0,0,0,0
2,909,0,0,0,0,0
2,910,0,0,0,0,0
2,911,0,0,0,0,0
2,912,0,0,0,0,0
2,913,0,0,0,0,0
2,914,0,0,0,0,0
2,915,0,0,0,0,0
2,916,0,0,0,0,0
2,917,0,0,0,0,0
2,918,0,0,0,0,0
2,919,0,0,0,0,0
2,920,0,0,0,0,0
2,921,0,0,0,0,0
2,922,0,0,0,0,0
2,923,0,0,0,0,0
2,924,0,0,0,0,0
2,925,0,0,0,0,0
2,926,0,0,0,0,0
2,927,0,0,0,0,0
2,928,0,0,0,0,0
2,929,0,0,0,0,0
2,930,0,0,0,0,0
2,931,0,0,0,0,0
2,932,0,0,0,0,0
2,933,0,0,0,0,0
2,934,0,0,0,0,0
2,935,0,0,0,0,0
2,936,0,0,0,0,0
2,937,0,0,0,0,0
2,938,0,0,0,0,0
2,939,0,0,0,0,0
2,940,0,0,0,0,0
2,941,0,0,0,0,0
2,942,0,0,0,0,0
2,943,0,0,0,0,0
2,944,0,0,0,0,0
2,945,0,0,0,0,0
2,946,0,0,0,0,0
2,947,0,0,0,0,0
2,948,0,0,0,0,0
2,949,0,0,0,0,0
2,950,0,0,0,0,0
2,951,0,0,0,0,0
2,952,0,0,0,0,0
2,953,0,0,0,0,0
2,954,0,0,0,0,0
2,955,0,0,0,0,0
2,956,0,0,0,0,0
2,957,0,0,0,0,0
2,958,0,0,0,0,0
2,959,0,0,0,0,0
2,960,0,0,0,0,0
2,961,0,0,0,0,0
2,962,0,0,0,0,0
2,963,0,0,0,0,0
2,964,0,0,0,0,0
2,965,0,0,0,0,0
2,966,0,0,0,0,0
2,967,0,0,0,0,0
2,968,0,0,0,0,0
2,969,0,0,0,0,0
2,970,0,0,0,0,0
2,971,0,0,0,0,0
2,972,0,0,0,0,0
2,973,0,0,0,0,0
2,974,0,0,0,0,0
2,975,0,0,0,0,0
2,976,0,0,0,0,0
2,977,0,0,0,0,0
2,978,0,0,0,0,0
2,979,0,0,0,0,0
2,980,0,0,0,0,0
2,981,0,0,0,0,0
2,982,0,0,0,0,0
2,983,0,0,0,0,0
2,984,0,0,0,0,0
2,985,0,0,0,0,0
2,986,0,0,0,0,0
2,987,0,0,0,0,0
2,988,0,0,0,0,0
2,989,0,0,0,0,0
2,990,0,0,0,0,0
2,991,0,0,0,0,0
2,992,0,0,0,0,0
2,993,0,0,0,0,0
2,994,0,0,0,0,0
2,995,0,0,0,0,0
2,996,0,0,0,0,0
2,997,0,0,0,0,0
2,998,0,0,0,0,0
2,999,0,0,0,0,0
3,0,0,0,0,0,0
3,1,0,0,0,0,0
3,2,0,0,0,0,0
3,3,0,0,0,0,0
3,4,0,0,0,0,0
3,5,0,0,0,0,0
3,6,0,0,0,0,0
3,7,0,0,0,0,0
3,8,0,0,0,0,0
3,9,0,0,0,0,0
3,10,0,0,0,0,0
3,11,0,0,0,0,0
3,12,0,0,0,0,0
3,13,0,0,0,0,0
3,14,0,0,0,0,0
3,15,0,0,0,0,0
3,16,0,0,0,0,0
3,17,0,0,0,0,0
3,18,0,0,0,0,0
3,19,0,0,0,0,0
3,20,0,0,0,0,0
3,21,0,0,0,0,0
3,22,0,0,0,0,0
3,23,0,0,0,0,0
3,24,0,0,0,0,0
3,25,0,0,0,0,0
3,26,0,0,0,0,0
3,27,0,0,0,0,0
3,28,0,0,0,0,0
3,29,0,0,0,0,0
3,30,0,0,0,0,0
3,31,0,0,0,0,0
3,32,0,0,0,0,0
3,33,0,0,0,0,0
3,34,0,0,0,0,0
3,35,0,0,0,0,0
3,36,0,0,0,0,0
3,37,0,0,0,0,0
3,38,0,0,0,0,0
3,39,0,0,0,0,0
3,40,0,0,0,0,0
3,41,0,0,0,0,0
3,42,0,0,0,0,0
3,43,0,0,0,0,0
3,44,0,0,0,0,0
3,45,0,0,0,0,0
3,46,0,0,0,0,0
3,47,0,0,0,0,0
3,48,0,0,0,0,0
3,49,0,0,0,0,0
3,50,0,0,0,0,0
3,51,0,0,0,0,0
3,52,0,0,0,0,0
3,53,0,0,0,0,0
3,54,0,0,0,0,0
3,55,0,0,0,0,0
3,56,0,0,0,0,0
3,57,0,0,0,0,0
3,58,0,0,0,0,0
3,59,0,0,0,0,0
3,60,0,0,0,0,0
3,61,0,0,0,0,0
3,62,0,0,0,0,0
3,63,0,0,0,0,0
3,64,0,0,0,0,0
3,65,0,0,0,0,0
3,66,0,0,0,0,0
3,67,0,0,0,0,0
3,68,0,0,0,0,0
3,69,0,0,0,0,0
3,70,0,0,0,0,0
3,71,0,0,0,0,0
3,72,0,0,0,0,0
3,73,0,0,0,0,0
3,74,0,0,0,0,0
3,75,0,0,0,0,0
3,76,0,0,0,0,0
3,77,0,0,0,0,0
3,78,0,0,0,0,0
3,79,0,0,0,0,0
3,80,0,0,0,0,0
3,81,0,0,0,0,0
3,82,0,0,0,0,0
3,83,0,0,0,0,0
3,84,0,0,0,0,0
3,85,0,0,0,0,0
3,86,0,0,0,0,0
3,87,0,0,0,0,0
3,88,0,0,0,0,0
3,89,0,0,0,0,0
3,90,0,0,0,0,0
3,91,0,0,0,0,0
3,92,0,0,0,0,0
3,93,0,0,0,0,0
3,94,0,0,0,0,0
3,95,0,0,0,0,0
3,96,0,0,0,0,0
3,97,0,0,0,0,0
3,98,0,0,0,0,0
3,99,0,0,0,0,0
3,100,0,0,0,0,0
3,101,0,0,0,0,0
3,102,0,0,0,0,0
3,103,0,0,0,0,0
3,104,0,0,0,0,0
3,105,0,0,0,0,0
3,106,0,0,0,0,0
3,107,0,0,0,0,0
3,108,0,0,0,0,0
3,109,0,0,0,0,0
3,110,0,0,0,0,0
3,111,0,0,0,0,0
3,112,0,0,0,0,0
3,113,0,0,0,0,0
3,114,0,0,0,0,0
3,115,0,0,0,0,0
3,116,0,0,0,0,0
3,117,0,0,0,0,0
3,118,0,0,0,0,0
3,119,0,0,0,0,0
3,120,0,0,0,0,0
3,121,0,0,0,0,0
3,122,0,0,0,0,0
3,123,0,0,0,0,0
3,124,0,0,0,0,0
3,125,0,0,0,0,0
3,126,0,0,0,0,0
3,127,0,0,0,0,0
3,128,0,0,0,0,0
3,129,0,0,0,0,0
3,130,0,0,0,0,0
3,131,0,0,0,0,0
3,132,0,0,0,0,0
3,133,0,0,0,0,0
3,134,0,0,0,0,0
3,135,0,0,0,0,0
3,136,0,0,0,0,0
3,137,0,0,0,0,0
3,138,0,0,0,0,0
3,139,0,0,0,0,0
3,140,0,0,0,0,0
3,141,0,0,0,0,0
3,142,0,0,0,0,0
3,143,0,0,0,0,0
3,144,0,0,0,0,0
3,145,0,0,0,0,0
3,146,0,0,0,0,0
3,147,0,0,0,0,0
3,148,0,0,0,0,0
3,149,0,0,0,0,0
3,150,0,0,0,0,0
3,151,0,0,0,0,0
3,152,0,0,0,0,0
3,153,0,0,0,0,0
3,154,0,0,0,0,0
3,155,0,0,0,0,0
3,156,0,0,0,0,0
3,157,0,0,0,0,0
3,158,0,0,0,0,0
3,159,0,0,0,0,0
3,160,0,0,0,0,0
3,161,0,0,0,0,0
3,162,0,0,0,0,0
3,163,0,0,0,0,0
3,164,0,0,0,0,0
3,165,0,0,0,0,0
3,166,0,0,0,0,0
3,167,0,0,0,0,0
3,168,0,0,0,0,0
3,169,0,0,0,0,0
3,170,0,0,0,0,0
3,171,0,0,0,0,0
3,172,0,0,0,0,0
3,173,0,0,0,0,0
3,174,0,0,0,0,0
3,175,0,0,0,0,0
3,176,0,0,0,0,0
3,177,0,0,0,0,0
3,178,0,0,0,0,0
3,179,0,0,0,0,0
3,180,0,0,0,0,0
3,181,0,0,0,0,0
3,182,0,0,0,0,0
3,183,0,0,0,0,0
3,184,0,0,0,0,0
3,185,0,0,0,0,0
3,186,0,0,0,0,0
3,187,0,0,0,0,0
3,188,0,0,0,0,0
3,189,0,0,0,0,0
3,190,0,0,0,0,0
3,191,0,0,0,0,0
3,192,0,0,0,0,0
3,193,0,0,0,0,0
3,194,0,0,0,0,0
3,195,0,0,0,0,0
3,196,0,0,0,0,0
3,197,0,0,0,0,0
3,198,0,0,0,0,0
3,199,0,0,0,0,0
3,200,0,0,0,0,0
3,201,0,0,0,0,0
3,202,0,0,0,0,0
3,203,0,0,0,0,0
3,204,0,0,0,0,0
3,205,0,0,0,0,0
3,206,0,0,0,0,0
3,207,0,0,0,0,0
3,208,0,0,0,0,0
3,209,0,0,0,0,0
3,210,0,0,0,0,0
3,211,0,0,0,0,0
3,212,0,0,0,0,0
3,213,0,0,0,0,0
3,214,0,0,0,0,0
3,215,0,0,0,0,0
3,216,0,0,0,0,0
3,217,0,0,0,0,0
3,218,0,0,0,0,0
3,219,0,0,0,0,0
3,220,0,0,0,0,0
3,221,0,0,0,0,0
3,222,0,0,0,0,0
3,223,0,0,0,0,0
3,224,0,0,0,0,0
3,225,0,0,0,0,0
3,226,0,0,0,0,0
3,227,0,0,0,0,0
3,228,0,0,0,0,0
3,229,0,0,0,0,0
3,230,0,0,0,0,0
3,231,0,0,0,0,0
3,232,0,0,0,0,0
3,233,0,0,0,0,0
3,234,0,0,0,0,0
3,235,0,0,0,0,0
3,236,0,0,0,0,0
3,237,0,0,0,0,0
3,238,0,0,0,0,0
3,239,0,0,0,0,0
3,240,0,0,0,0,0
3,241,0,0,0,0,0
3,242,0,0,0,0,0
3,243,0,0,0,0,0
3,244,0,0,0,0,0
3,245,0,0,0,0,0
3,246,0,0,0,0,0
3,247,0,0,0,0,0
3,248,0,0,0,0,0
3,249,0,0,0,0,0
3,250,0,0,0,0,0
3,251,0,0,0,0,0
3,252,0,0,0,0,0
3,253,0,0,0,0,0
3,254,0,0,0,0,0
3,255,0,0,0,0,0
3,256,0,0,0,0,0
3,257,0,0,0,0,0
3,258,0,0,0,0,0
3,259,0,0,0,0,0
3,260,0,0,0,0,0
3,261,0,0,0,0,0
3,262,0,0,0,0,0
3,263,0,0,0,0,0
3,264,0,0,0,0,0
3,265,0,0,0,0,0
3,266,0,0,0,0,0
3,267,0,0,0,0,0
3,268,0,0,0,0,0
3,269,0,0,0,0,0
3,270,0,0,0,0,0
3,271,0,0,0,0,0
3,272,0,0,0,0,0
3,273,0,0,0,0,0
3,274,0,0,0,0,0
3,275,0,0,0,0,0
3,276,0,0,0,0,0
3,277,0,0,0,0,0
3,278,0,0,0,0,0
3,279,0,0,0,0,0
3,280,0,0,0,0,0
3,281,0,0,0,0,0
3,282,0,0,0,0,0
3,283,0,0,0,0,0
3,284,0,0,0,0,0
3,285,0,0,0,0,0
3,286,0,0,0,0,0
3,287,0,0,0,0,0
3,288,0,0,0,0,0
3,289,0,0,0,0,0
3,290,0,0,0,0,0
3,291,0,0,0,0,0
3,292,0,0,0,0,0
3,293,0,0,0,0,0
3,294,0,0,0,0,0
3,295,0,0,0,0,0
3,296,0,0,0,0,0
3,297,0,0,0,0,0
3,298,0,0,0,0,0
3,299,0,0,0,0,0
3,300,0,0,0,0,0
3,301,0,0,0,0,0
3,302,0,0,0,0,0
3,303,0,0,0,0,0
3,304,0,0,0,0,0
3,305,0,0,0,0,0
3,306,0,0,0,0,0
3,307,0,0,0,0,0
3,308,0,0,0,0,0
3,309,0,0,0,0,0
3,310,0,0,0,0,0
3,311,0,0,0,0,0
3,312,0,0,0,0,0
3,313,0,0,0,0,0
3,314,0,0,0,0,0
3,315,0,0,0,0,0
3,316,0,0,0,0,0
3,317,0,0,0,0,0
3,318,0,0,0,0,0
3,319,0,0,0,0,0
3,320,0,0,0,0,0
3,321,0,0,0,0,0
3,322,0,0,0,0,0
3,323,0,0,0,0,0
3,324,0,0,0,0,0
3,325,0,0,0,0,0
3,326,0,0,0,0,0
3,327,0,0,0,0,0
3,328,0,0,0,0,0
3,329,0,0,0,0,0
3,330,0,0,0,0,0
3,331,0,0,0,0,0
3,332,0,0,0,0,0
3,333,0,0,0,0,0
3,334,0,0,0,0,0
3,335,0,0,0,0,0
3,336,0,0,0,0,0
3,337,0,0,0,0,0
3,338,0,0,0,0,0
3,339,0,0,0,0,0
3,340,0,0,0,0,0
3,341,0,0,0,0,0
3,342,0,0,0,0,0
3,343,0,0,0,0,0
3,344,0,0,0,0,0
3,345,0,0,0,0,0
3,346,0,0,0,0,0
3,347,0,0,0,0,0
3,348,0,0,0,0,0
3,349,0,0,0,0,0
3,350,0,0,0,0,0
3,351,0,0,0,0,0
3,352,0,0,0,0,0
3,353,0,0,0,0,0
3,354,0,0,0,0,0
3,355,0,0,0,0,0
3,356,0,0,0,0,0
3,357,0,0,0,0,0
3,358,0,0,0,0,0
3,359,0,0,0,0,0
3,360,0,0,0,0,0
3,361,0,0,0,0,0
3,362,0,0,0,0,0
3,363,0,0,0,0,0
3,364,0,0,0,0,0
3,365,0,0,0,0,0
3,366,0,0,0,0,0
3,367,0,0,0,0,0
3,368,0,0,0,0,0
3,369,0,0,0,0,0
3,370,0,0,0,0,0
3,371,0,0,0,0,0
3,372,0,0,0,0,0
3,373,0,0,0,0,0
3,374,0,0,0,0,0
3,375,0,0,0,0,0
3,376,0,0,0,0,0
3,377,0,0,0,0,0
3,378,0,0,0,0,0
3,379,0,0,0,0,0
3,380,0,0,0,0,0
3,381,0,0,0,0,0
3,382,0,0,0,0,0
3,383,0,0,0,0,0
3,384,0,0,0,0,0
3,385,0,0,0,0,0
3,386,0,0,0,0,0
3,387,0,0,0,0,0
3,388,0,0,0,0,0
3,389,0,0,0,0,0
3,390,0,0,0,0,0
3,391,0,0,0,0,0
3,392,0,0,0,0,0
3,393,0,0,0,0,0
3,394,0,0,0,0,0
3,395,0,0,0,0,0
3,396,0,0,0,0,0
3,397,0,0,0,0,0
3,398,0,0,0,0,0
3,399,0,0,0,0,0
3,400,0,0,0,0,0
3,401,0,0,0,0,0
3,402,0,0,0,0,0
3,403,0,0,0,0,0
3,404,0,0,0,0,0
3,405,0,0,0,0,0
3,406,0,0,0,0,0
3,407,0,0,0,0,0
3,408,0,0,0,0,0
3,409,0,0,0,0,0
3,410,0,0,0,0,0
3,411,0,0,0,0,0
3,412,0,0,0,0,0
3,413,0,0,0,0,0
3,414,0,0,0,0,0
3,415,0,0,0,0,0
3,416,0,0,0,0,0
3,417,0,0,0,0,0
3,418,0,0,0,0,0
3,419,0,0,0,0,0
3,420,0,0,0,0,0
3,421,0,0,0,0,0
3,422,0,0,0,0,0
3,423,0,0,0,0,0
3,424,0,0,0,0,0
3,425,0,0,0,0,0
3,426,0,0,0,0,0
3,427,0,0,0,0,0
3,428,0,0,0,0,0
3,429,0,0,0,0,0
3,430,0,0,0,0,0
3,431,0,0,0,0,0
3,432,0,0,0,0,0
3,433,0,0,0,0,0
3,434,0,0,0,0,0
3,435,0,0,0,0,0
3,436,0,0,0,0,0
3,437,0,0,0,0,0
3,438,0,0,0,0,0
3,439,0,0,0,0,0
3,440,0,0,0,0,0
3,441,0,0,0,0,0
3,442,0,0,0,0,0
3,443,0,0,0,0,0
3,444,0,0,0,0,0
3,445,0,0,0,0,0
3,446,0,0,0,0,0
3,447,0,0,0,0,0
3,448,0,0,0,0,0
3,449,0,0,0,0,0
3,450,0,0,0,0,0
3,451,0,0,0,0,0
3,452,0,0,0,0,0
3,453,0,0,0,0,0
3,454,0,0,0,0,0
3,455,0,0,0,0,0
3,456,0,0,0,0,0
3,457,0,0,0,0,0
3,458,0,0,0,0,0
3,459,0,0,0,0,0
3,460,0,0,0,0,0
3,461,0,0,0,0,0
3,462,0,0,0,0,0
3,463,0,0,0,0,0
3,464,0,0,0,0,0
3,465,0,0,0,0,0
3,466,0,0,0,0,0
3,467,0,0,0,0,0
3,468,0,0,0,0,0
3,469,0,0,0,0,0
3,470,0,0,0,0,0
3,471,0,0,0,0,0
3,472,0,0,0,0,0
3,473,0,0,0,0,0
3,474,0,0,0,0,0
3,475,0,0,0,0,0
3,476,0,0,0,0,0
3,477,0,0,0,0,0
3,478,0,0,0,0,0
3,479,0,0,0,0,0
3,480,0,0,0,0,0
3,481,0,0,0,0,0
3,482,0,0,0,0,0
3,483,0,0,0,0,0
3,484,0,0,0,0,0
3,485,0,0,0,0,0
3,486,0,0,0,0,0
3,487,0,0,0,0,0
3,488,0,0,0,0,0
3,489,0,0,0,0,0
3,490,0,0,0,0,0
3,491,0,0,0,0,0
3,492,0,0,0,0,0
3,493,0,0,0,0,0
3,494,0,0,0,0,0
3,495,0,0,0,0,0
3,496,0,0,0,0,0
3,497,0,0,0,0,0
3,498,0,0,0,0,0
3,499,0,0,0,0,0
3,500,0,0,0,0,0
3,501,0,0,0,0,0
3,502,0,0,0,0,0
3,503,0,0,0,0,0
3,504,0,0,0,0,0
3,505,0,0,0,0,0
3,506,0,0,0,0,0
3,507,0,0,0,0,0
3,508,0,0,0,0,0
3,509,0,0,0,0,0
3,510,0,0,0,0,0
3,511,0,0,0,0,0
3,512,0,0,0,0,0
3,513,0,0,0,0,0
3,514,0,0,0,0,0
3,515,0,0,0,0,0
3,516,0,0,0,0,0
3,517,0,0,0,0,0
3,518,0,0,0,0,0
3,519,0,0,0,0,0
3,520,0,0,0,0,0
3,521,0,0,0,0,0
3,522,0,0,0,0,0
3,523,0,0,0,0,0
3,524,0,0,0,0,0
3,525,0,0,0,0,0
3,526,0,0,0,0,0
3,527,0,0,0,0,0
3,528,0,0,0,0,0
3,529,0,0,0,0,0
3,530,0,0,0,0,0
3,531,0,0,0,0,0
3,532,0,0,0,0,0
3,533,0,0,0,0,0
3,534,0,0,0,0,0
3,535,0,0,0,0,0
3,536,0,0,0,0,0
3,537,0,0,0,0,0
3,538,0,0,0,0,0
3,539,0,0,0,0,0
3,540,0,0,0,0,0
3,541,0,0,0,0,0
3,542,0,0,0,0,0
3,543,0,0,0,0,0
3,544,0,0,0,0,0
3,545,0,0,0,0,0
3,546,0,0,0,0,0
3,547,0,0,0,0,0
3,548,0,0,0,0,0
3,549,0,0,0,0,0
3,550,0,0,0,0,0
3,551,0,0,0,0,0
3,552,0,0,0,0,0
3,553,0,0,0,0,0
3,554,0,0,0,0,0
3,555,0,0,0,0,0
3,556,0,0,0,0,0
3,557,0,0,0,0,0
3,558,0,0,0,0,0
3,559,0,0,0,0,0
3,560,0,0,0,0,0
3,561,0,0,0,0,0
3,562,0,0,0,0,0
3,563,0,0,0,0,0
3,564,0,0,0,0,0
3,565,0,0,0,0,0
3,566,0,0,0,0,0
3,567,0,0,0,0,0
3,568,0,0,0,0,0
3,569,0,0,0,0,0
3,570,0,0,0,0,0
3,571,0,0,0,0,0
3,572,0,0,0,0,0
3,573,0,0,0,0,0
3,574,0,0,0,0,0
3,575,0,0,0,0,0
3,576,0,0,0,0,0
3,577,0,0,0,0,0
3,578,0,0,0,0,0
3,579,0,0,0,0,0
3,580,0,0,0,0,0
3,581,0,0,0,0,0
3,582,0,0,0,0,0
3,583,0,0,0,0,0
3,584,0,0,0,0,0
3,585,0,0,0,0,0
3,586,0,0,0,0,0
3,587,0,0,0,0,0
3,588,0,0,0,0,0
3,589,0,0,0,0,0
3,590,0,0,0,0,0
3,591,0,0,0,0,0
3,592,0,0,0,0,0
3,593,0,0,0,0,0
3,594,0,0,0,0,0
3,595,0,0,0,0,0
3,596,0,0,0,0,0
3,597,0,0,0,0,0
3,598,0,0,0,0,0
3,599,0,0,0,0,0
3,600,0,0,0,0,0
3,601,0,0,0,0,0
3,602,0,0,0,0,0
3,603,0,0,0,0,0
3,604,0,0,0,0,0
3,605,0,0,0,0,0
3,606,0,0,0,0,0
3,607,0,0,0,0,0
3,608,0,0,0,0,0
3,609,0,0,0,0,0
3,610,0,0,0,0,0
3,611,0,0,0,0,0
3,612,0,0,0,0,0
3,613,0,0,0,0,0
3,614,0,0,0,0,0
3,615,0,0,0,0,0
3,616,0,0,0,0,0
3,617,0,0,0,0,0
3,618,0,0,0,0,0
3,619,0,0,0,0,0
3,620,0,0,0,0,0
3,621,0,0,0,0,0
3,622,0,0,0,0,0
3,623,0,0,0,0,0
3,624,0,0,0,0,0
3,625,0,0,0,0,0
3,626,0,0,0,0,0
3,627,0,0,0,0,0
3,628,0,0,0,0,0
3,629,0,0,0,0,0
3,630,0,0,0,0,0
3,631,0,0,0,0,0
3,632,0,0,0,0,0
3,633,0,0,0,0,0
3,634,0,0,0,0,0
3,635,0,0,0,0,0
3,636,0,0,0,0,0
3,637,0,0,0,0,0
3,638,0,0,0,0,0
3,639,0,0,0,0,0
3,640,0,0,0,0,0
3,641,0,0,0,0,0
3,642,0,0,0,0,0
3,643,0,0,0,0,0
3,644,0,0,0,0,0
3,645,0,0,0,0,0
3,646,0,0,0,0,0
3,647,0,0,0,0,0
3,648,0,0,0,0,0
3,649,0,0,0,0,0
3,650,0,0,0,0,0
3,651,0,0,0,0,0
3,652,0,0,0,0,0
3,653,0,0,0,0,0
3,654,0,0,0,0,0
3,655,0,0,0,0,0
3,656,0,0,0,0,0
3,657,0,0,0,0,0
3,658,0,0,0,0,0
3,659,0,0,0,0,0
3,660,0,0,0,0,0
3,661,0,0,0,0,0
3,662,0,0,0,0,0
3,663,0,0,0,0,0
3,664,0,0,0,0,0
3,665,0,0,0,0,0
3,666,0,0,0,0,0
3,667,0,0,0,0,0
3,668,0,0,0,0,0
3,669,0,0,0,0,0
3,670,0,0,0,0,0
3,671,0,0,0,0,0
3,672,0,0,0,0,0
3,673,0,0,0,0,0
3,674,0,0,0,0,0
3,675,0,0,0,0,0
3,676,0,0,0,0,0
3,677,0,0,0,0,0
3,678,0,0,0,0,0
3,679,0,0,0,0,0
3,680,0,0,0,0,0
3,681,0,0,0,0,0
3,682,0,0,0,0,0
3,683,0,0,0,0,0
3,684,0,0,0,0,0
3,685,0,0,0,0,0
3,686,0,0,0,0,0
3,687,0,0,0,0,0
3,688,0,0,0,0,0
3,689,0,0,0,0,0
3,690,0,0,0,0,0
3,691,0,0,0,0,0
3,692,0,0,0,0,0
3,693,0,0,0,0,0
3,694,0,0,0,0,0
3,695,0,0,0,0,0
3,696,0,0,0,0,0
3,697,0,0,0,0,0
3,698,0,0,0,0,0
3,699,0,0,0,0,0
3,700,0,0,0,0,0
3,701,0,0,0,0,0
3,702,0,0,0,0,0
3,703,0,0,0,0,0
3,704,0,0,0,0,0
3,705,0,0,0,0,0
3,706,0,0,0,0,0
3,707,0,0,0,0,0
3,708,0,0,0,0,0
3,709,0,0,0,0,0
3,710,0,0,0,0,0
3,711,0,0,0,0,0
3,712,0,0,0,0,0
3,713,0,0,0,0,0
3,714,0,0,0,0,0
3,715,0,0,0,0,0
3,716,0,0,0,0,0
3,717,0,0,0,0,0
3,718,0,0,0,0,0
3,719,0,0,0,0,0
3,720,0,0,0,0,0
3,721,0,0,0,0,0
3,722,0,0,0,0,0
3,723,0,0,0,0,0
3,724,0,0,0,0,0
3,725,0,0,0,0,0
3,726,0,0,0,0,0
3,727,0,0,0,0,0
3,728,0,0,0,0,0
3,729,0,0,0,0,0
3,730,0,0,0,0,0
3,731,0,0,0,0,0
3,732,0,0,0,0,0
3,733,0,0,0,0,0
3,734,0,0,0,0,0
3,735,0,0,0,0,0
3,736,0,0,0,0,0
3,737,0,0,0,0,0
3,738,0,0,0,0,0
3,739,0,0,0,0,0
3,740,0,0,0,0,0
3,741,0,0,0,0,0
3,742,0,0,0,0,0
3,743,0,0,0,0,0
3,744,0,0,0,0,0
3,745,0,0,0,0,0
3,746,0,0,0,0,0
3,747,0,0,0,0,0
3,748,0,0,0,0,0
3,749,0,0,0,0,0
3,750,0,0,0,0,0
3,751,0,0,0,0,0
3,752,0,0,0,0,0
3,753,0,0,0,0,0
3,754,0,0,0,0,0
3,755,0,0,0,0,0
3,756,0,0,0,0,0
3,757,0,0,0,0,0
3,758,0,0,0,0,0
3,759,0,0,0,0,0
3,760,0,0,0,0,0
3,761,0,0,0,0,0
3,762,0,0,0,0,0
3,763,0,0,0,0,0
3,764,0,0,0,0,0
3,765,0,0,0,0,0
3,766,0,0,0,0,0
3,767,0,0,0,0,0
3,768,0,0,0,0,0
3,769,0,0,0,0,0
3,770,0,0,0,0,0
3,771,0,0,0,0,0
3,772,0,0,0,0,0
3,773,0,0,0,0,0
3,774,0,0,0,0,0
3,775,0,0,0,0,0
3,776,0,0,0,0,0
3,777,0,0,0,0,0
3,778,0,0,0,0,0
3,779,0,0,0,0,0
3,780,0,0,0,0,0
3,781,0,0,0,0,0
3,782,0,0,0,0,0
3,783,0,0,0,0,0
3,784,0,0,0,0,0
3,785,0,0,0,0,0
3,786,0,0,0,0,0
3,787,0,0,0,0,0
3,788,0,0,0,0,0
3,789,0,0,0,0,0
3,790,0,0,0,0,0
3,791,0,0,0,0,0
3,792,0,0,0,0,0
3,793,0,0,0,0,0
3,794,0,0,0,0,0
3,795,0,0,0,0,0
3,796,0,0,0,0,0
3,797,0,0,0,0,0
3,798,0,0,0,0,0
3,799,0,0,0,0,0
3,800,0,0,0,0,0
3,801,0,0,0,0,0
3,802,0,0,0,0,0
3,803,0,0,0,0,0
3,804,0,0,0,0,0
3,805,0,0,0,0,0
3,806,0,0,0,0,0
3,807,0,0,0,0,0
3,808,0,0,0,0,0
3,809,0,0,0,0,0
3,810,0,0,0,0,0
3,811,0,0,0,0,0
3,812,0,0,0,0,0
3,813,0,0,0,0,0
3,814,0,0,0,0,0
3,815,0,0,0,0,0
3,816,0,0,0,0,0
3,817,0,0,0,0,0
3,818,0,0,0,0,0
3,819,0,0,0,0,0
3,820,0,0,0,0,0
3,821,0,0,0,0,0
3,822,0,0,0,0,0
3,823,0,0,0,0,0
3,824,0,0,0,0,0
3,825,0,0,0,0,0
3,826,0,0,0,0,0
3,827,0,0,0,0,0
3,828,0,0,0,0,0
3,829,0,0,0,0,0
3,830,0,0,0,0,0
3,831,0,0,0,0,0
3,832,0,0,0,0,0
3,833,0,0,0,0,0
3,834,0,0,0,0,0
3,835,0,0,0,0,0
3,836,0,0,0,0,0
3,837,0,0,0,0,0
3,838,0,0,0,0,0
3,839,0,0,0,0,0
3,840,0,0,0,0,0
3,841,0,0,0,0,0
3,842,0,0,0,0,0
3,843,0,0,0,0,0
3,844,0,0,0,0,0
3,845,0,0,0,0,0
3,846,0,0,0,0,0
3,847,0,0,0,0,0
3,848,0,0,0,0,0
3,849,0,0,0,0,0
3,850,0,0,0,0,0
3,851,0,0,0,0,0
3,852,0,0,0,0,0
3,853,0,0,0,0,0
3,854,0,0,0,0,0
3,855,0,0,0,0,0
3,856,0,0,0,0,0
3,857,0,0,0,0,0
3,858,0,0,0,0,0
3,859,0,0,0,0,0
3,860,0,0,0,0,0
3,861,0,0,0,0,0
3,862,0,0,0,0,0
3,863,0,0,0,0,0
3,864,0,0,0,0,0
3,865,0,0,0,0,0
3,866,0,0,0,0,0
3,867,0,0,0,0,0
3,868,0,0,0,0,0
3,869,0,0,0,0,0
3,870,0,0,0,0,0
3,871,0,0,0,0,0
3,872,0,0,0,0,0
3,873,0,0,0,0,0
3,874,0,0,0,0,0
3,875,0,0,0,0,0
3,876,0,0,0,0,0
3,877,0,0,0,0,0
3,878,0,0,0,0,0
3,879,0,0,0,0,0
3,880,0,0,0,0,0
3,881,0,0,0,0,0
3,882,0,0,0,0,0
3,883,0,0,0,0,0
3,884,0,0,0,0,0
3,885,0,0,0,0,0
3,886,0,0,0,0,0
3,887,0,0,0,0,0
3,888,0,0,0,0,0
3,889,0,0,0,0,0
3,890,0,0,0,0,0
3,891,0,0,0,0,0
3,892,0,0,0,0,0
3,893,0,0,0,0,0
3,894,0,0,0,0,0
3,895,0,0,0,0,0
3,896,0,0,0,0,0
3,897,0,0,0,0,0
3,898,0,0,0,0,0
3,899,0,0,0,0,0
3,900,0,0,0,0,0
3,901,0,0,0,0,0
3,902,0,0,0,0,0
3,903,0,0,0,0,0
3,904,0,0,0,0,0
3,905,0,0,0,0,0
3,906,0,0,0,0,0
3,907,0,0,0,0,0
3,908,0,0,0,0,0
3,909,0,0,0,0,0
3,910,0,0,0,0,0
3,911,0,0,0,0,0
3,912,0,0,0,0,0
3,913,0,0,0,0,0
3,914,0,0,0,0,0
3,915,0,0,0,0,0
3,916,0,0,0,0,0
3,917,0,0,0,0,0
3,918,0,0,0,0,0
3,919,0,0,0,0,0
3,920,0,0,0,0,0
3,921,0,0,0,0,0
3,922,0,0,0,0,0
3,923,0,0,0,0,0
3,924,0,0,0,0,0
3,925,0,0,0,0,0
3,926,0,0,0,0,0
3,927,0,0,0,0,0
3,928,0,0,0,0,0
3,929,0,0,0,0,0
3,930,0,0,0,0,0
3,931,0,0,0,0,0
3,932,0,0,0,0,0
3,933,0,0,0,0,0
3,934,0,0,0,0,0
3,935,0,0,0,0,0
3,936,0,0,0,0,0
3,937,0,0,0,0,0
3,938,0,0,0,0,0
3,939,0,0,0,0,0
3,940,0,0,0,0,0
3,941,0,0,0,0,0
3,942,0,0,0,0,0
3,943,0,0,0,0,0
3,944,0,0,0,0,0
3,945,0,0,0,0,0
3,946,0,0,0,0,0
3,947,0,0,0,0,0
3,948,0,0,0,0,0
3,949,0,0,0,0,0
3,950,0,0,0,0,0
3,951,0,0,0,0,0
3,952,0,0,0,0,0
3,953,0,0,0,0,0
3,954,0,0,0,0,0
3,955,0,0,0,0,0
3,956,0,0,0,0,0
3,957,0,0,0,0,0
3,958,0,0,0,0,0
3,959,0,0,0,0,0
3,960,0,0,0,0,0
3,961,0,0,0,0,0
3,962,0,0,0,0,0
3,963,0,0,0,0,0
3,964,0,0,0,0,0
3,965,0,0,0,0,0
3,966,0,0,0,0,0
3,967,0,0,0,0,0
3,968,0,0,0,0,0
3,969,0,0,0,0,0
3,970,0,0,0,0,0
3,971,0,0,0,0,0
3,972,0,0,0,0,0
3,973,0,0,0,0,0
3,974,0,0,0,0,0
3,975,0,0,0,0,0
3,976,0,0,0,0,0
3,977,0,0,0,0,0
3,978,0,0,0,0,0
3,979,0,0,0,0,0
3,980,0,0,0,0,0
3,981,0,0,0,0,0
3,982,0,0,0,0,0
3,983,0,0,0,0,0
3,984,0,0,0,0,0
3,985,0,0,0,0,0
3,986,0,0,0,0,0
3,987,0,0,0,0,0
3,988,0,0,0,0,0
3,989,0,0,0,0,0
3,990,0,0,0,0,0
3,991,0,0,0,0,0
3,992,0,0,0,0,0
3,993,0,0,0,0,0
3,994,0,0,0,0,0
3,995,0,0,0,0,0
3,996,0,0,0,0,0
3,997,0,0,0,0,0
3,998,0,0,0,0,0
3,999,0,0,0,0,0
4,0,0,0,0,0,0
4,1,0,0,0,0,0
4,2,0,0,0,0,0
4,3,0,0,0,0,0
4,4,0,0,0,0,0
4,5,0,0,0,0,0
4,6,0,0,0,0,0
4,7,0,0,0,0,0
4,8,0,0,0,0,0
4,9,0,0,0,0,0
4,10,0,0,0,0,0
4,11,0,0,0,0,0
4,12,0,0,0,0,0
4,13,0,0,0,0,0
4,14,0,0,0,0,0
4,15,0,0,0,0,0
4,16,0,0,0,0,0
4,17,0,0,0,0,0
4,18,0,0,0,0,0
4,19,0,0,0,0,0
4,20,0,0,0,0,0
4,21,0,0,0,0,0
4,22,0,0,0,0,0
4,23,0,0,0,0,0
4,24,0,0,0,0,0
4,25,0,0,0,0,0
4,26,0,0,0,0,0
4,27,0,0,0,0,0
4,28,0,0,0,0,0
4,29,0,0,0,0,0
4,30,0,0,0,0,0
4,31,0,0,0,0,0
4,32,0,0,0,0,0
4,33,0,0,0,0,0
4,34,0,0,0,0,0
4,35,0,0,0,0,0
4,36,0,0,0,0,0
4,37,0,0,0,0,0
4,38,0,0,0,0,0
4,39,0,0,0,0,0
4,40,0,0,0,0,0
4,41,0,0,0,0,0
4,42,0,0,0,0,0
4,43,0,0,0,0,0
4,44,0,0,0,0,0
4,45,0,0,0,0,0
4,46,0,0,0,0,0
4,47,0,0,0,0,0
4,48,0,0,0,0,0
4,49,0,0,0,0,0
4,50,0,0,0,0,0
4,51,0,0,0,0,0
4,52,0,0,0,0,0
4,53,0,0,0,0,0
4,54,0,0,0,0,0
4,55,0,0,0,0,0
4,56,0,0,0,0,0
4,57,0,0,0,0,0
4,58,0,0,0,0,0
4,59,0,0,0,0,0
4,60,0,0,0,0,0
4,61,0,0,0,0,0
4,62,0,0,0,0,0
4,63,0,0,0,0,0
4,64,0,0,0,0,0
4,65,0,0,0,0,0
4,66,0,0,0,0,0
4,67,0,0,0,0,0
4,68,0,0,0,0,0
4,69,0,0,0,0,0
4,70,0,0,0,0,0
4,71,0,0,0,0,0
4,72,0,0,0,0,0
4,73,0,0,0,0,0
4,74,0,0,0,0,0
4,75,0,0,0,0,0
4,76,0,0,0,0,0
4,77,0,0,0,0,0
4,78,0,0,0,0,0
4,79,0,0,0,0,0
4,80,0,0,0,0,0
4,81,0,0,0,0,0
4,82,0,0,0,0,0
4,83,0,0,0,0,0
4,84,0,0,0,0,0
4,85,0,0,0,0,0
4,86,0,0,0,0,0
4,87,0,0,0,0,0
4,88,0,0,0,0,0
4,89,0,0,0,0,0
4,90,0,0,0,0,0
4,91,0,0,0,0,0
4,92,0,0,0,0,0
4,93,0,0,0,0,0
4,94,0,0,0,0,0
4,95,0,0,0,0,0
4,96,0,0,0,0,0
4,97,0,0,0,0,0
4,98,0,0,0,0,0
4,99,0,0,0,0,0
4,100,0,0,0,0,0
4,101,0,0,0,0,0
4,102,0,0,0,0,0
4,103,0,0,0,0,0
4,104,0,0,0,0,0
4,105,0,0,0,0,0
4,106,0,0,0,0,0
4,107,0,0,0,0,0
4,108,0,0,0,0,0
4,109,0,0,0,0,0
4,110,0,0,0,0,0
4,111,0,0,0,0,0
4,112,0,0,0,0,0
4,113,0,0,0,0,0
4,114,0,0,0,0,0
4,115,0,0,0,0,0
4,116,0,0,0,0,0
4,117,0,0,0,0,0
4,118,0,0,0,0,0
4,119,0,0,0,0,0
4,120,0,0,0,0,0
4,121,0,0,0,0,0
4,122,0,0,0,0,0
4,123,0,0,0,0,0
4,124,0,0,0,0,0
4,125,0,0,0,0,0
4,126,0,0,0,0,0
4,127,0,0,0,0,0
4,128,0,0,0,0,0
4,129,0,0,0,0,0
4,130,0,0,0,0,0
4,131,0,0,0,0,0
4,132,0,0,0,0,0
4,133,0,0,0,0,0
4,134,0,0,0,0,0
4,135,0,0,0,0,0
4,136,0,0,0,0,0
4,137,0,0,0,0,0
4,138,0,0,0,0,0
4,139,0,0,0,0,0
4,140,0,0,0,0,0
4,141,0,0,0,0,0
4,142,0,0,0,0,0
4,143,0,0,0,0,0
4,144,0,0,0,0,0
4,145,0,0,0,0,0
4,146,0,0,0,0,0
4,147,0,0,0,0,0
4,148,0,0,0,0,0
4,149,0,0,0,0,0
4,150,0,0,0,0,0
4,151,0,0,0,0,0
4,152,0,0,0,0,0
4,153,0,0,0,0,0
4,154,0,0,0,0,0
4,155,0,0,0,0,0
4,156,0,0,0,0,0
4,157,0,0,0,0,0
4,158,0,0,0,0,0
4,159,0,0,0,0,0
4,160,0,0,0,0,0
4,161,0,0,0,0,0
4,162,0,0,0,0,0
4,163,0,0,0,0,0
4,164,0,0,0,0,0
4,165,0,0,0,0,0
4,166,0,0,0,0,0
4,167,0,0,0,0,0
4,168,0,0,0,0,0
4,169,0,0,0,0,0
4,170,0,0,0,0,0
4,171,0,0,0,0,0
4,172,0,0,0,0,0
4,173,0,0,0,0,0
4,174,0,0,0,0,0
4,175,0,0,0,0,0
4,176,0,0,0,0,0
4,177,0,0,0,0,0
4,178,0,0,0,0,0
4,179,0,0,0,0,0
4,180,0,0,0,0,0
4,181,0,0,0,0,0
4,182,0,0,0,0,0
4,183,0,0,0,0,0
4,184,0,0,0,0,0
4,185,0,0,0,0,0
4,186,0,0,0,0,0
4,187,0,0,0,0,0
4,188,0,0,0,0,0
4,189,0,0,0,0,0
4,190,0,0,0,0,0
4,191,0,0,0,0,0
4,192,0,0,0,0,0
4,193,0,0,0,0,0
4,194,0,0,0,0,0
4,195,0,0,0,0,0
4,196,0,0,0,0,0
4,197,0,0,0,0,0
4,198,0,0,0,0,0
4,199,0,0,0,0,0
4,200,0,0,0,0,0
4,201,0,0,0,0,0
4,202,0,0,0,0,0
4,203,0,0,0,0,0
4,204,0,0,0,0,0
4,205,0,0,0,0,0
4,206,0,0,0,0,0
4,207,0,0,0,0,0
4,208,0,0,0,0,0
4,209,0,0,0,0,0
4,210,0,0,0,0,0
4,211,0,0,0,0,0
4,212,0,0,0,0,0
4,213,0,0,0,0,0
4,214,0,0,0,0,0
4,215,0,0,0,0,0
4,216,0,0,0,0,0
4,217,0,0,0,0,0
4,218,0,0,0,0,0
4,219,0,0,0,0,0
4,220,0,0,0,0,0
4,221,0,0,0,0,0
4,222,0,0,0,0,0
4,223,0,0,0,0,0
4,224,0,0,0,0,0
4,225,0,0,0,0,0
4,226,0,0,0,0,0
4,227,0,0,0,0,0
4,228,0,0,0,0,0
4,229,0,0,0,0,0
4,230,0,0,0,0,0
4,231,0,0,0,0,0
4,232,0,0,0,0,0
4,233,0,0,0,0,0
4,234,0,0,0,0,0
4,235,0,0,0,0,0
4,236,0,0,0,0,0
4,237,0,0,0,0,0
4,238,0,0,0,0,0
4,239,0,0,0,0,0
4,240,0,0,0,0,0
4,241,0,0,0,0,0
4,242,0,0,0,0,0
4,243,0,0,0,0,0
4,244,0,0,0,0,0
4,245,0,0,0,0,0
4,246,0,0,0,0,0
4,247,0,0,0,0,0
4,248,0,0,0,0,0
4,249,0,0,0,0,0
4,250,0,0,0,0,0
4,251,0,0,0,0,0
4,252,0,0,0,0,0
4,253,0,0,0,0,0
4,254,0,0,0,0,0
4,255,0,0,0,0,0
4,256,0,0,0,0,0
4,257,0,0,0,0,0
4,258,0,0,0,0,0
4,259,0,0,0,0,0
4,260,0,0,0,0,0
4,261,0,0,0,0,0
4,262,0,0,0,0,0
4,263,0,0,0,0,0
4,264,0,0,0,0,0
4,265,0,0,0,0,0
4,266,0,0,0,0,0
4,267,0,0,0,0,0
4,268,0,0,0,0,0
4,269,0,0,0,0,0
4,270,0,0,0,0,0
4,271,0,0,0,0,0
4,272,0,0,0,0,0
4,273,0,0,0,0,0
4,274,0,0,0,0,0
4,275,0,0,0,0,0
4,276,0,0,0,0,0
4,277,0,0,0,0,0
4,278,0,0,0,0,0
4,279,0,0,0,0,0
4,280,0,0,0,0,0
4,281,0,0,0,0,0
4,282,0,0,0,0,0
4,283,0,0,0,0,0
4,284,0,0,0,0,0
4,285,0,0,0,0,0
4,286,0,0,0,0,0
4,287,0,0,0,0,0
4,288,0,0,0,0,0
4,289,0,0,0,0,0
4,290,0,0,0,0,0
4,291,0,0,0,0,0
4,292,0,0,0,0,0
4,293,0,0,0,0,0
4,294,0,0,0,0,0
4,295,0,0,0,0,0
4,296,0,0,0,0,0
4,297,0,0,0,0,0
4,298,0,0,0,0,0
4,299,0,0,0,0,0
4,300,0,0,0,0,0
4,301,0,0,0,0,0
4,302,0,0,0,0,0
4,303,0,0,0,0,0
4,304,0,0,0,0,0
4,305,0,0,0,0,0
4,306,0,0,0,0,0
4,307,0,0,0,0,0
4,308,0,0,0,0,0
4,309,0,0,0,0,0
4,310,0,0,0,0,0
4,311,0,0,0,0,0
4,312,0,0,0,0,0
4,313,0,0,0,0,0
4,314,0,0,0,0,0
4,315,0,0,0,0,0
4,316,0,0,0,0,0
4,317,0,0,0,0,0
4,318,0,0,0,0,0
4,319,0,0,0,0,0
4,320,0,0,0,0,0
4,321,0,0,0,0,0
4,322,0,0,0,0,0
4,323,0,0,0,0,0
4,324,0,0,0,0,0
4,325,0,0,0,0,0
4,326,0,0,0,0,0
4,327,0,0,0,0,0
4,328,0,0,0,0,0
4,329,0,0,0,0,0
4,330,0,0,0,0,0
4,331,0,0,0,0,0
4,332,0,0,0,0,0
4,333,0,0,0,0,0
4,334,0,0,0,0,0
4,335,0,0,0,0,0
4,336,0,0,0,0,0
4,337,0,0,0,0,0
4,338,0,0,0,0,0
4,339,0,0,0,0,0
4,340,0,0,0,0,0
4,341,0,0,0,0,0
4,342,0,0,0,0,0
4,343,0,0,0,0,0
4,344,0,0,0,0,0
4,345,0,0,0,0,0
4,346,0,0,0,0,0
4,347,0,0,0,0,0
4,348,0,0,0,0,0
4,349,0,0,0,0,0
4,350,0,0,0,0,0
4,351,0,0,0,0,0
4,352,0,0,0,0,0
4,353,0,0,0,0,0
4,354,0,0,0,0,0
4,355,0,0,0,0,0
4,356,0,0,0,0,0
4,357,0,0,0,0,0
4,358,0,0,0,0,0
4,359,0,0,0,0,0
4,360,0,0,0,0,0
4,361,0,0,0,0,0
4,362,0,0,0,0,0
4,363,0,0,0,0,0
4,364,0,0,0,0,0
4,365,0,0,0,0,0
4,366,0,0,0,0,0
4,367,0,0,0,0,0
4,368,0,0,0,0,0
4,369,0,0,0,0,0
4,370,0,0,0,0,0
4,371,0,0,0,0,0
4,372,0,0,0,0,0
4,373,0,0,0,0,0
4,374,0,0,0,0,0
4,375,0,0,0,0,0
4,376,0,0,0,0,0
4,377,0,0,0,0,0
4,378,0,0,0,0,0
4,379,0,0,0,0,0
4,380,0,0,0,0,0
4,381,0,0,0,0,0
4,382,0,0,0,0,0
4,383,0,0,0,0,0
4,384,0,0,0,0,0
4,385,0,0,0,0,0
4,386,0,0,0,0,0
4,387,0,0,0,0,0
4,388,0,0,0,0,0
4,389,0,0,0,0,0
4,390,0,0,0,0,0
4,391,0,0,0,0,0
4,392,0,0,0,0,0
4,393,0,0,0,0,0
4,394,0,0,0,0,0
4,395,0,0,0,0,0
4,396,0,0,0,0,0
4,397,0,0,0,0,0
4,398,0,0,0,0,0
4,399,0,0,0,0,0
4,400,0,0,0,0,0
4,401,0,0,0,0,0
4,402,0,0,0,0,0
4,403,0,0,0,0,0
4,404,0,0,0,0,0
4,405,0,0,0,0,0
4,406,0,0,0,0,0
4,407,0,0,0,0,0
4,408,0,0,0,0,0
4,409,0,0,0,0,0
4,410,0,0,0,0,0
4,411,0,0,0,0,0
4,412,0,0,0,0,0
4,413,0,0,0,0,0
4,414,0,0,0,0,0
4,415,0,0,0,0,0
4,416,0,0,0,0,0
4,417,0,0,0,0,0
4,418,0,0,0,0,0
4,419,0,0,0,0,0
4,420,0,0,0,0,0
4,421,0,0,0,0,0
4,422,0,0,0,0,0
4,423,0,0,0,0,0
4,424,0,0,0,0,0
4,425,0,0,0,0,0
4,426,0,0,0,0,0
4,427,0,0,0,0,0
4,428,0,0,0,0,0
4,429,0,0,0,0,0
4,430,0,0,0,0,0
4,431,0,0,0,0,0
4,432,0,0,0,0,0
4,433,0,0,0,0,0
4,434,0,0,0,0,0
4,435,0,0,0,0,0
4,436,0,0,0,0,0
4,437,0,0,0,0,0
4,438,0,0,0,0,0
4,439,0,0,0,0,0
4,440,0,0,0,0,0
4,441,0,0,0,0,0
4,442,0,0,0,0,0
4,443,0,0,0,0,0
4,444,0,0,0,0,0
4,445,0,0,0,0,0
4,446,0,0,0,0,0
4,447,0,0,0,0,0
4,448,0,0,0,0,0
4,449,0,0,0,0,0
4,450,0,0,0,0,0
4,451,0,0,0,0,0
4,452,0,0,0,0,0
4,453,0,0,0,0,0
4,454,0,0,0,0,0
4,455,0,0,0,0,0
4,456,0,0,0,0,0
4,457,0,0,0,0,0
4,458,0,0,0,0,0
4,459,0,0,0,0,0
4,460,0,0,0,0,0
4,461,0,0,0,0,0
4,462,0,0,0,0,0
4,463,0,0,0,0,0
4,464,0,0,0,0,0
4,465,0,0,0,0,0
4,466,0,0,0,0,0
4,467,0,0,0,0,0
4,468,0,0,0,0,0
4,469,0,0,0,0,0
4,470,0,0,0,0,0
4,471,0,0,0,0,0
4,472,0,0,0,0,0
4,473,0,0,0,0,0
4,474,0,0,0,0,0
4,475,0,0,0,0,0
4,476,0,0,0,0,0
4,477,0,0,0,0,0
4,478,0,0,0,0,0
4,479,0,0,0,0,0
4,480,0,0,0,0,0
4,481,0,0,0,0,0
4,482,0,0,0,0,0
4,483,0,0,0,0,0
4,484,0,0,0,0,0
4,485,0,0,0,0,0
4,486,0,0,0,0,0
4,487,0,0,0,0,0
4,488,0,0,0,0,0
4,489,0,0,0,0,0
4,490,0,0,0,0,0
4,491,0,0,0,0,0
4,492,0,0,0,0,0
4,493,0,0,0,0,0
4,494,0,0,0,0,0
4,495,0,0,0,0,0
4,496,0,0,0,0,0
4,497,0,0,0,0,0
4,498,0,0,0,0,0
4,499,0,0,0,0,0
4,500,0,0,0,0,0
4,501,0,0,0,0,0
4,502,0,0,0,0,0
4,503,0,0,0,0,0
4,504,0,0,0,0,0
4,505,0,0,0,0,0
4,506,0,0,0,0,0
4,507,0,0,0,0,0
4,508,0,0,0,0,0
4,509,0,0,0,0,0
4,510,0,0,0,0,0
4,511,0,0,0,0,0
4,512,0,0,0,0,0
4,513,0,0,0,0,0
4,514,0,0,0,0,0
4,515,0,0,0,0,0
4,516,0,0,0,0,0
4,517,0,0,0,0,0
4,518,0,0,0,0,0
4,519,0,0,0,0,0
4,520,0,0,0,0,0
4,521,0,0,0,0,0
4,522,0,0,0,0,0
4,523,0,0,0,0,0
4,524,0,0,0,0,0
4,525,0,0,0,0,0
4,526,0,0,0,0,0
4,527,0,0,0,0,0
4,528,0,0,0,0,0
4,529,0,0,0,0,0
4,530,0,0,0,0,0
4,531,0,0,0,0,0
4,532,0,0,0,0,0
4,533,0,0,0,0,0
4,534,0,0,0,0,0
4,535,0,0,0,0,0
4,536,0,0,0,0,0
4,537,0,0,0,0,0
4,538,0,0,0,0,0
4,539,0,0,0,0,0
4,540,0,0,0,0,0
4,541,0,0,0,0,0
4,542,0,0,0,0,0
4,543,0,0,0,0,0
4,544,0,0,0,0,0
4,545,0,0,0,0,0
4,546,0,0,0,0,0
4,547,0,0,0,0,0
4,548,0,0,0,0,0
4,549,0,0,0,0,0
4,550,0,0,0,0,0
4,551,0,0,0,0,0
4,552,0,0,0,0,0
4,553,0,0,0,0,0
4,554,0,0,0,0,0
4,555,0,0,0,0,0
4,556,0,0,0,0,0
4,557,0,0,0,0,0
4,558,0,0,0,0,0
4,559,0,0,0,0,0
4,560,0,0,0,0,0
4,561,0,0,0,0,0
4,562,0,0,0,0,0
4,563,0,0,0,0,0
4,564,0,0,0,0,0
4,565,0,0,0,0,0
4,566,0,0,0,0,0
4,567,0,0,0,0,0
4,568,0,0,0,0,0
4,569,0,0,0,0,0
4,570,0,0,0,0,0
4,571,0,0,0,0,0
4,572,0,0,0,0,0
4,573,0,0,0,0,0
4,574,0,0,0,0,0
4,575,0,0,0,0,0
4,576,0,0,0,0,0
4,577,0,0,0,0,0
4,578,0,0,0,0,0
4,579,0,0,0,0,0
4,580,0,0,0,0,0
4,581,0,0,0,0,0
4,582,0,0,0,0,0
4,583,0,0,0,0,0
4,584,0,0,0,0,0
4,585,0,0,0,0,0
4,586,0,0,0,0,0
4,587,0,0,0,0,0
4,588,0,0,0,0,0
4,589,0,0,0,0,0
4,590,0,0,0,0,0
4,591,0,0,0,0,0
4,592,0,0,0,0,0
4,593,0,0,0,0,0
4,594,0,0,0,0,0
4,595,0,0,0,0,0
4,596,0,0,0,0,0
4,597,0,0,0,0,0
4,598,0,0,0,0,0
4,599,0,0,0,0,0
4,600,0,0,0,0,0
4,601,0,0,0,0,0
4,602,0,0,0,0,0
4,603,0,0,0,0,0
4,604,0,0,0,0,0
4,605,0,0,0,0,0
4,606,0,0,0,0,0
4,607,0,0,0,0,0
4,608,0,0,0,0,0
4,609,0,0,0,0,0
4,610,0,0,0,0,0
4,611,0,0,0,0,0
4,612,0,0,0,0,0
4,613,0,0,0,0,0
4,614,0,0,0,0,0
4,615,0,0,0,0,0
4,616,0,0,0,0,0
4,617,0,0,0,0,0
4,618,0,0,0,0,0
4,619,0,0,0,0,0
4,620,0,0,0,0,0
4,621,0,0,0,0,0
4,622,0,0,0,0,0
4,623,0,0,0,0,0
4,624,0,0,0,0,0
4,625,0,0,0,0,0
4,626,0,0,0,0,0
4,627,0,0,0,0,0
4,628,0,0,0,0,0
4,629,0,0,0,0,0
4,630,0,0,0,0,0
4,631,0,0,0,0,0
4,632,0,0,0,0,0
4,633,0,0,0,0,0
4,634,0,0,0,0,0
4,635,0,0,0,0,0
4,636,0,0,0,0,0
4,637,0,0,0,0,0
4,638,0,0,0,0,0
4,639,0,0,0,0,0
4,640,0,0,0,0,0
4,641,0,0,0,0,0
4,642,0,0,0,0,0
4,643,0,0,0,0,0
4,644,0,0,0,0,0
4,645,0,0,0,0,0
4,646,0,0,0,0,0
4,647,0,0,0,0,0
4,648,0,0,0,0,0
4,649,0,0,0,0,0
4,650,0,0,0,0,0
4,651,0,0,0,0,0
4,652,0,0,0,0,0
4,653,0,0,0,0,0
4,654,0,0,0,0,0
4,655,0,0,0,0,0
4,656,0,0,0,0,0
4,657,0,0,0,0,0
4,658,0,0,0,0,0
4,659,0,0,0,0,0
4,660,0,0,0,0,0
4,661,0,0,0,0,0
4,662,0,0,0,0,0
4,663,0,0,0,0,0
4,664,0,0,0,0,0
4,665,0,0,0,0,0
4,666,0,0,0,0,0
4,667,0,0,0,0,0
4,668,0,0,0,0,0
4,669,0,0,0,0,0
4,670,0,0,0,0,0
4,671,0,0,0,0,0
4,672,0,0,0,0,0
4,673,0,0,0,0,0
4,674,0,0,0,0,0
4,675,0,0,0,0,0
4,676,0,0,0,0,0
4,677,0,0,0,0,0
4,678,0,0,0,0,0
4,679,0,0,0,0,0
4,680,0,0,0,0,0
4,681,0,0,0,0,0
4,682,0,0,0,0,0
4,683,0,0,0,0,0
4,684,0,0,0,0,0
4,685,0,0,0,0,0
4,686,0,0,0,0,0
4,687,0,0,0,0,0
4,688,0,0,0,0,0
4,689,0,0,0,0,0
4,690,0,0,0,0,0
4,691,0,0,0,0,0
4,692,0,0,0,0,0
4,693,0,0,0,0,0
4,694,0,0,0,0,0
4,695,0,0,0,0,0
4,696,0,0,0,0,0
4,697,0,0,0,0,0
4,698,0,0,0,0,0
4,699,0,0,0,0,0
4,700,0,0,0,0,0
4,701,0,0,0,0,0
4,702,0,0,0,0,0
4,703,0,0,0,0,0
4,704,0,0,0,0,0
4,705,0,0,0,0,0
4,706,0,0,0,0,0
4,707,0,0,0,0,0
4,708,0,0,0,0,0
4,709,0,0,0,0,0
4,710,0,0,0,0,0
4,711,0,0,0,0,0
4,712,0,0,0,0,0
4,713,0,0,0,0,0
4,714,0,0,0,0,0
4,715,0,0,0,0,0
4,716,0,0,0,0,0
4,717,0,0,0,0,0
4,718,0,0,0,0,0
4,719,0,0,0,0,0
4,720,0,0,0,0,0
4,721,0,0,0,0,0
4,722,0,0,0,0,0
4,723,0,0,0,0,0
4,724,0,0,0,0,0
4,725,0,0,0,0,0
4,726,0,0,0,0,0
4,727,0,0,0,0,0
4,728,0,0,0,0,0
4,729,0,0,0,0,0
4,730,0,0,0,0,0
4,731,0,0,0,0,0
4,732,0,0,0,0,0
4,733,0,0,0,0,0
4,734,0,0,0,0,0
4,735,0,0,0,0,0
4,736,0,0,0,0,0
4,737,0,0,0,0,0
4,738,0,0,0,0,0
4,739,0,0,0,0,0
4,740,0,0,0,0,0
4,741,0,0,0,0,0
4,742,0,0,0,0,0
4,743,0,0,0,0,0
4,744,0,0,0,0,0
4,745,0,0,0,0,0
4,746,0,0,0,0,0
4,747,0,0,0,0,0
4,748,0,0,0,0,0
4,749,0,0,0,0,0
4,750,0,0,0,0,0
4,751,0,0,0,0,0
4,752,0,0,0,0,0
4,753,0,0,0,0,0
4,754,0,0,0,0,0
4,755,0,0,0,0,0
4,756,0,0,0,0,0
4,757,0,0,0,0,0
4,758,0,0,0,0,0
4,759,0,0,0,0,0
4,760,0,0,0,0,0
4,761,0,0,0,0,0
4,762,0,0,0,0,0
4,763,0,0,0,0,0
4,764,0,0,0,0,0
4,765,0,0,0,0,0
4,766,0,0,0,0,0
4,767,0,0,0,0,0
4,768,0,0,0,0,0
4,769,0,0,0,0,0
4,770,0,0,0,0,0
4,771,0,0,0,0,0
4,772,0,0,0,0,0
4,773,0,0,0,0,0
4,774,0,0,0,0,0
4,775,0,0,0,0,0
4,776,0,0,0,0,0
4,777,0,0,0,0,0
4,778,0,0,0,0,0
4,779,0,0,0,0,0
4,780,0,0,0,0,0
4,781,0,0,0,0,0
4,782,0,0,0,0,0
4,783,0,0,0,0,0
4,784,0,0,0,0,0
4,785,0,0,0,0,0
4,786,0,0,0,0,0
4,787,0,0,0,0,0
4,788,0,0,0,0,0
4,789,0,0,0,0,0
4,790,0,0,0,0,0
4,791,0,0,0,0,0
4,792,0,0,0,0,0
4,793,0,0,0,0,0
4,794,0,0,0,0,0
4,795,0,0,0,0,0
4,796,0,0,0,0,0
4,797,0,0,0,0,0
4,798,0,0,0,0,0
4,799,0,0,0,0,0
4,800,0,0,0,0,0
4,801,0,0,0,0,0
4,802,0,0,0,0,0
4,803,0,0,0,0,0
4,804,0,0,0,0,0
4,805,0,0,0,0,0
4,806,0,0,0,0,0
4,807,0,0,0,0,0
4,808,0,0,0,0,0
4,809,0,0,0,0,0
4,810,0,0,0,0,0
4,811,0,0,0,0,0
4,812,0,0,0,0,0
4,813,0,0,0,0,0
4,814,0,0,0,0,0
4,815,0,0,0,0,0
4,816,0,0,0,0,0
4,817,0,0,0,0,0
4,818,0,0,0,0,0
4,819,0,0,0,0,0
4,820,0,0,0,0,0
4,821,0,0,0,0,0
4,822,0,0,0,0,0
4,823,0,0,0,0,0
4,824,0,0,0,0,0
4,825,0,0,0,0,0
4,826,0,0,0,0,0
4,827,0,0,0,0,0
4,828,0,0,0,0,0
4,829,0,0,0,0,0
4,830,0,0,0,0,0
4,831,0,0,0,0,0
4,832,0,0,0,0,0
4,833,0,0,0,0,0
4,834,0,0,0,0,0
4,835,0,0,0,0,0
4,836,0,0,0,0,0
4,837,0,0,0,0,0
4,838,0,0,0,0,0
4,839,0,0,0,0,0
4,840,0,0,0,0,0
4,841,0,0,0,0,0
4,842,0,0,0,0,0
4,843,0,0,0,0,0
4,844,0,0,0,0,0
4,845,0,0,0,0,0
4,846,0,0,0,0,0
4,847,0,0,0,0,0
4,848,0,0,0,0,0
4,849,0,0,0,0,0
4,850,0,0,0,0,0
4,851,0,0,0,0,0
4,852,0,0,0,0,0
4,853,0,0,0,0,0
4,854,0,0,0,0,0
4,855,0,0,0,0,0
4,856,0,0,0,0,0
4,857,0,0,0,0,0
4,858,0,0,0,0,0
4,859,0,0,0,0,0
4,860,0,0,0,0,0
4,861,0,0,0,0,0
4,862,0,0,0,0,0
4,863,0,0,0,0,0
4,864,0,0,0,0,0
4,865,0,0,0,0,0
4,866,0,0,0,0,0
4,867,0,0,0,0,0
4,868,0,0,0,0,0
4,869,0,0,0,0,0
4,870,0,0,0,0,0
4,871,0,0,0,0,0
4,872,0,0,0,0,0
4,873,0,0,0,0,0
4,874,0,0,0,0,0
4,875,0,0,0,0,0
4,876,0,0,0,0,0
4,877,0,0,0,0,0
4,878,0,0,0,0,0
4,879,0,0,0,0,0
4,880,0,0,0,0,0
4,881,0,0,0,0,0
4,882,0,0,0,0,0
4,883,0,0,0,0,0
4,884,0,0,0,0,0
4,885,0,0,0,0,0
4,886,0,0,0,0,0
4,887,0,0,0,0,0
4,888,0,0,0,0,0
4,889,0,0,0,0,0
4,890,0,0,0,0,0
4,891,0,0,0,0,0
4,892,0,0,0,0,0
4,893,0,0,0,0,0
4,894,0,0,0,0,0
4,895,0,0,0,0,0
4,896,0,0,0,0,0
4,897,0,0,0,0,0
4,898,0,0,0,0,0
4,899,0,0,0,0,0
4,900,0,0,0,0,0
4,901,0,0,0,0,0
4,902,0,0,0,0,0
4,903,0,0,0,0,0
4,904,0,0,0,0,0
4,905,0,0,0,0,0
4,906,0,0,0,0,0
4,907,0,0,0,0,0
4,908,0,0,0,0,0
4,909,0,0,0,0,0
4,910,0,0,0,0,0
4,911,0,0,0,0,0
4,912,0,0,0,0,0
4,913,0,0,0,0,0
4,914,0,0,0,0,0
4,915,0,0,0,0,0
4,916,0,0,0,0,0
4,917,0,0,0,0,0
4,918,0,0,0,0,0
4,919,0,0,0,0,0
4,920,0,0,0,0,0
4,921,0,0,0,0,0
4,922,0,0,0,0,0
4,923,0,0,0,0,0
4,924,0,0,0,0,0
4,925,0,0,0,0,0
4,926,0,0,0,0,0
4,927,0,0,0,0,0
4,928,0,0,0,0,0
4,929,0,0,0,0,0
4,930,0,0,0,0,0
4,931,0,0,0,0,0
4,932,0,0,0,0,0
4,933,0,0,0,0,0
4,934,0,0,0,0,0
4,935,0,0,0,0,0
4,936,0,0,0,0,0
4,937,0,0,0,0,0
4,938,0,0,0,0,0
4,939,0,0,0,0,0
4,940,0,0,0,0,0
4,941,0,0,0,0,0
4,942,0,0,0,0,0
4,943,0,0,0,0,0
4,944,0,0,0,0,0
4,945,0,0,0,0,0
4,946,0,0,0,0,0
4,947,0,0,0,0,0
4,948,0,0,0,0,0
4,949,0,0,0,0,0
4,950,0,0,0,0,0
4,951,0,0,0,0,0
4,952,0,0,0,0,0
4,953,0,0,0,0,0
4,954,0,0,0,0,0
4,955,0,0,0,0,0
4,956,0,0,0,0,0
4,957,0,0,0,0,0
4,958,0,0,0,0,0
4,959,0,0,0,0,0
4,960,0,0,0,0,0
4,961,0,0,0,0,0
4,962,0,0,0,0,0
4,963,0,0,0,0,0
4,964,0,0,0,0,0
4,965,0,0,0,0,0
4,966,0,0,0,0,0
4,967,0,0,0,0,0
4,968,0,0,0,0,0
4,969,0,0,0,0,0
4,970,0,0,0,0,0
4,971,0,0,0,0,0
4,972,0,0,0,0,0
4,973,0,0,0,0,0
4,974,0,0,0,0,0
4,975,0,0,0,0,0
4,976,0,0,0,0,0
4,977,0,0,0,0,0
4,978,0,0,0,0,0
4,979,0,0,0,0,0
4,980,0,0,0,0,0
4,981,0,0,0,0,0
4,982,0,0,0,0,0
4,983,0,0,0,0,0
4,984,0,0,0,0,0
4,985,0,0,0,0,0
4,986,0,0,0,0,0
4,987,0,0,0,0,0
4,988,0,0,0,0,0
4,989,0,0,0,0,0
4,990,0,0,0,0,0
4,991,0,0,0,0,0
4,992,0,0,0,0,0
4,993,0,0,0,0,0
4,994,0,0,0,0,0
4,995,0,0,0,0,0
4,996,0,0,0,0,0
4,997,0,0,0,0,0
4,998,0,0,0,0,0
4,999,0,0,0,0,0
5,0,0,0,0,0,0
5,1,0,0,0,0,0
5,2,0,0,0,0,0
5,3,0,0,0,0,0
5,4,0,0,0,0,0
5,5,0,0,0,0,0
5,6,0,0,0,0,0
5,7,0,0,0,0,0
5,8,0,0,0,0,0
5,9,0,0,0,0,0
5,10,0,0,0,0,0
5,11,0,0,0,0,0
5,12,0,0,0,0,0
5,13,0,0,0,0,0
5,14,0,0,0,0,0
5,15,0,0,0,0,0
5,16,0,0,0,0,0
5,17,0,0,0,0,0
5,18,0,0,0,0,0
5,19,0,0,0,0,0
5,20,0,0,0,0,0
5,21,0,0,0,0,0
5,22,0,0,0,0,0
5,23,0,0,0,0,0
5,24,0,0,0,0,0
5,25,0,0,0,0,0
5,26,0,0,0,0,0
5,27,0,0,0,0,0
5,28,0,0,0,0,0
5,29,0,0,0,0,0
5,30,0,0,0,0,0
5,31,0,0,0,0,0
5,32,0,0,0,0,0
5,33,0,0,0,0,0
5,34,0,0,0,0,0
5,35,0,0,0,0,0
5,36,0,0,0,0,0
5,37,0,0,0,0,0
5,38,0,0,0,0,0
5,39,0,0,0,0,0
5,40,0,0,0,0,0
5,41,0,0,0,0,0
5,42,0,0,0,0,0
5,43,0,0,0,0,0
5,44,0,0,0,0,0
5,45,0,0,0,0,0
5,46,0,0,0,0,0
5,47,0,0,0,0,0
5,48,0,0,0,0,0
5,49,0,0,0,0,0
5,50,0,0,0,0,0
5,51,0,0,0,0,0
5,52,0,0,0,0,0
5,53,0,0,0,0,0
5,54,0,0,0,0,0
5,55,0,0,0,0,0
5,56,0,0,0,0,0
5,57,0,0,0,0,0
5,58,0,0,0,0,0
5,59,0,0,0,0,0
5,60,0,0,0,0,0
5,61,0,0,0,0,0
5,62,0,0,0,0,0
5,63,0,0,0,0,0
5,64,0,0,0,0,0
5,65,0,0,0,0,0
5,66,0,0,0,0,0
5,67,0,0,0,0,0
5,68,0,0,0,0,0
5,69,0,0,0,0,0
5,70,0,0,0,0,0
5,71,0,0,0,0,0
5,72,0,0,0,0,0
5,73,0,0,0,0,0
5,74,0,0,0,0,0
5,75,0,0,0,0,0
5,76,0,0,0,0,0
5,77,0,0,0,0,0
5,78,0,0,0,0,0
5,79,0,0,0,0,0
5,80,0,0,0,0,0
5,81,0,0,0,0,0
5,82,0,0,0,0,0
5,83,0,0,0,0,0
5,84,0,0,0,0,0
5,85,0,0,0,0,0
5,86,0,0,0,0,0
5,87,0,0,0,0,0
5,88,0,0,0,0,0
5,89,0,0,0,0,0
5,90,0,0,0,0,0
5,91,0,0,0,0,0
5,92,0,0,0,0,0
5,93,0,0,0,0,0
5,94,0,0,0,0,0
5,95,0,0,0,0,0
5,96,0,0,0,0,0
5,97,0,0,0,0,0
5,98,0,0,0,0,0
5,99,0,0,0,0,0
5,100,0,0,0,0,0
5,101,0,0,0,0,0
5,102,0,0,0,0,0
5,103,0,0,0,0,0
5,104,0,0,0,0,0
5,105,0,0,0,0,0
5,106,0,0,0,0,0
5,107,0,0,0,0,0
5,108,0,0,0,0,0
5,109,0,0,0,0,0
5,110,0,0,0,0,0
5,111,0,0,0,0,0
5,112,0,0,0,0,0
5,113,0,0,0,0,0
5,114,0,0,0,0,0
5,115,0,0,0,0,0
5,116,0,0,0,0,0
5,117,0,0,0,0,0
5,118,0,0,0,0,0
5,119,0,0,0,0,0
5,120,0,0,0,0,0
5,121,0,0,0,0,0
5,122,0,0,0,0,0
5,123,0,0,0,0,0
5,124,0,0,0,0,0
5,125,0,0,0,0,0
5,126,0,0,0,0,0
5,127,0,0,0,0,0
5,128,0,0,0,0,0
5,129,0,0,0,0,0
5,130,0,0,0,0,0
5,131,0,0,0,0,0
5,132,0,0,0,0,0
5,133,0,0,0,0,0
5,134,0,0,0,0,0
5,135,0,0,0,0,0
5,136,0,0,0,0,0
5,137,0,0,0,0,0
5,138,0,0,0,0,0
5,139,0,0,0,0,0
5,140,0,0,0,0,0
5,141,0,0,0,0,0
5,142,0,0,0,0,0
5,143,0,0,0,0,0
5,144,0,0,0,0,0
5,145,0,0,0,0,0
5,146,0,0,0,0,0
5,147,0,0,0,0,0
5,148,0,0,0,0,0
5,149,0,0,0,0,0
5,150,0,0,0,0,0
5,151,0,0,0,0,0
5,152,0,0,0,0,0
5,153,0,0,0,0,0
5,154,0,0,0,0,0
5,155,0,0,0,0,0
5,156,0,0,0,0,0
5,157,0,0,0,0,0
5,158,0,0,0,0,0
5,159,0,0,0,0,0
5,160,0,0,0,0,0
5,161,0,0,0,0,0
5,162,0,0,0,0,0
5,163,0,0,0,0,0
5,164,0,0,0,0,0
5,165,0,0,0,0,0
5,166,0,0,0,0,0
5,167,0,0,0,0,0
5,168,0,0,0,0,0
5,169,0,0,0,0,0
5,170,0,0,0,0,0
5,171,0,0,0,0,0
5,172,0,0,0,0,0
5,173,0,0,0,0,0
5,174,0,0,0,0,0
5,175,0,0,0,0,0
5,176,0,0,0,0,0
5,177,0,0,0,0,0
5,178,0,0,0,0,0
5,179,0,0,0,0,0
5,180,0,0,0,0,0
5,181,0,0,0,0,0
5,182,0,0,0,0,0
5,183,0,0,0,0,0
5,184,0,0,0,0,0
5,185,0,0,0,0,0
5,186,0,0,0,0,0
5,187,0,0,0,0,0
5,188,0,0,0,0,0
5,189,0,0,0,0,0
5,190,0,0,0,0,0
5,191,0,0,0,0,0
5,192,0,0,0,0,0
5,193,0,0,0,0,0
5,194,0,0,0,0,0
5,195,0,0,0,0,0
5,196,0,0,0,0,0
5,197,0,0,0,0,0
5,198,0,0,0,0,0
5,199,0,0,0,0,0
5,200,0,0,0,0,0
5,201,0,0,0,0,0
5,202,0,0,0,0,0
5,203,0,0,0,0,0
5,204,0,0,0,0,0
5,205,0,0,0,0,0
5,206,0,0,0,0,0
5,207,0,0,0,0,0
5,208,0,0,0,0,0
5,209,0,0,0,0,0
5,210,0,0,0,0,0
5,211,0,0,0,0,0
5,212,0,0,0,0,0
5,213,0,0,0,0,0
5,214,0,0,0,0,0
5,215,0,0,0,0,0
5,216,0,0,0,0,0
5,217,0,0,0,0,0
5,218,0,0,0,0,0
5,219,0,0,0,0,0
5,220,0,0,0,0,0
5,221,0,0,0,0,0
5,222,0,0,0,0,0
5,223,0,0,0,0,0
5,224,0,0,0,0,0
5,225,0,0,0,0,0
5,226,0,0,0,0,0
5,227,0,0,0,0,0
5,228,0,0,0,0,0
5,229,0,0,0,0,0
5,230,0,0,0,0,0
5,231,0,0,0,0,0
5,232,0,0,0,0,0
5,233,0,0,0,0,0
5,234,0,0,0,0,0
5,235,0,0,0,0,0
5,236,0,0,0,0,0
5,237,0,0,0,0,0
5,238,0,0,0,0,0
5,239,0,0,0,0,0
5,240,0,0,0,0,0
5,241,0,0,0,0,0
5,242,0,0,0,0,0
5,243,0,0,0,0,0
5,244,0,0,0,0,0
5,245,0,0,0,0,0
5,246,0,0,0,0,0
5,247,0,0,0,0,0
5,248,0,0,0,0,0
5,249,0,0,0,0,0
5,250,0,0,0,0,0
5,251,0,0,0,0,0
5,252,0,0,0,0,0
5,253,0,0,0,0,0
5,254,0,0,0,0,0
5,255,0,0,0,0,0
5,256,0,0,0,0,0
5,257,0,0,0,0,0
5,258,0,0,0,0,0
5,259,0,0,0,0,0
5,260,0,0,0,0,0
5,261,0,0,0,0,0
5,262,0,0,0,0,0
5,263,0,0,0,0,0
5,264,0,0,0,0,0
5,265,0,0,0,0,0
5,266,0,0,0,0,0
5,267,0,0,0,0,0
5,268,0,0,0,0,0
5,269,0,0,0,0,0
5,270,0,0,0,0,0
5,271,0,0,0,0,0
5,272,0,0,0,0,0
5,273,0,0,0,0,0
5,274,0,0,0,0,0
5,275,0,0,0,0,0
5,276,0,0,0,0,0
5,277,0,0,0,0,0
5,278,0,0,0,0,0
5,279,0,0,0,0,0
5,280,0,0,0,0,0
5,281,0,0,0,0,0
5,282,0,0,0,0,0
5,283,0,0,0,0,0
5,284,0,0,0,0,0
5,285,0,0,0,0,0
5,286,0,0,0,0,0
5,287,0,0,0,0,0
5,288,0,0,0,0,0
5,289,0,0,0,0,0
5,290,0,0,0,0,0
5,291,0,0,0,0,0
5,292,0,0,0,0,0
5,293,0,0,0,0,0
5,294,0,0,0,0,0
5,295,0,0,0,0,0
5,296,0,0,0,0,0
5,297,0,0,0,0,0
5,298,0,0,0,0,0
5,299,0,0,0,0,0
5,300,0,0,0,0,0
5,301,0,0,0,0,0
5,302,0,0,0,0,0
5,303,0,0,0,0,0
5,304,0,0,0,0,0
5,305,0,0,0,0,0
5,306,0,0,0,0,0
5,307,0,0,0,0,0
5,308,0,0,0,0,0
5,309,0,0,0,0,0
5,310,0,0,0,0,0
5,311,0,0,0,0,0
5,312,0,0,0,0,0
5,313,0,0,0,0,0
5,314,0,0,0,0,0
5,315,0,0,0,0,0
5,316,0,0,0,0,0
5,317,0,0,0,0,0
5,318,0,0,0,0,0
5,319,0,0,0,0,0
5,320,0,0,0,0,0
5,321,0,0,0,0,0
5,322,0,0,0,0,0
5,323,0,0,0,0,0
5,324,0,0,0,0,0
5,325,0,0,0,0,0
5,326,0,0,0,0,0
5,327,0,0,0,0,0
5,328,0,0,0,0,0
5,329,0,0,0,0,0
5,330,0,0,0,0,0
5,331,0,0,0,0,0
5,332,0,0,0,0,0
5,333,0,0,0,0,0
5,334,0,0,0,0,0
5,335,0,0,0,0,0
5,336,0,0,0,0,0
5,337,0,0,0,0,0
5,338,0,0,0,0,0
5,339,0,0,0,0,0
5,340,0,0,0,0,0
5,341,0,0,0,0,0
5,342,0,0,0,0,0
5,343,0,0,0,0,0
5,344,0,0,0,0,0
5,345,0,0,0,0,0
5,346,0,0,0,0,0
5,347,0,0,0,0,0
5,348,0,0,0,0,0
5,349,0,0,0,0,0
5,350,0,0,0,0,0
5,351,0,0,0,0,0
5,352,0,0,0,0,0
5,353,0,0,0,0,0
5,354,0,0,0,0,0
5,355,0,0,0,0,0
5,356,0,0,0,0,0
5,357,0,0,0,0,0
5,358,0,0,0,0,0
5,359,0,0,0,0,0
5,360,0,0,0,0,0
5,361,0,0,0,0,0
5,362,0,0,0,0,0
5,363,0,0,0,0,0
5,364,0,0,0,0,0
5,365,0,0,0,0,0
5,366,0,0,0,0,0
5,367,0,0,0,0,0
5,368,0,0,0,0,0
5,369,0,0,0,0,0
5,370,0,0,0,0,0
5,371,0,0,0,0,0
5,372,0,0,0,0,0
5,373,0,0,0,0,0
5,374,0,0,0,0,0
5,375,0,0,0,0,0
5,376,0,0,0,0,0
5,377,0,0,0,0,0
5,378,0,0,0,0,0
5,379,0,0,0,0,0
5,380,0,0,0,0,0
5,381,0,0,0,0,0
5,382,0,0,0,0,0
5,383,0,0,0,0,0
5,384,0,0,0,0,0
5,385,0,0,0,0,0
5,386,0,0,0,0,0
5,387,0,0,0,0,0
5,388,0,0,0,0,0
5,389,0,0,0,0,0
5,390,0,0,0,0,0
5,391,0,0,0,0,0
5,392,0,0,0,0,0
5,393,0,0,0,0,0
5,394,0,0,0,0,0
5,395,0,0,0,0,0
5,396,0,0,0,0,0
5,397,0,0,0,0,0
5,398,0,0,0,0,0
5,399,0,0,0,0,0
5,400,0,0,0,0,0
5,401,0,0,0,0,0
5,402,0,0,0,0,0
5,403,0,0,0,0,0
5,404,0,0,0,0,0
5,405,0,0,0,0,0
5,406,0,0,0,0,0
5,407,0,0,0,0,0
5,408,0,0,0,0,0
5,409,0,0,0,0,0
5,410,0,0,0,0,0
5,411,0,0,0,0,0
5,412,0,0,0,0,0
5,413,0,0,0,0,0
5,414,0,0,0,0,0
5,415,0,0,0,0,0
5,416,0,0,0,0,0
5,417,0,0,0,0,0
5,418,0,0,0,0,0
5,419,0,0,0,0,0
5,420,0,0,0,0,0
5,421,0,0,0,0,0
5,422,0,0,0,0,0
5,423,0,0,0,0,0
5,424,0,0,0,0,0
5,425,0,0,0,0,0
5,426,0,0,0,0,0
5,427,0,0,0,0,0
5,428,0,0,0,0,0
5,429,0,0,0,0,0
5,430,0,0,0,0,0
5,431,0,0,0,0,0
5,432,0,0,0,0,0
5,433,0,0,0,0,0
5,434,0,0,0,0,0
5,435,0,0,0,0,0
5,436,0,0,0,0,0
5,437,0,0,0,0,0
5,438,0,0,0,0,0
5,439,0,0,0,0,0
5,440,0,0,0,0,0
5,441,0,0,0,0,0
5,442,0,0,0,0,0
5,443,0,0,0,0,0
5,444,0,0,0,0,0
5,445,0,0,0,0,0
5,446,0,0,0,0,0
5,447,0,0,0,0,0
5,448,0,0,0,0,0
5,449,0,0,0,0,0
5,450,0,0,0,0,0
5,451,0,0,0,0,0
5,452,0,0,0,0,0
5,453,0,0,0,0,0
5,454,0,0,0,0,0
5,455,0,0,0,0,0
5,456,0,0,0,0,0
5,457,0,0,0,0,0
5,458,0,0,0,0,0
5,459,0,0,0,0,0
5,460,0,0,0,0,0
5,461,0,0,0,0,0
5,462,0,0,0,0,0
5,463,0,0,0,0,0
5,464,0,0,0,0,0
5,465,0,0,0,0,0
5,466,0,0,0,0,0
5,467,0,0,0,0,0
5,468,0,0,0,0,0
5,469,0,0,0,0,0
5,470,0,0,0,0,0
5,471,0,0,0,0,0
5,472,0,0,0,0,0
5,473,0,0,0,0,0
5,474,0,0,0,0,0
5,475,0,0,0,0,0
5,476,0,0,0,0,0
5,477,0,0,0,0,0
5,478,0,0,0,0,0
5,479,0,0,0,0,0
5,480,0,0,0,0,0
5,481,0,0,0,0,0
5,482,0,0,0,0,0
5,483,0,0,0,0,0
5,484,0,0,0,0,0
5,485,0,0,0,0,0
5,486,0,0,0,0,0
5,487,0,0,0,0,0
5,488,0,0,0,0,0
5,489,0,0,0,0,0
5,490,0,0,0,0,0
5,491,0,0,0,0,0
5,492,0,0,0,0,0
5,493,0,0,0,0,0
5,494,0,0,0,0,0
5,495,0,0,0,0,0
5,496,0,0,0,0,0
5,497,0,0,0,0,0
5,498,0,0,0,0,0
5,499,0,0,0,0,0
5,500,0,0,0,0,0
5,501,0,0,0,0,0
5,502,0,0,0,0,0
5,503,0,0,0,0,0
5,504,0,0,0,0,0
5,505,0,0,0,0,0
5,506,0,0,0,0,0
5,507,0,0,0,0,0
5,508,0,0,0,0,0
5,509,0,0,0,0,0
5,510,0,0,0,0,0
5,511,0,0,0,0,0
5,512,0,0,0,0,0
5,513,0,0,0,0,0
5,514,0,0,0,0,0
5,515,0,0,0,0,0
5,516,0,0,0,0,0
5,517,0,0,0,0,0
5,518,0,0,0,0,0
5,519,0,0,0,0,0
5,520,0,0,0,0,0
5,521,0,0,0,0,0
5,522,0,0,0,0,0
5,523,0,0,0,0,0
5,524,0,0,0,0,0
5,525,0,0,0,0,0
5,526,0,0,0,0,0
5,527,0,0,0,0,0
5,528,0,0,0,0,0
5,529,0,0,0,0,0
5,530,0,0,0,0,0
5,531,0,0,0,0,0
5,532,0,0,0,0,0
5,533,0,0,0,0,0
5,534,0,0,0,0,0
5,535,0,0,0,0,0
5,536,0,0,0,0,0
5,537,0,0,0,0,0
5,538,0,0,0,0,0
5,539,0,0,0,0,0
5,540,0,0,0,0,0
5,541,0,0,0,0,0
5,542,0,0,0,0,0
5,543,0,0,0,0,0
5,544,0,0,0,0,0
5,545,0,0,0,0,0
5,546,0,0,0,0,0
5,547,0,0,0,0,0
5,548,0,0,0,0,0
5,549,0,0,0,0,0
5,550,0,0,0,0,0
5,551,0,0,0,0,0
5,552,0,0,0,0,0
5,553,0,0,0,0,0
5,554,0,0,0,0,0
5,555,0,0,0,0,0
5,556,0,0,0,0,0
5,557,0,0,0,0,0
5,558,0,0,0,0,0
5,559,0,0,0,0,0
5,560,0,0,0,0,0
5,561,0,0,0,0,0
5,562,0,0,0,0,0
5,563,0,0,0,0,0
5,564,0,0,0,0,0
5,565,0,0,0,0,0
5,566,0,0,0,0,0
5,567,0,0,0,0,0
5,568,0,0,0,0,0
5,569,0,0,0,0,0
5,570,0,0,0,0,0
5,571,0,0,0,0,0
5,572,0,0,0,0,0
5,573,0,0,0,0,0
5,574,0,0,0,0,0
5,575,0,0,0,0,0
5,576,0,0,0,0,0
5,577,0,0,0,0,0
5,578,0,0,0,0,0
5,579,0,0,0,0,0
5,580,0,0,0,0,0
5,581,0,0,0,0,0
5,582,0,0,0,0,0
5,583,0,0,0,0,0
5,584,0,0,0,0,0
5,585,0,0,0,0,0
5,586,0,0,0,0,0
5,587,0,0,0,0,0
5,588,0,0,0,0,0
5,589,0,0,0,0,0
5,590,0,0,0,0,0
5,591,0,0,0,0,0
5,592,0,0,0,0,0
5,593,0,0,0,0,0
5,594,0,0,0,0,0
5,595,0,0,0,0,0
5,596,0,0,0,0,0
5,597,0,0,0,0,0
5,598,0,0,0,0,0
5,599,0,0,0,0,0
5,600,0,0,0,0,0
5,601,0,0,0,0,0
5,602,0,0,0,0,0
5,603,0,0,0,0,0
5,604,0,0,0,0,0
5,605,0,0,0,0,0
5,606,0,0,0,0,0
5,607,0,0,0,0,0
5,608,0,0,0,0,0
5,609,0,0,0,0,0
5,610,0,0,0,0,0
5,611,0,0,0,0,0
5,612,0,0,0,0,0
5,613,0,0,0,0,0
5,614,0,0,0,0,0
5,615,0,0,0,0,0
5,616,0,0,0,0,0
5,617,0,0,0,0,0
5,618,0,0,0,0,0
5,619,0,0,0,0,0
5,620,0,0,0,0,0
5,621,0,0,0,0,0
5,622,0,0,0,0,0
5,623,0,0,0,0,0
5,624,0,0,0,0,0
5,625,0,0,0,0,0
5,626,0,0,0,0,0
5,627,0,0,0,0,0
5,628,0,0,0,0,0
5,629,0,0,0,0,0
5,630,0,0,0,0,0
5,631,0,0,0,0,0
5,632,0,0,0,0,0
5,633,0,0,0,0,0
5,634,0,0,0,0,0
5,635,0,0,0,0,0
5,636,0,0,0,0,0
5,637,0,0,0,0,0
5,638,0,0,0,0,0
5,639,0,0,0,0,0
5,640,0,0,0,0,0
5,641,0,0,0,0,0
5,642,0,0,0,0,0
5,643,0,0,0,0,0
5,644,0,0,0,0,0
5,645,0,0,0,0,0
5,646,0,0,0,0,0
5,647,0,0,0,0,0
5,648,0,0,0,0,0
5,649,0,0,0,0,0
5,650,0,0,0,0,0
5,651,0,0,0,0,0
5,652,0,0,0,0,0
5,653,0,0,0,0,0
5,654,0,0,0,0,0
5,655,0,0,0,0,0
5,656,0,0,0,0,0
5,657,0,0,0,0,0
5,658,0,0,0,0,0
5,659,0,0,0,0,0
5,660,0,0,0,0,0
5,661,0,0,0,0,0
5,662,0,0,0,0,0
5,663,0,0,0,0,0
5,664,0,0,0,0,0
5,665,0,0,0,0,0
5,666,0,0,0,0,0
5,667,0,0,0,0,0
5,668,0,0,0,0,0
5,669,0,0,0,0,0
5,670,0,0,0,0,0
5,671,0,0,0,0,0
5,672,0,0,0,0,0
5,673,0,0,0,0,0
5,674,0,0,0,0,0
5,675,0,0,0,0,0
5,676,0,0,0,0,0
5,677,0,0,0,0,0
5,678,0,0,0,0,0
5,679,0,0,0,0,0
5,680,0,0,0,0,0
5,681,0,0,0,0,0
5,682,0,0,0,0,0
5,683,0,0,0,0,0
5,684,0,0,0,0,0
5,685,0,0,0,0,0
5,686,0,0,0,0,0
5,687,0,0,0,0,0
5,688,0,0,0,0,0
5,689,0,0,0,0,0
5,690,0,0,0,0,0
5,691,0,0,0,0,0
5,692,0,0,0,0,0
5,693,0,0,0,0,0
5,694,0,0,0,0,0
5,695,0,0,0,0,0
5,696,0,0,0,0,0
5,697,0,0,0,0,0
5,698,0,0,0,0,0
5,699,0,0,0,0,0
5,700,0,0,0,0,0
5,701,0,0,0,0,0
5,702,0,0,0,0,0
5,703,0,0,0,0,0
5,704,0,0,0,0,0
5,705,0,0,0,0,0
5,706,0,0,0,0,0
5,707,0,0,0,0,0
5,708,0,0,0,0,0
5,709,0,0,0,0,0
5,710,0,0,0,0,0
5,711,0,0,0,0,0
5,712,0,0,0,0,0
5,713,0,0,0,0,0
5,714,0,0,0,0,0
5,715,0,0,0,0,0
5,716,0,0,0,0,0
5,717,0,0,0,0,0
5,718,0,0,0,0,0
5,719,0,0,0,0,0
5,720,0,0,0,0,0
5,721,0,0,0,0,0
5,722,0,0,0,0,0
5,723,0,0,0,0,0
5,724,0,0,0,0,0
5,725,0,0,0,0,0
5,726,0,0,0,0,0
5,727,0,0,0,0,0
5,728,0,0,0,0,0
5,729,0,0,0,0,0
5,730,0,0,0,0,0
5,731,0,0,0,0,0
5,732,0,0,0,0,0
5,733,0,0,0,0,0
5,734,0,0,0,0,0
5,735,0,0,0,0,0
5,736,0,0,0,0,0
5,737,0,0,0,0,0
5,738,0,0,0,0,0
5,739,0,0,0,0,0
5,740,0,0,0,0,0
5,741,0,0,0,0,0
5,742,0,0,0,0,0
5,743,0,0,0,0,0
5,744,0,0,0,0,0
5,745,0,0,0,0,0
5,746,0,0,0,0,0
5,747,0,0,0,0,0
5,748,0,0,0,0,0
5,749,0,0,0,0,0
5,750,0,0,0,0,0
5,751,0,0,0,0,0
5,752,0,0,0,0,0
5,753,0,0,0,0,0
5,754,0,0,0,0,0
5,755,0,0,0,0,0
5,756,0,0,0,0,0
5,757,0,0,0,0,0
5,758,0,0,0,0,0
5,759,0,0,0,0,0
5,760,0,0,0,0,0
5,761,0,0,0,0,0
5,762,0,0,0,0,0
5,763,0,0,0,0,0
5,764,0,0,0,0,0
5,765,0,0,0,0,0
5,766,0,0,0,0,0
5,767,0,0,0,0,0
5,768,0,0,0,0,0
5,769,0,0,0,0,0
5,770,0,0,0,0,0
5,771,0,0,0,0,0
5,772,0,0,0,0,0
5,773,0,0,0,0,0
5,774,0,0,0,0,0
5,775,0,0,0,0,0
5,776,0,0,0,0,0
5,777,0,0,0,0,0
5,778,0,0,0,0,0
5,779,0,0,0,0,0
5,780,0,0,0,0,0
5,781,0,0,0,0,0
5,782,0,0,0,0,0
5,783,0,0,0,0,0
5,784,0,0,0,0,0
5,785,0,0,0,0,0
5,786,0,0,0,0,0
5,787,0,0,0,0,0
5,788,0,0,0,0,0
5,789,0,0,0,0,0
5,790,0,0,0,0,0
5,791,0,0,0,0,0
5,792,0,0,0,0,0
5,793,0,0,0,0,0
5,794,0,0,0,0,0
5,795,0,0,0,0,0
5,796,0,0,0,0,0
5,797,0,0,0,0,0
5,798,0,0,0,0,0
5,799,0,0,0,0,0
5,800,0,0,0,0,0
5,801,0,0,0,0,0
5,802,0,0,0,0,0
5,803,0,0,0,0,0
5,804,0,0,0,0,0
5,805,0,0,0,0,0
5,806,0,0,0,0,0
5,807,0,0,0,0,0
5,808,0,0,0,0,0
5,809,0,0,0,0,0
5,810,0,0,0,0,0
5,811,0,0,0,0,0
5,812,0,0,0,0,0
5,813,0,0,0,0,0
5,814,0,0,0,0,0
5,815,0,0,0,0,0
5,816,0,0,0,0,0
5,817,0,0,0,0,0
5,818,0,0,0,0,0
5,819,0,0,0,0,0
5,820,0,0,0,0,0
5,821,0,0,0,0,0
5,822,0,0,0,0,0
5,823,0,0,0,0,0
5,824,0,0,0,0,0
5,825,0,0,0,0,0
5,826,0,0,0,0,0
5,827,0,0,0,0,0
5,828,0,0,0,0,0
5,829,0,0,0,0,0
5,830,0,0,0,0,0
5,831,0,0,0,0,0
5,832,0,0,0,0,0
5,833,0,0,0,0,0
5,834,0,0,0,0,0
5,835,0,0,0,0,0
5,836,0,0,0,0,0
5,837,0,0,0,0,0
5,838,0,0,0,0,0
5,839,0,0,0,0,0
5,840,0,0,0,0,0
5,841,0,0,0,0,0
5,842,0,0,0,0,0
5,843,0,0,0,0,0
5,844,0,0,0,0,0
5,845,0,0,0,0,0
5,846,0,0,0,0,0
5,847,0,0,0,0,0
5,848,0,0,0,0,0
5,849,0,0,0,0,0
5,850,0,0,0,0,0
5,851,0,0,0,0,0
5,852,0,0,0,0,0
5,853,0,0,0,0,0
5,854,0,0,0,0,0
5,855,0,0,0,0,0
5,856,0,0,0,0,0
5,857,0,0,0,0,0
5,858,0,0,0,0,0
5,859,0,0,0,0,0
5,860,0,0,0,0,0
5,861,0,0,0,0,0
5,862,0,0,0,0,0
5,863,0,0,0,0,0
5,864,0,0,0,0,0
5,865,0,0,0,0,0
5,866,0,0,0,0,0
5,867,0,0,0,0,0
5,868,0,0,0,0,0
5,869,0,0,0,0,0
5,870,0,0,0,0,0
5,871,0,0,0,0,0
5,872,0,0,0,0,0
5,873,0,0,0,0,0
5,874,0,0,0,0,0
5,875,0,0,0,0,0
5,876,0,0,0,0,0
5,877,0,0,0,0,0
5,878,0,0,0,0,0
5,879,0,0,0,0,0
5,880,0,0,0,0,0
5,881,0,0,0,0,0
5,882,0,0,0,0,0
5,883,0,0,0,0,0
5,884,0,0,0,0,0
5,885,0,0,0,0,0
5,886,0,0,0,0,0
5,887,0,0,0,0,0
5,888,0,0,0,0,0
5,889,0,0,0,0,0
5,890,0,0,0,0,0
5,891,0,0,0,0,0
5,892,0,0,0,0,0
5,893,0,0,0,0,0
5,894,0,0,0,0,0
5,895,0,0,0,0,0
5,896,0,0,0,0,0
5,897,0,0,0,0,0
5,898,0,0,0,0,0
5,899,0,0,0,0,0
5,900,0,0,0,0,0
5,901,0,0,0,0,0
5,902,0,0,0,0,0
5,903,0,0,0,0,0
5,904,0,0,0,0,0
5,905,0,0,0,0,0
5,906,0,0,0,0,0
5,907,0,0,0,0,0
5,908,0,0,0,0,0
5,909,0,0,0,0,0
5,910,0,0,0,0,0
5,911,0,0,0,0,0
5,912,0,0,0,0,0
5,913,0,0,0,0,0
5,914,0,0,0,0,0
5,915,0,0,0,0,0
5,916,0,0,0,0,0
5,917,0,0,0,0,0
5,918,0,0,0,0,0
5,919,0,0,0,0,0
5,920,0,0,0,0,0
5,921,0,0,0,0,0
5,922,0,0,0,0,0
5,923,0,0,0,0,0
5,924,0,0,0,0,0
5,925,0,0,0,0,0
5,926,0,0,0,0,0
5,927,0,0,0,0,0
5,928,0,0,0,0,0
5,929,0,0,0,0,0
5,930,0,0,0,0,0
5,931,0,0,0,0,0
5,932,0,0,0,0,0
5,933,0,0,0,0,0
5,934,0,0,0,0,0
5,935,0,0,0,0,0
5,936,0,0,0,0,0
5,937,0,0,0,0,0
5,938,0,0,0,0,0
5,939,0,0,0,0,0
5,940,0,0,0,0,0
5,941,0,0,0,0,0
5,942,0,0,0,0,0
5,943,0,0,0,0,0
5,944,0,0,0,0,0
5,945,0,0,0,0,0
5,946,0,0,0,0,0
5,947,0,0,0,0,0
5,948,0,0,0,0,0
5,949,0,0,0,0,0
5,950,0,0,0,0,0
5,951,0,0,0,0,0
5,952,0,0,0,0,0
5,953,0,0,0,0,0
5,954,0,0,0,0,0
5,955,0,0,0,0,0
5,956,0,0,0,0,0
5,957,0,0,0,0,0
5,958,0,0,0,0,0
5,959,0,0,0,0,0
5,960,0,0,0,0,0
5,961,0,0,0,0,0
5,962,0,0,0,0,0
5,963,0,0,0,0,0
5,964,0,0,0,0,0
5,965,0,0,0,0,0
5,966,0,0,0,0,0
5,967,0,0,0,0,0
5,968,0,0,0,0,0
5,969,0,0,0,0,0
5,970,0,0,0,0,0
5,971,0,0,0,0,0
5,972,0,0,0,0,0
5,973,0,0,0,0,0
5,974,0,0,0,0,0
5,975,0,0,0,0,0
5,976,0,0,0,0,0
5,977,0,0,0,0,0
5,978,0,0,0,0,0
5,979,0,0,0,0,0
5,980,0,0,0,0,0
5,981,0,0,0,0,0
5,982,0,0,0,0,0
5,983,0,0,0,0,0
5,984,0,0,0,0,0
5,985,0,0,0,0,0
5,986,0,0,0,0,0
5,987,0,0,0,0,0
5,988,0,0,0,0,0
5,989,0,0,0,0,0
5,990,0,0,0,0,0
5,991,0,0,0,0,0
5,992,0,0,0,0,0
5,993,0,0,0,0,0
5,994,0,0,0,0,0
5,995,0,0,0,0,0
5,996,0,0,0,0,0
5,997,0,0,0,0,0
5,998,0,0,0,0,0
5,999,0,0,0,0,0
6,0,0,1,1,0,1
6,1,1,0,1,0,0
6,2,0,1,0,1,0
6,3,0,1,1,1,1
6,4,1,1,1,0,0
6,5,1,0,0,0,0
6,6,0,0,0,0,1
6,7,1,0,1,1,0
6,8,1,1,1,1,0
6,9,1,0,1,0,1
6,10,0,0,0,0,1
6,11,0,0,1,1,0
6,12,0,1,1,1,0
6,13,0,1,1,1,0
6,14,0,1,1,0,1
6,15,0,1,0,1,1
6,16,1,0,1,1,0
6,17,1,0,0,0,0
6,18,1,0,0,1,1
6,19,1,0,0,1,0
6,20,1,1,1,1,1
6,21,0,0,0,0,1
6,22,1,0,1,0,0
6,23,0,0,0,0,0
6,24,0,1,1,1,1
6,25,1,0,0,0,1
6,26,0,0,0,1,1
6,27,1,1,1,1,1
6,28,1,0,0,0,0
6,29,0,0,1,1,0
6,30,1,0,0,0,0
6,31,0,1,1,1,0
6,32,1,1,1,0,1
6,33,0,1,1,0,0
6,34,1,0,0,0,1
6,35,1,1,0,0,1
6,36,1,0,1,0,0
6,37,1,0,0,0,1
6,38,0,1,1,1,1
6,39,0,0,1,0,0
6,40,1,0,0,0,0
6,41,0,1,1,0,1
6,42,0,1,0,0,0
6,43,0,1,0,1,1
6,44,0,0,0,0,0
6,45,0,0,0,1,1
6,46,1,1,0,0,1
6,47,0,0,1,0,0
6,48,0,0,0,1,0
6,49,1,1,1,1,1
6,50,0,1,0,0,1
6,51,1,0,0,0,0
6,52,0,1,1,0,0
6,53,0,1,1,0,0
6,54,0,0,1,0,0
6,55,1,1,0,1,0
6,56,0,0,1,1,1
6,57,0,0,1,1,0
6,58,0,1,1,1,1
6,59,0,0,0,1,1
6,60,0,1,0,1,1
6,61,0,0,0,0,0
6,62,0,0,0,0,0
6,63,1,1,1,1,0
6,64,1,0,0,0,0
6,65,0,0,1,0,1
6,66,0,1,0,1,1
6,67,0,0,0,1,0
6,68,1,1,0,0,1
6,69,1,0,0,0,0
6,70,0,0,0,1,0
6,71,0,1,1,1,1
6,72,1,0,1,1,0
6,73,0,1,0,1,1
6,74,0,0,1,1,0
6,75,0,1,1,0,1
6,76,0,1,0,1,0
6,77,0,1,0,1,0
6,78,0,0,0,1,1
6,79,1,0,1,0,0
6,80,1,1,0,0,1
6,81,0,0,0,0,0
6,82,1,1,1,0,1
6,83,0,0,0,1,0
6,84,0,0,0,0,0
6,85,0,1,1,0,1
6,86,0,1,0,1,0
6,87,0,1,1,0,0
6,88,0,0,0,0,1
6,89,0,1,0,1,1
6,90,0,0,0,1,1
6,91,0,0,1,0,1
6,92,0,1,1,0,1
6,93,0,0,0,1,1
6,94,1,0,1,1,1
6,95,0,1,0,0,1
6,96,0,1,0,0,0
6,97,0,0,0,0,0
6,98,1,0,1,1,0
6,99,0,1,0,1,1
6,100,0,0,0,0,0
6,101,1,0,1,1,1
6,102,1,1,1,1,1
6,103,0,1,0,0,0
6,104,0,1,1,0,1
6,105,1,0,0,1,0
6,106,1,0,1,1,0
6,107,0,0,1,1,1
6,108,1,1,0,1,1
6,109,0,0,1,0,0
6,110,0,0,1,1,1
6,111,1,0,0,1,1
6,112,0,1,0,1,0
6,113,0,1,0,0,1
6,114,1,1,0,0,0
6,115,0,0,1,0,0
6,116,0,0,0,0,1
6,117,0,1,1,0,0
6,118,0,1,0,0,1
6,119,0,1,1,0,1
6,120,0,1,0,1,1
6,121,0,1,0,0,1
6,122,0,0,0,0,0
6,123,1,1,0,0,0
6,124,0,0,0,1,1
6,125,0,1,0,1,1
6,126,0,0,1,1,1
6,127,0,0,1,0,1
6,128,0,1,1,1,1
6,129,0,0,0,1,0
6,130,1,0,1,0,1
6,131,0,0,0,0,1
6,132,0,1,1,1,1
6,133,1,0,1,1,1
6,134,0,1,0,0,0
6,135,0,1,1,1,1
6,136,0,0,1,1,1
6,137,0,0,0,1,1
6,138,1,0,0,0,0
6,139,0,1,0,1,1
6,140,1,1,0,0,0
6,141,1,0,1,0,1
6,142,0,0,0,0,0
6,143,1,1,0,0,1
6,144,0,0,0,1,1
6,145,0,1,1,0,1
6,146,1,0,1,0,1
6,147,1,1,1,1,1
6,148,0,0,1,0,1
6,149,0,1,1,0,1
6,150,0,0,1,0,0
6,151,0,0,0,0,1
6,152,1,1,0,0,1
6,153,0,1,1,1,0
6,154,1,0,1,0,1
6,155,1,1,1,0,1
6,156,0,1,1,1,0
6,157,0,0,0,1,1
6,158,1,1,0,1,1
6,159,0,1,1,0,0
6,160,0,0,0,0,0
6,161,0,0,0,1,0
6,162,0,1,0,0,1
6,163,0,0,0,0,0
6,164,0,1,1,1,0
6,165,1,1,0,0,0
6,166,0,1,1,1,1
6,167,1,0,1,0,0
6,168,0,0,1,1,1
6,169,1,0,0,0,0
6,170,0,0,1,0,0
6,171,0,0,0,1,1
6,172,0,1,0,1,0
6,173,0,0,0,0,1
6,174,1,0,1,0,0
6,175,1,1,0,1,1
6,176,0,0,0,1,1
6,177,0,0,1,0,1
6,178,1,0,1,0,0
6,179,0,0,1,0,1
6,180,1,0,1,1,0
6,181,0,0,1,0,1
6,182,1,0,0,0,1
6,183,1,0,1,0,0
6,184,0,1,0,0,0
6,185,0,1,1,0,0
6,186,1,1,0,0,1
6,187,0,1,1,1,0
6,188,0,0,0,1,1
6,189,0,0,0,0,1
6,190,1,1,1,0,0
6,191,0,0,0,0,1
6,192,0,1,0,0,1
6,193,1,0,1,0,0
6,194,1,0,0,0,1
6,195,1,1,0,1,0
6,196,1,1,0,0,1
6,197,1,0,0,1,1
6,198,1,0,1,0,1
6,199,0,1,0,0,0
6,200,1,0,1,0,1
6,201,0,0,0,0,1
6,202,1,0,0,1,0
6,203,1,1,1,0,1
6,204,1,1,0,0,0
6,205,0,1,0,0,0
6,206,0,0,1,1,1
6,207,0,0,1,0,1
6,208,0,1,0,0,1
6,209,0,0,0,0,1
6,210,0,0,1,0,0
6,211,0,1,1,1,0
6,212,1,1,1,0,0
6,213,0,0,1,0,0
6,214,1,1,1,1,0
6,215,0,1,1,0,1
6,216,0,0,1,1,0
6,217,0,0,0,1,0
6,218,0,0,1,0,0
6,219,1,0,0,0,0
6,220,0,0,1,1,0
6,221,0,0,1,0,0
6,222,0,1,1,0,1
6,223,1,1,1,0,0
6,224,0,0,0,0,1
6,225,0,1,0,0,0
6,226,0,0,1,1,1
6,227,0,1,1,0,0
6,228,1,0,0,0,0
6,229,1,1,0,0,1
6,230,0,0,0,0,1
6,231,0,0,0,0,0
6,232,1,1,0,1,1
6,233,0,1,0,0,1
6,234,0,0,1,0,1
6,235,1,0,1,0,0
6,236,0,0,1,0,0
6,237,1,0,1,0,0
6,238,0,0,0,0,1
6,239,0,0,0,1,1
6,240,0,1,1,1,0
6,241,0,0,0,0,0
6,242,0,1,0,0,0
6,243,1,0,1,0,0
6,244,0,0,1,1,0
6,245,1,0,0,0,0
6,246,0,0,0,0,0
6,247,1,0,0,0,0
6,248,0,1,0,1,0
6,249,1,1,0,1,0
6,250,0,1,0,0,1
6,251,1,1,0,0,0
6,252,1,0,0,0,0
6,253,0,0,0,1,0
6,254,0,0,0,0,0
6,255,0,1,0,0,1
6,256,1,1,0,1,0
6,257,1,0,0,1,1
6,258,0,0,0,0,0
6,259,1,1,0,0,1
6,260,0,1,1,0,1
6,261,0,0,0,1,0
6,262,1,0,1,1,0
6,263,0,0,1,1,0
6,264,0,0,0,1,0
6,265,1,0,1,0,0
6,266,0,1,0,0,0
6,267,0,0,0,1,0
6,268,0,0,0,0,1
6,269,0,1,1,0,1
6,270,1,0,0,0,1
6,271,0,1,1,0,0
6,272,0,0,1,0,0
6,273,1,0,0,0,0
6,274,1,0,0,1,1
6,275,1,0,0,0,1
6,276,1,1,1,0,1
6,277,0,1,0,1,0
6,278,0,0,0,1,1
6,279,1,1,1,0,0
6,280,0,0,0,0,1
6,281,1,0,1,1,1
6,282,0,0,0,0,0
6,283,0,0,0,0,0
6,284,0,0,0,1,0
6,285,0,1,0,0,1
6,286,0,0,1,0,0
6,287,0,0,1,1,0
6,288,1,0,1,1,1
6,289,1,1,1,1,0
6,290,0,1,0,1,1
6,291,0,1,0,1,1
6,292,1,0,1,1,0
6,293,0,1,0,1,0
6,294,0,0,1,0,0
6,295,1,0,0,1,0
6,296,0,1,1,0,0
6,297,1,0,1,0,1
6,298,0,0,1,0,0
6,299,0,0,0,1,0
6,300,1,1,1,0,0
6,301,1,0,1,0,0
6,302,1,0,0,0,0
6,303,1,0,0,1,0
6,304,0,0,1,0,1
6,305,0,1,1,1,1
6,306,1,1,0,0,1
6,307,0,0,0,0,1
6,308,0,0,1,0,1
6,309,0,0,1,0,0
6,310,1,0,1,1,1
6,311,0,0,0,0,1
6,312,0,0,1,0,0
6,313,0,1,0,0,0
6,314,1,1,1,1,0
6,315,0,0,0,0,0
6,316,1,1,1,1,0
6,317,0,0,1,0,1
6,318,0,0,1,1,1
6,319,0,1,0,0,1
6,320,0,0,1,1,0
6,321,0,0,0,0,0
6,322,1,0,0,1,0
6,323,1,1,0,0,1
6,324,1,1,0,1,0
6,325,1,0,0,1,0
6,326,0,0,0,1,1
6,327,0,1,0,1,1
6,328,1,1,1,0,1
6,329,0,0,0,0,0
6,330,0,0,1,0,0
6,331,0,0,1,1,1
6,332,1,1,1,1,1
6,333,0,0,1,1,1
6,334,0,0,0,0,0
6,335,0,0,1,1,1
6,336,1,1,0,0,0
6,337,1,1,0,0,1
6,338,0,0,0,0,0
6,339,0,1,0,0,1
6,340,1,0,1,1,1
6,341,0,0,0,0,0
6,342,0,1,0,0,1
6,343,0,1,0,1,1
6,344,0,0,0,0,0
6,345,0,0,0,0,0
6,346,1,1,1,0,1
6,347,0,1,0,0,1
6,348,1,0,1,0,0
6,349,0,0,1,1,0
6,350,1,1,1,0,0
6,351,0,0,0,0,1
6,352,1,1,1,0,0
6,353,1,0,1,1,1
6,354,0,1,0,1,1
6,355,1,1,1,0,0
6,356,1,0,1,0,0
6,357,0,0,1,1,0
6,358,1,0,0,0,0
6,359,1,1,1,1,0
6,360,1,0,1,1,1
6,361,0,1,0,0,1
6,362,0,0,0,0,0
6,363,0,1,1,1,1
6,364,0,1,1,1,1
6,365,0,1,1,1,1
6,366,1,1,1,0,1
6,367,0,0,0,1,1
6,368,0,0,1,0,1
6,369,0,1,1,0,1
6,370,0,1,1,0,0
6,371,0,0,1,0,0
6,372,0,0,0,1,1
6,373,0,1,1,0,1
6,374,1,0,1,1,0
6,375,1,1,0,1,0
6,376,0,1,0,0,1
6,377,0,1,1,1,1
6,378,1,1,1,0,1
6,379,1,0,0,1,1
6,380,0,0,0,0,1
6,381,1,0,1,0,1
6,382,0,0,1,0,1
6,383,0,0,0,1,1
6,384,1,1,0,0,0
6,385,0,0,0,0,1
6,386,1,0,0,1,0
6,387,0,0,1,0,1
6,388,1,0,1,0,0
6,389,0,0,1,1,0
6,390,0,0,1,0,0
6,391,1,0,0,0,0
6,392,0,0,0,0,0
6,393,0,0,1,0,1
6,394,1,1,0,0,1
6,395,0,0,1,0,0
6,396,0,0,1,0,0
6,397,1,0,1,0,0
6,398,0,1,1,0,1
6,399,1,1,1,0,0
6,400,0,0,0,0,0
6,401,0,0,1,1,1
6,402,1,1,1,1,0
6,403,1,1,0,1,0
6,404,1,1,1,0,0
6,405,0,0,0,1,0
6,406,0,0,1,1,0
6,407,0,1,1,1,0
6,408,1,0,0,0,0
6,409,0,0,0,0,1
6,410,0,0,0,1,0
6,411,0,0,0,0,0
6,412,0,0,0,1,1
6,413,0,0,0,1,0
6,414,0,0,0,0,0
6,415,1,0,0,1,0
6,416,0,1,0,0,0
6,417,0,1,0,1,0
6,418,0,1,0,1,1
6,419,1,0,0,0,1
6,420,1,0,1,0,0
6,421,0,0,0,1,1
6,422,1,0,1,1,0
6,423,0,0,0,0,1
6,424,0,0,1,1,0
6,425,1,0,0,0,1
6,426,0,0,1,0,1
6,427,0,0,0,0,1
6,428,0,1,1,1,1
6,429,1,0,0,0,0
6,430,1,1,1,1,1
6,431,0,1,0,1,0
6,432,0,0,0,0,0
6,433,1,1,0,0,1
6,434,1,1,0,0,1
6,435,0,0,0,0,1
6,436,0,0,0,0,1
6,437,1,0,0,0,1
6,438,1,0,0,1,1
6,439,0,0,0,1,1
6,440,0,0,0,0,0
6,441,1,1,0,1,1
6,442,1,1,0,1,1
6,443,0,1,0,1,0
6,444,0,1,0,1,0
6,445,1,1,1,0,1
6,446,1,1,1,0,0
6,447,1,0,1,1,1
6,448,0,0,1,0,1
6,449,1,0,0,0,0
6,450,0,1,0,0,0
6,451,0,1,1,0,0
6,452,1,0,1,0,1
6,453,0,0,0,0,0
6,454,1,1,1,0,1
6,455,1,1,1,1,0
6,456,1,1,1,1,0
6,457,0,1,1,0,0
6,458,1,1,0,0,0
6,459,1,1,0,0,0
6,460,0,1,0,1,1
6,461,0,0,0,0,0
6,462,1,0,1,0,1
6,463,1,0,0,0,0
6,464,0,1,0,1,0
6,465,1,0,1,0,0
6,466,0,1,1,0,0
6,467,0,1,1,0,1
6,468,1,1,0,1,1
6,469,0,1,0,0,0
6,470,0,1,0,0,0
6,471,0,1,0,0,1
6,472,0,1,0,1,0
6,473,1,0,0,0,0
6,474,0,0,1,0,1
6,475,0,1,0,0,1
6,476,0,1,1,1,0
6,477,1,1,1,0,0
6,478,1,1,1,1,0
6,479,0,0,1,1,0
6,480,0,1,0,1,1
6,481,0,1,0,0,0
6,482,0,1,0,0,0
6,483,0,1,1,0,0
6,484,0,1,0,0,0
6,485,0,1,1,1,1
6,486,1,1,1,0,0
6,487,1,1,1,0,1
6,488,1,0,1,0,0
6,489,0,0,1,0,0
6,490,0,1,0,0,0
6,491,1,1,0,0,0
6,492,0,1,1,0,0
6,493,0,0,0,1,0
6,494,1,0,0,0,0
6,495,1,1,0,1,0
6,496,0,1,1,0,0
6,497,0,0,1,0,1
6,498,0,1,1,0,0
6,499,0,1,1,0,1
6,500,0,0,1,0,1
6,501,0,1,1,0,1
6,502,1,1,0,1,1
6,503,1,0,0,0,1
6,504,1,1,0,1,0
6,505,0,0,1,0,0
6,506,0,1,0,0,0
6,507,1,0,1,1,0
6,508,1,0,1,0,0
6,509,1,0,0,1,0
6,510,1,0,0,1,0
6,511,1,1,1,1,0
6,512,1,0,0,1,1
6,513,0,1,1,1,0
6,514,1,1,1,0,0
6,515,0,1,1,0,1
6,516,1,0,1,0,1
6,517,1,1,1,1,1
6,518,0,1,1,0,0
6,519,0,1,0,0,1
6,520,0,0,0,0,0
6,521,0,0,0,0,1
6,522,0,0,0,0,1
6,523,0,1,1,0,1
6,524,1,0,0,1,1
6,525,1,1,0,0,1
6,526,1,0,0,0,1
6,527,0,0,1,0,0
6,528,1,0,0,1,1
6,529,0,1,0,1,1
6,530,0,0,0,0,1
6,531,1,1,0,0,0
6,532,1,1,0,0,1
6,533,1,1,0,0,0
6,534,1,1,0,0,1
6,535,1,1,0,0,0
6,536,0,0,1,0,1
6,537,0,0,0,1,0
6,538,0,0,1,0,1
6,539,1,1,0,0,1
6,540,0,1,1,1,0
6,541,1,0,0,1,0
6,542,1,0,1,1,1
6,543,1,1,1,1,0
6,544,1,0,0,0,0
6,545,1,1,1,0,0
6,546,1,1,1,0,1
6,547,0,1,1,1,0
6,548,1,0,1,1,0
6,549,1,1,1,1,1
6,550,0,1,1,1,0
6,551,0,0,1,0,1
6,552,1,1,1,0,1
6,553,0,0,1,1,1
6,554,0,1,1,0,1
6,555,1,0,1,0,1
6,556,1,0,1,1,1
6,557,1,1,1,0,0
6,558,1,0,0,1,1
6,559,0,0,1,1,0
6,560,0,0,1,1,1
6,561,1,1,1,1,1
6,562,1,0,0,1,1
6,563,1,0,0,1,0
6,564,1,0,0,0,1
6,565,1,1,0,1,1
6,566,0,1,0,1,0
6,567,0,1,1,0,0
6,568,0,1,1,1,1
6,569,1,1,1,1,1
6,570,0,0,1,0,1
6,571,1,0,1,1,0
6,572,0,1,1,0,1
6,573,0,0,1,0,0
6,574,0,0,0,1,0
6,575,0,0,0,1,0
6,576,1,1,1,0,1
6,577,0,0,0,0,0
6,578,0,1,0,1,0
6,579,1,1,0,1,1
6,580,0,1,0,1,0
6,581,0,0,1,1,0
6,582,1,0,0,0,1
6,583,0,0,1,0,1
6,584,0,1,0,1,1
6,585,0,0,1,0,0
6,586,0,0,0,1,0
6,587,0,1,1,1,0
6,588,0,1,1,0,1
6,589,1,1,0,0,0
6,590,1,0,1,1,1
6,591,0,0,1,0,1
6,592,0,1,1,0,0
6,593,0,1,1,1,1
6,594,0,0,0,1,0
6,595,1,1,0,0,0
6,596,1,1,0,0,1
6,597,1,0,0,0,1
6,598,0,0,0,1,1
6,599,1,0,0,0,1
6,600,0,1,0,0,1
6,601,0,1,1,1,1
6,602,1,0,1,1,1
6,603,0,0,1,0,0
6,604,0,0,1,0,0
6,605,0,0,1,1,0
6,606,1,0,0,1,0
6,607,1,1,1,0,1
6,608,0,0,1,1,1
6,609,0,0,0,1,0
6,610,0,1,0,1,1
6,611,0,1,1,0,0
6,612,1,0,0,0,0
6,613,1,0,1,1,0
6,614,1,1,1,0,0
6,615,0,0,1,1,0
6,616,0,0,1,1,1
6,617,1,1,1,1,1
6,618,1,0,1,0,1
6,619,1,0,1,1,0
6,620,1,0,0,0,0
6,621,1,0,1,1,0
6,622,0,0,0,1,0
6,623,0,0,1,0,1
6,624,0,1,0,0,0
6,625,0,0,1,1,0
6,626,1,0,1,0,1
6,627,0,1,1,0,1
6,628,1,0,0,0,1
6,629,1,0,0,0,1
6,630,1,0,1,0,1
6,631,1,0,1,0,1
6,632,0,0,0,1,0
6,633,1,0,0,1,0
6,634,0,1,1,0,1
6,635,1,1,0,1,0
6,636,0,1,1,0,1
6,637,0,1,1,0,1
6,638,0,0,1,1,1
6,639,0,1,1,1,0
6,640,0,1,1,1,0
6,641,1,1,1,1,1
6,642,1,1,1,1,1
6,643,1,0,1,0,0
6,644,1,1,1,1,0
6,645,1,0,1,1,0
6,646,0,0,0,0,1
6,647,0,1,1,1,1
6,648,0,0,1,1,1
6,649,1,1,1,1,1
6,650,1,0,0,0,0
6,651,0,0,1,1,1
6,652,1,1,1,1,0
6,653,1,0,1,0,0
6,654,1,1,1,1,1
6,655,0,1,0,1,0
6,656,1,1,0,1,1
6,657,0,1,1,0,0
6,658,0,0,0,0,0
6,659,0,1,1,0,0
6,660,1,1,0,1,1
6,661,0,0,0,1,0
6,662,0,0,0,1,1
6,663,0,0,0,1,1
6,664,1,0,0,0,1
6,665,1,0,0,0,0
6,666,0,1,1,0,0
6,667,1,1,1,1,0
6,668,0,0,0,0,0
6,669,0,1,0,0,0
6,670,0,1,1,0,1
6,671,0,0,0,1,1
6,672,0,0,0,1,0
6,673,0,1,0,1,1
6,674,1,0,0,1,1
6,675,1,1,0,0,1
6,676,0,1,1,1,0
6,677,0,1,0,1,0
6,678,0,0,0,1,0
6,679,0,0,1,0,0
6,680,1,0,1,1,1
6,681,1,1,0,0,0
6,682,0,1,0,0,0
6,683,1,0,0,0,1
6,684,0,0,1,0,1
6,685,0,0,0,1,1
6,686,0,1,1,1,1
6,687,1,1,0,0,1
6,688,0,0,0,0,1
6,689,1,1,0,1,1
6,690,0,0,1,1,1
6,691,0,0,0,0,1
6,692,0,0,0,1,0
6,693,0,0,0,1,0
6,694,0,0,1,1,1
6,695,1,1,1,0,1
6,696,0,1,0,0,1
6,697,1,0,1,1,1
6,698,1,0,0,0,1
6,699,1,1,1,0,0
6,700,1,0,1,0,0
6,701,0,1,0,0,1
6,702,1,0,0,0,1
6,703,0,1,0,0,1
6,704,1,0,1,1,0
6,705,1,1,0,0,1
6,706,1,0,1,1,1
6,707,1,1,1,0,0
6,708,0,0,1,1,1
6,709,1,0,0,1,1
6,710,1,0,1,1,1
6,711,1,0,1,1,0
6,712,1,0,0,1,1
6,713,1,0,0,0,1
6,714,1,1,0,0,1
6,715,1,0,1,0,1
6,716,1,0,1,0,0
6,717,0,0,1,1,0
6,718,1,0,0,0,0
6,719,1,1,0,1,1
6,720,0,1,1,0,1
6,721,1,1,0,0,0
6,722,0,1,1,0,1
6,723,0,1,0,0,1
6,724,1,1,0,1,1
6,725,1,0,0,1,1
6,726,0,1,1,0,1
6,727,0,0,1,1,1
6,728,0,0,0,0,1
6,729,0,1,0,0,0
6,730,1,1,0,1,1
6,731,1,0,1,1,0
6,732,1,1,1,1,0
6,733,1,1,1,1,0
6,734,1,0,1,0,0
6,735,1,1,1,0,1
6,736,1,0,1,1,1
6,737,1,0,1,0,0
6,738,0,1,0,1,1
6,739,1,1,0,0,0
6,740,0,1,1,1,1
6,741,0,0,1,1,0
6,742,0,1,1,0,0
6,743,0,1,1,1,0
6,744,0,1,1,0,1
6,745,0,0,1,1,0
6,746,0,1,1,0,0
6,747,0,1,1,1,0
6,748,0,0,0,1,1
6,749,1,0,0,0,0
6,750,0,1,1,0,1
6,751,1,0,1,1,1
6,752,0,0,0,1,1
6,753,1,0,0,0,1
6,754,1,0,1,0,0
6,755,1,1,1,0,0
6,756,0,0,0,1,0
6,757,0,1,1,0,1
6,758,1,0,1,1,1
6,759,1,0,0,1,0
6,760,0,0,0,1,1
6,761,0,0,0,1,0
6,762,1,1,0,0,1
6,763,0,0,1,1,1
6,764,0,1,0,1,1
6,765,0,0,1,1,1
6,766,1,1,1,1,0
6,767,0,1,0,1,1
6,768,0,0,1,0,1
6,769,1,1,1,1,1
6,770,0,1,1,1,1
6,771,0,0,0,0,0
6,772,0,0,0,1,0
6,773,1,1,0,0,0
6,774,0,1,1,1,0
6,775,0,0,1,1,0
6,776,0,1,1,0,0
6,777,1,1,0,1,1
6,778,0,0,0,1,0
6,779,0,1,0,0,1
6,780,1,0,0,0,0
6,781,1,0,0,1,1
6,782,0,1,0,1,1
6,783,0,0,0,1,0
6,784,0,0,1,1,0
6,785,1,1,1,0,0
6,786,0,0,0,0,1
6,787,0,1,0,0,1
6,788,0,0,0,1,1
6,789,0,0,0,0,1
6,790,0,1,1,1,1
6,791,1,1,0,1,1
6,792,0,1,1,0,1
6,793,0,0,0,1,1
6,794,0,0,1,0,1
6,795,1,0,0,0,0
6,796,0,0,1,1,0
6,797,0,0,1,1,0
6,798,1,1,0,0,1
6,799,1,0,0,1,1
6,800,1,0,0,0,0
6,801,0,0,1,1,0
6,802,1,0,0,1,0
6,803,1,0,1,0,1
6,804,1,0,1,0,1
6,805,1,0,1,1,1
6,806,0,1,0,1,0
6,807,0,0,1,1,1
6,808,1,1,0,0,1
6,809,0,0,0,1,1
6,810,0,0,1,1,1
6,811,1,0,1,1,0
6,812,1,0,0,0,1
6,813,0,1,0,1,0
6,814,0,0,1,0,1
6,815,0,1,1,0,0
6,816,0,0,0,1,1
6,817,1,0,1,1,0
6,818,0,1,0,1,1
6,819,1,1,0,0,0
6,820,0,1,0,0,1
6,821,1,0,1,0,1
6,822,1,0,0,1,1
6,823,0,0,0,0,1
6,824,0,0,1,1,0
6,825,0,0,0,1,0
6,826,1,0,0,1,0
6,827,0,1,0,0,0
6,828,0,0,0,0,0
6,829,1,0,0,0,1
6,830,1,1,0,0,1
6,831,1,0,0,1,1
6,832,1,1,1,1,1
6,833,1,0,1,1,1
6,834,1,0,1,0,0
6,835,1,0,1,0,1
6,836,1,0,1,0,0
6,837,0,0,1,0,1
6,838,1,0,1,0,1
6,839,1,0,1,1,1
6,840,1,1,0,0,1
6,841,0,0,0,0,0
6,842,1,0,1,0,0
6,843,0,1,0,0,1
6,844,1,0,1,0,0
6,845,0,0,1,1,0
6,846,0,0,1,0,0
6,847,0,1,0,0,1
6,848,0,0,0,0,0
6,849,1,1,1,1,1
6,850,1,1,0,0,1
6,851,1,0,0,1,1
6,852,1,1,0,1,0
6,853,0,1,0,0,1
6,854,1,1,0,0,1
6,855,0,0,1,1,1
6,856,1,0,1,1,0
6,857,1,1,0,1,0
6,858,0,1,0,1,0
6,859,0,1,1,1,0
6,860,1,1,0,1,1
6,861,1,0,0,0,1
6,862,1,1,0,0,0
6,863,1,1,1,1,1
6,864,0,0,0,0,1
6,865,0,0,0,0,1
6,866,1,0,0,0,1
6,867,1,0,0,1,0
6,868,1,0,1,1,1
6,869,1,1,1,1,0
6,870,1,1,1,0,1
6,871,0,1,1,1,0
6,872,1,1,0,0,0
6,873,0,0,1,1,1
6,874,1,0,1,1,1
6,875,1,0,0,1,1
6,876,1,0,0,0,0
6,877,0,0,0,1,1
6,878,1,1,1,0,0
6,879,1,0,0,1,1
6,880,0,0,0,1,0
6,881,1,0,1,1,1
6,882,0,0,1,1,0
6,883,0,0,1,1,1
6,884,0,0,0,0,0
6,885,1,0,1,1,0
6,886,0,0,0,1,0
6,887,0,1,1,0,1
6,888,1,0,0,1,1
6,889,1,1,1,1,0
6,890,0,0,1,0,1
6,891,1,0,0,0,1
6,892,0,1,1,1,1
6,893,0,0,0,0,1
6,894,0,0,0,0,0
6,895,0,0,1,0,0
6,896,1,1,0,0,1
6,897,0,1,0,1,0
6,898,1,0,0,0,0
6,899,0,0,0,0,1
6,900,1,1,0,0,0
6,901,1,1,0,0,1
6,902,1,1,1,1,1
6,903,0,1,0,0,0
6,904,1,0,1,1,0
6,905,0,0,1,0,1
6,906,1,1,1,1,1
6,907,1,0,0,0,0
6,908,0,0,0,1,1
6,909,0,1,0,0,1
6,910,0,0,0,1,1
6,911,1,1,0,1,0
6,912,0,0,1,1,1
6,913,1,0,0,0,0
6,914,0,0,0,1,1
6,915,1,1,1,1,1
6,916,1,0,0,1,0
6,917,1,1,1,0,0
6,918,1,1,1,1,0
6,919,0,0,0,1,1
6,920,1,1,0,0,1
6,921,0,1,0,0,1
6,922,0,0,1,0,0
6,923,0,1,0,0,0
6,924,1,1,0,1,1
6,925,1,1,0,1,1
6,926,0,1,1,1,0
6,927,0,0,1,0,1
6,928,1,1,1,0,1
6,929,0,1,0,0,0
6,930,0,0,0,1,1
6,931,1,1,0,0,0
6,932,1,1,0,1,1
6,933,1,1,0,1,1
6,934,0,1,0,1,1
6,935,1,1,0,1,0
6,936,1,1,1,1,1
6,937,1,1,1,1,0
6,938,1,1,0,0,0
6,939,0,0,1,1,0
6,940,1,0,0,1,0
6,941,1,0,1,0,0
6,942,0,1,0,1,1
6,943,0,0,0,0,1
6,944,1,0,1,0,0
6,945,0,1,1,1,1
6,946,1,0,0,1,0
6,947,0,1,0,1,1
6,948,1,0,1,0,1
6,949,1,1,0,1,1
6,950,1,1,0,0,0
6,951,0,1,0,1,1
6,952,0,0,0,1,0
6,953,1,1,0,1,1
6,954,1,1,0,0,0
6,955,1,1,1,1,0
6,956,0,0,1,1,1
6,957,0,0,0,0,0
6,958,0,1,0,1,1
6,959,0,0,1,0,1
6,960,0,1,0,1,0
6,961,0,0,0,1,1
6,962,0,1,0,0,1
6,963,1,1,1,0,1
6,964,0,1,1,0,0
6,965,1,0,0,1,0
6,966,0,0,0,1,1
6,967,0,0,0,0,0
6,968,0,1,0,0,1
6,969,1,0,0,1,1
6,970,0,0,1,1,0
6,971,1,1,0,0,0
6,972,0,0,0,0,0
6,973,1,1,1,1,1
6,974,1,1,0,0,0
6,975,0,1,0,0,0
6,976,1,0,0,1,0
6,977,0,0,0,1,1
6,978,0,0,1,0,1
6,979,1,1,0,0,0
6,980,0,0,1,1,0
6,981,1,0,1,0,1
6,982,0,0,0,1,1
6,983,1,0,0,1,1
6,984,1,0,1,0,0
6,985,0,1,1,0,1
6,986,0,0,0,1,1
6,987,1,1,1,1,0
6,988,1,0,0,1,0
6,989,0,1,0,0,1
6,990,0,0,0,1,1
6,991,1,0,0,1,0
6,992,1,1,0,0,1
6,993,1,0,0,0,1
6,994,1,0,0,1,0
6,995,0,0,1,1,1
6,996,1,1,0,1,0
6,997,1,0,0,1,0
6,998,1,1,1,1,1
6,999,0,1,1,1,1
7,0,1,0,0,1,1
7,1,0,1,0,0,1
7,2,1,1,1,1,1
7,3,1,0,1,1,1
7,4,0,1,1,1,0
7,5,1,1,0,0,0
7,6,1,1,1,1,0
7,7,0,1,0,1,1
7,8,1,1,1,1,0
7,9,1,1,1,1,1
7,10,0,0,0,0,1
7,11,1,1,1,0,1
7,12,1,0,0,1,1
7,13,1,1,0,0,1
7,14,0,1,0,1,1
7,15,0,0,0,1,1
7,16,1,1,1,0,1
7,17,1,1,1,1,0
7,18,1,1,1,1,0
7,19,0,1,0,0,0
7,20,1,1,1,1,0
7,21,1,1,0,0,1
7,22,1,0,1,0,0
7,23,0,1,1,0,0
7,24,1,0,1,1,1
7,25,1,1,0,1,0
7,26,0,1,1,1,1
7,27,0,1,1,1,1
7,28,1,1,1,1,1
7,29,1,1,1,0,0
7,30,1,1,0,1,0
7,31,0,1,0,1,1
7,32,1,1,1,0,0
7,33,0,1,1,1,1
7,34,0,1,1,0,1
7,35,1,0,1,1,0
7,36,1,1,1,0,1
7,37,1,1,0,1,1
7,38,1,1,0,0,0
7,39,0,1,1,0,0
7,40,0,1,0,0,1
7,41,1,1,1,1,1
7,42,1,1,1,0,0
7,43,0,1,1,1,1
7,44,0,0,1,1,1
7,45,0,0,1,1,1
7,46,1,0,1,0,1
7,47,0,0,1,0,1
7,48,1,1,1,0,1
7,49,1,1,1,0,0
7,50,1,1,0,1,1
7,51,1,0,0,0,0
7,52,1,1,1,1,0
7,53,1,1,1,1,1
7,54,0,0,1,0,1
7,55,1,1,0,1,1
7,56,0,1,1,0,1
7,57,0,0,1,0,1
7,58,0,1,0,1,0
7,59,0,0,1,1,1
7,60,1,1,0,1,0
7,61,0,1,1,0,1
7,62,1,1,0,1,1
7,63,1,0,1,1,1
7,64,1,1,0,0,1
7,65,1,0,1,1,1
7,66,0,1,1,1,1
7,67,0,0,1,0,1
7,68,1,1,1,1,1
7,69,0,1,1,1,1
7,70,1,1,0,1,0
7,71,0,1,0,0,1
7,72,1,1,1,0,1
7,73,1,1,1,1,1
7,74,0,0,1,0,0
7,75,1,0,1,1,0
7,76,0,1,1,1,1
7,77,1,1,0,1,1
7,78,1,0,1,1,0
7,79,0,1,1,1,1
7,80,1,0,0,1,1
7,81,1,1,0,1,1
7,82,0,0,1,0,0
7,83,1,1,1,0,1
7,84,1,0,0,0,1
7,85,0,1,0,0,0
7,86,0,0,1,0,0
7,87,1,0,1,0,1
7,88,0,1,1,1,1
7,89,0,0,1,1,1
7,90,1,0,1,1,0
7,91,1,0,0,1,1
7,92,0,0,1,1,1
7,93,0,1,1,0,0
7,94,0,1,0,1,1
7,95,1,1,0,0,1
7,96,1,1,1,0,0
7,97,1,0,0,0,1
7,98,0,1,0,1,1
7,99,1,1,1,1,0
7,100,1,1,1,0,1
7,101,0,1,1,1,1
7,102,1,1,0,1,1
7,103,1,1,0,1,0
7,104,0,1,1,1,1
7,105,1,0,0,1,1
7,106,0,0,0,1,0
7,107,1,1,0,1,0
7,108,1,0,1,1,0
7,109,0,0,0,0,1
7,110,0,1,1,1,1
7,111,0,1,1,1,0
7,112,1,1,1,0,1
7,113,1,0,1,1,1
7,114,0,1,0,0,1
7,115,0,0,1,0,1
7,116,0,0,0,0,1
7,117,0,1,0,1,1
7,118,1,1,0,1,0
7,119,1,1,1,0,0
7,120,1,0,0,1,1
7,121,1,1,1,1,0
7,122,1,0,1,1,1
7,123,0,0,0,1,0
7,124,1,1,0,1,1
7,125,1,0,1,0,1
7,126,0,1,1,1,1
7,127,1,1,1,1,1
7,128,1,0,0,0,1
7,129,1,1,1,0,1
7,130,1,0,1,0,0
7,131,1,1,0,1,1
7,132,0,1,1,0,1
7,133,1,0,1,0,1
7,134,1,1,0,1,0
7,135,0,1,0,0,0
7,136,0,0,0,1,0
7,137,1,0,1,0,0
7,138,1,0,1,1,1
7,139,0,1,1,1,1
7,140,1,1,0,1,0
7,141,1,0,1,1,0
7,142,0,0,0,0,1
7,143,0,0,0,1,1
7,144,0,1,1,1,1
7,145,1,1,0,0,0
7,146,0,1,1,0,1
7,147,1,1,0,0,0
7,148,1,1,0,1,1
7,149,1,0,0,1,1
7,150,0,0,0,1,0
7,151,1,0,0,1,1
7,152,0,1,1,0,1
7,153,1,1,1,0,1
7,154,1,1,1,1,1
7,155,1,1,1,1,1
7,156,0,1,0,0,1
7,157,1,0,1,0,1
7,158,1,0,1,1,1
7,159,1,1,0,1,0
7,160,1,1,1,1,1
7,161,1,0,1,0,0
7,162,1,0,0,1,1
7,163,1,0,1,0,1
7,164,1,0,1,1,0
7,165,0,1,1,1,0
7,166,1,0,1,1,1
7,167,1,0,0,0,1
7,168,1,0,1,1,0
7,169,0,1,1,1,0
7,170,1,1,1,1,0
7,171,0,0,1,1,1
7,172,1,0,0,0,0
7,173,0,1,0,0,0
7,174,0,0,1,1,0
7,175,1,1,1,1,0
7,176,0,1,1,1,1
7,177,1,1,0,0,0
7,178,1,1,1,0,0
7,179,1,0,1,1,0
7,180,1,0,1,1,1
7,181,1,1,1,1,1
7,182,1,1,1,0,1
7,183,1,0,0,0,0
7,184,1,1,1,1,1
7,185,0,1,1,0,1
7,186,1,1,0,1,1
7,187,1,0,1,1,1
7,188,0,0,1,1,1
7,189,1,1,0,1,0
7,190,1,1,1,0,0
7,191,1,0,1,1,0
7,192,1,1,0,1,1
7,193,1,0,1,1,1
7,194,0,0,0,0,1
7,195,1,1,0,1,1
7,196,0,1,1,0,0
7,197,0,1,0,0,0
7,198,1,1,1,0,1
7,199,1,0,1,0,1
7,200,1,0,1,0,1
7,201,0,1,1,0,1
7,202,1,0,1,0,0
7,203,1,1,1,1,1
7,204,1,1,0,0,0
7,205,1,0,1,1,1
7,206,0,1,0,0,0
7,207,0,1,0,0,0
7,208,1,1,0,1,1
7,209,1,0,0,0,1
7,210,1,1,0,1,0
7,211,1,0,1,1,0
7,212,1,1,0,1,1
7,213,1,1,1,0,1
7,214,0,1,0,1,1
7,215,1,0,1,1,0
7,216,0,0,1,0,1
7,217,0,1,1,0,1
7,218,1,1,1,1,0
7,219,0,1,0,0,0
7,220,1,0,1,0,1
7,221,0,0,1,0,0
7,222,1,0,0,0,0
7,223,0,0,0,1,1
7,224,0,1,1,1,1
7,225,0,0,1,0,0
7,226,1,0,1,1,0
7,227,0,0,1,0,0
7,228,0,1,0,1,0
7,229,0,1,0,0,0
7,230,1,1,1,0,0
7,231,1,1,0,1,1
7,232,1,0,0,1,1
7,233,1,1,0,0,0
7,234,0,1,1,1,1
7,235,0,0,0,0,1
7,236,0,1,0,1,0
7,237,1,0,0,1,0
7,238,1,0,1,0,0
7,239,1,1,1,1,0
7,240,0,0,1,1,0
7,241,1,1,0,0,1
7,242,1,0,1,0,1
7,243,0,0,0,0,1
7,244,0,0,1,1,0
7,245,0,0,0,1,1
7,246,1,0,0,1,0
7,247,0,0,0,0,1
7,248,1,0,1,0,1
7,249,0,0,1,0,1
7,250,1,1,0,0,0
7,251,0,1,1,1,1
7,252,0,0,1,0,0
7,253,0,0,1,0,0
7,254,0,1,0,1,0
7,255,1,1,0,0,0
7,256,0,1,0,0,0
7,257,1,0,0,0,1
7,258,1,1,1,1,0
7,259,1,0,1,0,0
7,260,1,1,0,1,1
7,261,0,1,0,0,0
7,262,0,1,1,1,1
7,263,0,0,1,1,0
7,264,0,0,1,0,1
7,265,0,0,1,1,0
7,266,1,1,1,1,1
7,267,0,1,0,1,0
7,268,1,0,1,0,1
7,269,0,0,1,0,0
7,270,1,1,0,0,1
7,271,0,0,1,1,0
7,272,0,1,1,1,0
7,273,1,0,0,1,1
7,274,0,1,0,1,0
7,275,1,1,1,0,1
7,276,1,1,1,1,0
7,277,1,1,0,1,0
7,278,0,0,1,0,1
7,279,1,0,0,1,1
7,280,1,0,0,1,1
7,281,1,1,0,0,1
7,282,0,0,1,1,1
7,283,1,1,1,0,0
7,284,1,0,1,1,1
7,285,1,0,1,0,1
7,286,0,1,0,1,1
7,287,1,0,1,0,0
7,288,1,1,0,1,1
7,289,0,0,1,0,0
7,290,1,1,1,1,1
7,291,0,0,1,0,0
7,292,1,1,1,1,1
7,293,1,1,0,1,0
7,294,0,0,1,1,0
7,295,1,1,1,0,1
7,296,0,0,0,0,1
7,297,0,1,1,1,1
7,298,1,0,1,1,1
7,299,0,0,1,1,0
7,300,0,1,1,1,1
7,301,1,0,0,0,1
7,302,1,0,0,0,0
7,303,1,1,1,1,0
7,304,0,0,0,1,1
7,305,1,1,1,0,1
7,306,0,1,1,1,0
7,307,1,1,0,1,1
7,308,1,0,1,1,1
7,309,0,1,0,1,1
7,310,1,0,0,0,0
7,311,0,1,0,0,0
7,312,1,1,0,1,0
7,313,1,0,1,0,0
7,314,0,1,1,1,0
7,315,1,0,1,1,1
7,316,0,1,1,0,1
7,317,1,0,1,0,0
7,318,0,0,1,1,1
7,319,1,0,1,1,0
7,320,1,0,0,1,0
7,321,1,0,1,0,1
7,322,1,1,0,0,0
7,323,0,1,1,1,1
7,324,1,1,1,1,1
7,325,1,1,0,0,1
7,326,0,0,0,1,1
7,327,1,1,1,0,0
7,328,0,0,1,1,0
7,329,1,0,0,0,1
7,330,1,1,1,1,1
7,331,1,0,0,0,1
7,332,1,1,1,1,0
7,333,1,1,1,0,0
7,334,0,0,1,0,1
7,335,1,1,0,0,1
7,336,1,0,1,1,1
7,337,1,0,0,0,1
7,338,0,0,1,1,1
7,339,0,1,0,1,0
7,340,0,0,0,0,0
7,341,0,1,1,1,1
7,342,1,0,0,0,1
7,343,1,1,0,0,0
7,344,0,0,0,1,1
7,345,1,0,0,0,0
7,346,1,1,0,1,1
7,347,0,1,0,1,1
7,348,1,0,1,0,0
7,349,0,1,1,0,0
7,350,0,0,1,0,1
7,351,1,1,1,1,1
7,352,0,0,0,1,0
7,353,1,0,0,1,1
7,354,1,1,0,1,1
7,355,1,1,0,0,0
7,356,0,0,1,0,0
7,357,0,1,0,1,0
7,358,0,0,0,1,1
7,359,0,1,1,0,1
7,360,1,1,0,1,0
7,361,1,1,1,0,1
7,362,1,1,0,0,0
7,363,0,1,1,0,1
7,364,1,1,1,1,0
7,365,1,1,0,0,1
7,366,1,1,0,1,0
7,367,0,0,1,1,1
7,368,1,0,1,0,0
7,369,0,0,0,1,0
7,370,0,1,1,0,0
7,371,1,0,0,1,1
7,372,1,1,1,0,0
7,373,1,0,1,0,0
7,374,0,1,1,1,1
7,375,1,1,1,1,0
7,376,0,1,0,0,0
7,377,1,0,1,0,0
7,378,0,1,0,1,1
7,379,1,0,1,0,0
7,380,1,0,0,0,1
7,381,1,0,1,1,0
7,382,1,0,1,1,0
7,383,1,1,0,0,1
7,384,0,1,1,0,0
7,385,1,1,1,1,0
7,386,0,1,1,1,1
7,387,1,1,0,0,0
7,388,1,1,1,0,0
7,389,0,0,0,0,1
7,390,1,1,1,0,1
7,391,0,0,0,0,1
7,392,1,0,0,1,1
7,393,1,0,0,1,0
7,394,1,0,0,0,1
7,395,1,1,1,0,1
7,396,1,1,0,0,1
7,397,0,0,1,1,0
7,398,1,1,1,0,0
7,399,1,1,0,0,0
7,400,0,1,1,1,1
7,401,0,1,1,0,1
7,402,1,1,0,0,1
7,403,0,0,0,1,1
7,404,1,1,0,1,0
7,405,0,1,1,1,0
7,406,1,0,0,0,1
7,407,1,0,0,1,1
7,408,0,0,1,0,1
7,409,1,0,0,0,0
7,410,0,1,1,1,1
7,411,0,0,0,1,1
7,412,1,1,1,0,0
7,413,1,0,1,1,0
7,414,1,0,0,0,0
7,415,1,1,1,0,1
7,416,0,0,1,0,0
7,417,0,1,1,1,1
7,418,1,1,0,1,0
7,419,1,0,0,0,0
7,420,1,0,0,0,0
7,421,0,1,1,1,1
7,422,1,0,0,0,0
7,423,1,0,0,1,1
7,424,0,1,1,0,0
7,425,1,0,0,1,1
7,426,0,0,0,0,1
7,427,1,1,1,1,1
7,428,0,1,0,0,0
7,429,0,1,1,1,0
7,430,1,0,0,1,0
7,431,0,0,1,1,0
7,432,0,1,1,1,0
7,433,0,1,1,1,0
7,434,1,0,1,0,1
7,435,1,0,1,0,0
7,436,1,1,1,0,1
7,437,0,0,0,1,0
7,438,1,0,0,0,0
7,439,0,0,0,0,1
7,440,1,1,0,1,0
7,441,1,0,1,0,1
7,442,1,0,1,0,0
7,443,1,1,1,0,1
7,444,1,1,1,1,1
7,445,0,1,1,0,0
7,446,1,1,1,1,0
7,447,0,1,0,1,0
7,448,0,1,1,0,0
7,449,1,0,0,1,1
7,450,0,1,1,0,0
7,451,1,0,0,1,0
7,452,1,1,1,0,1
7,453,1,0,0,1,1
7,454,1,1,1,0,1
7,455,0,0,0,1,1
7,456,1,1,1,0,0
7,457,1,1,0,1,0
7,458,1,1,0,0,0
7,459,1,0,0,1,0
7,460,0,0,1,0,1
7,461,1,1,0,0,1
7,462,0,0,1,0,0
7,463,0,1,0,1,0
7,464,0,1,1,0,0
7,465,1,1,0,1,1
7,466,1,1,1,0,0
7,467,0,0,0,0,0
7,468,0,0,1,0,0
7,469,0,1,1,1,0
7,470,0,1,0,0,1
7,471,1,0,1,0,0
7,472,0,1,0,1,0
7,473,1,0,1,1,1
7,474,1,1,1,0,0
7,475,1,1,0,0,1
7,476,0,0,1,0,1
7,477,0,0,1,1,1
7,478,0,0,1,1,1
7,479,1,0,0,1,1
7,480,1,1,0,0,1
7,481,0,1,0,0,1
7,482,0,0,1,0,1
7,483,0,1,1,1,0
7,484,1,1,1,1,1
7,485,1,1,1,0,0
7,486,0,0,1,1,0
7,487,0,1,0,0,1
7,488,0,0,1,0,1
7,489,1,1,0,1,0
7,490,0,0,0,0,0
7,491,0,0,0,0,1
7,492,0,0,1,0,0
7,493,0,1,0,1,1
7,494,0,1,1,1,0
7,495,0,1,0,0,1
7,496,0,1,0,0,1
7,497,1,1,0,0,1
7,498,0,1,0,1,0
7,499,1,1,1,1,0
7,500,0,1,1,1,1
7,501,0,0,1,0,1
7,502,1,0,0,0,0
7,503,1,0,1,0,0
7,504,0,0,0,1,1
7,505,1,0,0,1,0
7,506,0,1,0,1,0
7,507,0,0,0,0,0
7,508,0,0,1,0,1
7,509,0,0,1,0,1
7,510,0,0,0,1,0
7,511,0,0,1,0,1
7,512,0,1,1,1,0
7,513,0,1,1,1,0
7,514,0,0,0,1,0
7,515,0,1,0,0,1
7,516,0,1,1,1,0
7,517,1,0,1,1,0
7,518,1,0,0,0,0
7,519,1,1,0,1,1
7,520,0,0,1,1,1
7,521,0,1,0,1,0
7,522,1,1,0,1,0
7,523,1,1,1,0,1
7,524,0,0,0,0,0
7,525,1,0,0,1,1
7,526,1,1,1,0,0
7,527,0,0,1,1,0
7,528,0,1,0,0,0
7,529,1,0,0,1,0
7,530,0,1,0,0,0
7,531,0,0,1,0,1
7,532,0,1,1,0,1
7,533,1,1,1,1,0
7,534,1,0,0,1,0
7,535,1,1,0,0,1
7,536,0,1,1,1,1
7,537,1,1,1,1,0
7,538,0,1,0,0,1
7,539,0,0,1,1,1
7,540,1,1,1,0,0
7,541,0,0,0,1,0
7,542,0,0,1,0,0
7,543,1,1,0,1,0
7,544,1,0,0,0,0
7,545,1,1,0,0,1
7,546,1,1,0,1,0
7,547,0,0,1,0,1
7,548,0,0,1,1,0
7,549,0,0,1,1,0
7,550,0,0,1,0,0
7,551,0,0,1,1,0
7,552,0,0,0,1,0
7,553,1,0,1,0,0
7,554,1,0,0,1,0
7,555,1,1,1,0,0
7,556,0,1,1,1,1
7,557,0,1,0,1,0
7,558,1,1,1,0,0
7,559,0,0,1,0,0
7,560,0,1,1,0,1
7,561,1,1,1,1,1
7,562,0,1,1,1,0
7,563,0,1,0,0,1
7,564,0,1,0,0,0
7,565,0,1,0,1,0
7,566,1,0,1,0,1
7,567,0,0,0,1,1
7,568,1,0,1,0,0
7,569,0,0,1,0,0
7,570,0,1,0,0,1
7,571,1,1,1,0,1
7,572,1,1,1,1,1
7,573,1,1,0,0,1
7,574,1,1,0,1,1
7,575,1,1,1,0,1
7,576,0,1,0,0,1
7,577,1,1,1,0,0
7,578,0,0,1,0,1
7,579,0,1,1,0,1
7,580,0,1,1,1,0
7,581,1,1,0,0,0
7,582,0,1,1,1,0
7,583,1,1,0,0,1
7,584,1,1,1,0,1
7,585,0,0,1,0,0
7,586,1,0,0,0,0
7,587,0,0,1,0,1
7,588,0,1,0,1,0
7,589,1,0,1,0,1
7,590,0,1,0,1,0
7,591,0,0,1,0,0
7,592,0,1,1,1,1
7,593,0,1,0,0,1
7,594,0,1,0,0,1
7,595,1,1,0,1,0
7,596,1,0,1,0,1
7,597,1,1,0,1,1
7,598,0,0,1,0,1
7,599,1,1,0,1,0
7,600,1,1,0,0,0
7,601,1,1,1,1,1
7,602,0,0,0,1,0
7,603,0,1,1,0,0
7,604,0,0,1,1,0
7,605,0,0,1,0,1
7,606,1,0,1,1,1
7,607,1,1,1,1,1
7,608,0,1,0,1,1
7,609,1,1,0,1,0
7,610,1,1,0,0,1
7,611,1,1,1,1,0
7,612,0,1,0,1,0
7,613,0,0,1,0,0
7,614,1,0,0,0,0
7,615,1,0,1,1,1
7,616,0,1,0,0,0
7,617,0,1,0,0,0
7,618,0,1,1,1,1
7,619,1,1,0,1,1
7,620,0,1,0,0,0
7,621,1,1,1,1,0
7,622,0,0,0,1,1
7,623,0,1,1,0,0
7,624,0,1,0,0,1
7,625,0,1,0,0,0
7,626,1,1,1,1,1
7,627,0,0,0,1,0
7,628,1,1,1,0,1
7,629,1,1,1,0,1
7,630,1,1,0,0,0
7,631,1,1,0,0,1
7,632,1,1,1,0,1
7,633,0,1,1,0,1
7,634,1,1,1,0,0
7,635,1,1,0,0,0
7,636,1,1,0,1,0
7,637,0,0,0,0,1
7,638,0,1,1,1,1
7,639,0,0,0,1,1
7,640,1,1,0,1,1
7,641,1,0,0,1,0
7,642,0,0,1,1,1
7,643,1,1,0,1,1
7,644,0,0,1,1,0
7,645,1,0,0,0,1
7,646,1,0,0,1,0
7,647,1,0,0,0,1
7,648,1,1,0,1,0
7,649,0,1,1,1,1
7,650,1,0,1,0,1
7,651,1,1,0,0,1
7,652,1,1,1,0,1
7,653,1,1,1,1,1
7,654,1,1,0,1,0
7,655,1,0,1,0,1
7,656,1,1,0,1,0
7,657,0,1,1,0,1
7,658,1,1,0,1,1
7,659,1,0,1,0,0
7,660,0,0,0,0,1
7,661,1,0,0,1,1
7,662,1,1,1,0,0
7,663,0,0,0,1,0
7,664,1,0,1,0,0
7,665,1,1,1,0,1
7,666,0,0,1,0,0
7,667,1,0,1,1,1
7,668,1,1,1,0,1
7,669,1,0,0,0,0
7,670,0,1,0,1,1
7,671,1,1,1,0,1
7,672,1,0,0,1,1
7,673,0,1,1,0,0
7,674,0,1,1,1,1
7,675,1,1,0,0,0
7,676,0,0,1,1,0
7,677,1,0,0,0,0
7,678,0,0,0,0,0
7,679,1,0,1,1,1
7,680,1,0,0,0,1
7,681,0,1,0,1,0
7,682,1,0,0,0,1
7,683,0,0,1,0,1
7,684,1,0,0,0,1
7,685,0,0,1,1,1
7,686,1,0,0,1,0
7,687,0,1,1,0,0
7,688,1,1,1,0,0
7,689,1,1,0,1,1
7,690,1,0,0,0,0
7,691,1,1,1,0,0
7,692,0,0,1,1,1
7,693,1,0,0,0,0
7,694,0,1,1,1,1
7,695,0,1,1,1,0
7,696,0,0,0,0,1
7,697,0,1,1,0,1
7,698,0,0,1,1,1
7,699,1,1,0,0,0
7,700,1,1,1,1,1
7,701,1,1,0,1,0
7,702,0,1,0,1,1
7,703,1,1,1,1,1
7,704,1,1,0,0,0
7,705,1,1,0,1,1
7,706,1,1,1,0,1
7,707,0,0,1,0,1
7,708,0,1,0,0,0
7,709,1,0,0,0,0
7,710,1,0,1,0,0
7,711,1,1,0,0,1
7,712,1,1,1,0,0
7,713,0,0,0,1,0
7,714,0,0,0,0,0
7,715,1,1,1,0,1
7,716,0,1,0,1,1
7,717,1,0,1,0,1
7,718,1,1,1,1,1
7,719,1,1,0,0,0
7,720,1,1,1,0,0
7,721,1,1,0,1,0
7,722,0,0,0,1,0
7,723,0,1,0,1,0
7,724,1,0,1,0,1
7,725,1,1,1,1,1
7,726,1,0,1,0,1
7,727,0,1,0,0,1
7,728,1,0,1,1,0
7,729,1,0,1,1,0
7,730,1,1,1,0,1
7,731,1,1,0,1,1
7,732,1,0,0,1,1
7,733,1,1,1,0,1
7,734,0,1,1,1,0
7,735,1,0,1,0,1
7,736,1,0,1,1,1
7,737,0,1,0,0,1
7,738,1,1,1,1,0
7,739,0,0,0,0,0
7,740,1,0,0,1,1
7,741,0,1,0,0,1
7,742,1,1,1,1,1
7,743,1,1,1,1,0
7,744,1,1,1,0,0
7,745,1,0,0,0,0
7,746,1,1,1,0,1
7,747,0,1,0,1,0
7,748,0,1,0,1,0
7,749,1,0,1,0,1
7,750,1,1,1,1,1
7,751,0,0,1,0,1
7,752,1,1,0,0,1
7,753,1,0,1,0,1
7,754,1,0,0,0,1
7,755,1,0,0,0,0
7,756,0,1,0,1,1
7,757,1,0,0,0,0
7,758,1,1,0,0,0
7,759,1,0,0,1,1
7,760,0,1,0,0,1
7,761,1,0,0,0,1
7,762,0,1,0,1,1
7,763,1,0,0,1,0
7,764,0,1,1,1,0
7,765,1,1,0,0,1
7,766,0,0,1,1,1
7,767,0,0,0,1,0
7,768,1,0,0,1,0
7,769,1,0,0,0,0
7,770,0,0,0,1,1
7,771,0,1,0,0,0
7,772,1,0,1,0,0
7,773,0,0,1,1,1
7,774,1,0,0,1,1
7,775,0,1,0,1,0
7,776,1,1,0,1,0
7,777,1,1,1,1,1
7,778,1,0,1,0,1
7,779,0,0,1,1,0
7,780,1,1,1,1,0
7,781,0,1,1,1,0
7,782,1,0,1,0,0
7,783,0,1,0,1,1
7,784,1,0,0,0,0
7,785,1,1,0,1,1
7,786,1,1,0,0,1
7,787,0,1,1,1,0
7,788,1,1,0,0,1
7,789,1,0,0,1,0
7,790,1,0,0,1,0
7,791,1,0,0,0,1
7,792,0,0,0,1,1
7,793,1,0,0,1,1
7,794,0,1,0,1,0
7,795,1,0,0,1,1
7,796,0,0,0,0,0
7,797,0,0,1,1,0
7,798,0,1,0,1,0
7,799,1,1,0,1,1
7,800,0,1,0,1,1
7,801,1,1,0,1,1
7,802,1,1,1,0,0
7,803,0,0,0,0,1
7,804,1,1,1,0,1
7,805,0,0,1,1,0
7,806,1,1,0,0,1
7,807,0,0,1,1,1
7,808,0,0,1,1,0
7,809,1,1,0,0,1
7,810,0,0,1,1,1
7,811,0,0,0,1,0
7,812,0,1,0,1,0
7,813,1,1,0,0,1
7,814,0,1,0,1,0
7,815,0,0,1,1,0
7,816,1,1,1,1,0
7,817,0,1,0,1,1
7,818,1,1,0,1,1
7,819,1,0,0,0,1
7,820,0,1,1,1,1
7,821,1,0,0,1,0
7,822,0,1,1,1,1
7,823,1,0,1,0,1
7,824,1,0,0,0,1
7,825,0,1,0,1,0
7,826,1,0,1,1,0
7,827,1,1,1,1,1
7,828,0,0,1,0,0
7,829,1,0,0,0,0
7,830,0,1,0,0,1
7,831,1,1,1,1,0
7,832,0,1,0,0,0
7,833,0,1,0,0,1
7,834,1,1,1,1,0
7,835,1,0,0,0,1
7,836,0,1,0,1,1
7,837,1,1,1,1,0
7,838,0,1,0,1,1
7,839,1,0,1,0,1
7,840,1,0,1,1,1
7,841,1,1,0,1,0
7,842,1,1,1,1,0
7,843,1,1,1,1,1
7,844,1,0,0,1,1
7,845,1,1,1,0,1
7,846,1,0,0,0,1
7,847,0,1,0,0,1
7,848,0,0,0,1,1
7,849,1,1,0,1,0
7,850,0,0,0,0,0
7,851,0,0,1,1,1
7,852,1,1,0,1,0
7,853,0,1,0,1,0
7,854,0,0,1,1,1
7,855,0,0,1,0,1
7,856,0,1,1,0,1
7,857,0,0,0,1,0
7,858,1,0,0,0,1
7,859,1,1,1,0,0
7,860,1,1,0,1,1
7,861,0,1,1,0,1
7,862,1,0,1,1,1
7,863,1,1,0,1,0
7,864,0,1,0,0,1
7,865,1,1,1,0,0
7,866,1,1,0,0,0
7,867,1,0,1,0,0
7,868,0,1,0,1,1
7,869,0,0,0,0,1
7,870,1,1,0,1,1
7,871,0,1,1,0,0
7,872,1,1,0,1,1
7,873,1,0,1,0,0
7,874,0,0,0,1,0
7,875,0,1,0,0,0
7,876,0,0,1,1,0
7,877,1,1,0,1,1
7,878,0,0,1,0,1
7,879,1,0,1,0,0
7,880,0,0,0,1,0
7,881,0,0,1,0,0
7,882,1,0,1,0,1
7,883,1,0,0,1,1
7,884,1,1,0,1,1
7,885,0,1,1,0,0
7,886,1,0,1,0,1
7,887,0,1,0,1,1
7,888,1,1,1,1,0
7,889,1,0,1,1,1
7,890,1,0,0,0,0
7,891,1,0,1,1,0
7,892,0,1,0,1,1
7,893,0,0,1,1,1
7,894,1,1,0,1,0
7,895,0,0,0,0,0
7,896,0,0,1,1,1
7,897,1,0,1,0,1
7,898,1,1,0,0,0
7,899,1,1,1,1,0
7,900,0,0,1,1,1
7,901,1,0,0,0,0
7,902,0,0,1,1,1
7,903,0,0,1,1,0
7,904,1,1,0,0,1
7,905,0,0,1,1,0
7,906,0,1,1,0,0
7,907,0,0,0,0,1
7,908,1,1,0,0,1
7,909,0,0,1,0,1
7,910,0,0,1,1,1
7,911,1,1,1,1,1
7,912,0,0,0,0,1
7,913,1,1,1,1,0
7,914,0,0,1,1,0
7,915,1,0,1,1,1
7,916,0,0,0,1,0
7,917,1,1,1,1,1
7,918,0,1,0,0,0
7,919,0,1,0,1,0
7,920,0,1,1,1,1
7,921,0,1,1,1,1
7,922,1,0,0,0,1
7,923,0,0,0,0,0
7,924,1,0,1,1,1
7,925,1,0,1,0,1
7,926,1,0,1,1,0
7,927,1,0,0,0,1
7,928,1,1,1,0,1
7,929,1,0,0,1,1
7,930,1,1,0,0,0
7,931,0,1,0,0,0
7,932,0,1,1,0,0
7,933,0,1,0,1,1
7,934,0,1,1,1,0
7,935,0,1,0,1,0
7,936,0,0,1,0,0
7,937,1,1,0,1,1
7,938,1,0,1,1,0
7,939,0,0,0,1,1
7,940,0,0,1,1,0
7,941,1,1,0,0,1
7,942,0,0,0,1,0
7,943,0,1,1,1,1
7,944,1,1,0,1,0
7,945,0,0,0,1,1
7,946,0,0,1,1,0
7,947,1,1,1,0,1
7,948,0,1,1,0,0
7,949,1,1,1,0,1
7,950,1,0,0,0,1
7,951,1,1,1,0,1
7,952,1,0,0,0,1
7,953,0,1,0,1,0
7,954,1,1,1,0,0
7,955,0,0,0,0,0
7,956,0,0,1,1,1
7,957,0,1,1,0,0
7,958,1,0,0,1,0
7,959,1,1,0,1,0
7,960,1,1,1,0,1
7,961,1,1,0,0,0
7,962,0,1,0,1,0
7,963,1,0,0,1,0
7,964,0,1,1,1,1
7,965,1,0,0,1,0
7,966,1,1,0,1,1
7,967,1,1,1,0,1
7,968,1,0,0,1,0
7,969,0,0,1,0,0
7,970,1,1,1,0,0
7,971,0,0,0,0,0
7,972,0,1,0,1,0
7,973,1,1,1,0,1
7,974,0,0,0,1,0
7,975,1,1,1,1,0
7,976,0,0,1,1,1
7,977,0,1,0,1,1
7,978,0,1,1,1,1
7,979,0,1,0,0,1
7,980,0,0,0,0,0
7,981,1,1,0,1,1
7,982,0,0,1,0,0
7,983,0,1,1,0,0
7,984,1,0,1,1,0
7,985,0,0,0,1,0
7,986,0,0,1,1,0
7,987,0,0,0,1,0
7,988,0,0,0,0,0
7,989,0,1,0,1,0
7,990,1,0,1,0,0
7,991,0,0,0,1,1
7,992,0,0,1,0,1
7,993,1,1,1,1,0
7,994,0,1,0,1,0
7,995,1,1,0,0,1
7,996,0,0,0,1,0
7,997,1,1,1,0,1
7,998,1,0,1,1,0
7,999,0,1,0,1,0
8,0,0,1,0,0,0
8,1,1,0,1,1,0
8,2,1,1,0,0,0
8,3,0,0,1,1,1
8,4,1,1,0,0,0
8,5,0,1,1,1,1
8,6,1,1,0,1,1
8,7,0,0,1,1,1
8,8,0,0,1,1,0
8,9,1,0,1,1,1
8,10,0,1,1,1,1
8,11,0,1,1,0,1
8,12,0,1,1,1,0
8,13,0,1,0,0,0
8,14,1,0,0,1,1
8,15,0,1,1,1,1
8,16,0,1,0,1,1
8,17,1,0,1,1,1
8,18,1,1,1,1,0
8,19,1,0,1,1,1
8,20,1,1,1,1,0
8,21,1,1,0,0,1
8,22,0,1,1,1,1
8,23,0,0,0,1,1
8,24,0,0,0,1,1
8,25,0,0,0,0,1
8,26,0,0,0,0,1
8,27,1,0,1,1,1
8,28,1,0,0,1,0
8,29,1,0,1,1,0
8,30,0,0,0,1,0
8,31,0,0,1,0,1
8,32,0,0,1,1,1
8,33,1,0,1,1,1
8,34,0,0,1,0,1
8,35,0,1,1,1,0
8,36,0,0,1,1,0
8,37,1,0,1,1,0
8,38,1,0,0,1,1
8,39,1,0,1,0,0
8,40,1,0,1,0,0
8,41,1,1,0,0,1
8,42,0,0,1,1,1
8,43,0,0,1,1,0
8,44,1,0,1,0,1
8,45,0,0,1,1,1
8,46,0,1,1,1,1
8,47,1,0,1,0,0
8,48,0,1,1,1,1
8,49,0,0,1,1,1
8,50,0,1,0,1,1
8,51,0,1,1,1,1
8,52,1,0,0,1,1
8,53,1,0,0,1,0
8,54,1,1,1,1,0
8,55,0,1,0,0,1
8,56,0,0,0,1,0
8,57,0,0,1,0,1
8,58,0,1,1,1,0
8,59,0,0,0,1,0
8,60,1,0,1,0,1
8,61,0,1,1,0,0
8,62,1,1,0,0,1
8,63,0,1,1,1,1
8,64,0,0,0,0,1
8,65,0,1,0,1,0
8,66,0,1,1,1,0
8,67,1,1,0,1,0
8,68,0,1,1,0,0
8,69,1,1,0,1,1
8,70,0,1,0,1,1
8,71,1,0,1,0,0
8,72,1,1,0,1,1
8,73,1,1,1,1,1
8,74,0,0,1,1,1
8,75,1,1,0,1,1
8,76,1,1,1,0,0
8,77,1,1,0,1,0
8,78,1,1,1,0,0
8,79,0,1,0,1,1
8,80,1,0,0,0,0
8,81,0,0,1,1,0
8,82,1,0,0,0,0
8,83,0,0,0,1,1
8,84,1,1,0,1,0
8,85,0,1,1,0,1
8,86,0,1,0,0,1
8,87,1,1,1,1,1
8,88,1,1,0,1,0
8,89,1,1,1,1,0
8,90,0,1,1,1,0
8,91,0,0,1,1,1
8,92,0,1,1,0,0
8,93,0,0,1,0,0
8,94,1,1,1,1,1
8,95,1,0,1,1,0
8,96,0,0,1,1,1
8,97,1,0,0,1,0
8,98,0,1,0,0,1
8,99,0,1,1,1,0
8,100,0,0,1,1,0
8,101,0,0,0,1,0
8,102,1,0,1,1,1
8,103,1,0,1,0,0
8,104,1,1,0,0,1
8,105,0,1,1,0,0
8,106,1,0,0,0,1
8,107,1,0,0,0,1
8,108,1,1,1,0,0
8,109,0,0,0,0,1
8,110,0,1,1,1,1
8,111,0,0,0,0,0
8,112,0,0,0,1,1
8,113,1,0,1,1,0
8,114,0,1,0,0,0
8,115,1,0,0,1,1
8,116,1,0,1,0,1
8,117,0,1,1,0,0
8,118,1,0,1,0,1
8,119,0,1,0,0,1
8,120,0,1,1,0,1
8,121,0,0,1,1,1
8,122,1,1,1,0,0
8,123,1,0,0,0,1
8,124,1,1,0,1,0
8,125,1,1,1,1,1
8,126,0,1,0,1,0
8,127,0,1,1,1,0
8,128,1,0,1,1,0
8,129,0,1,0,1,0
8,130,0,0,1,1,0
8,131,1,1,0,1,0
8,132,0,0,1,1,0
8,133,1,1,0,1,0
8,134,1,0,1,1,0
8,135,0,0,0,1,0
8,136,0,1,1,1,1
8,137,0,1,0,0,1
8,138,1,1,0,0,0
8,139,0,1,0,0,0
8,140,1,1,1,1,1
8,141,0,0,0,0,0
8,142,1,1,0,1,0
8,143,0,1,0,1,0
8,144,0,0,1,1,1
8,145,0,1,0,1,1
8,146,0,1,1,1,0
8,147,0,0,0,1,0
8,148,0,1,0,1,1
8,149,1,0,1,0,1
8,150,0,1,1,0,1
8,151,0,1,1,1,1
8,152,1,1,1,0,1
8,153,1,0,1,1,0
8,154,1,0,1,1,0
8,155,1,0,1,1,1
8,156,0,1,0,0,1
8,157,1,1,0,1,0
8,158,1,1,0,0,0
8,159,1,1,0,1,1
8,160,1,0,0,0,0
8,161,1,0,0,0,1
8,162,0,1,0,1,0
8,163,0,1,0,1,1
8,164,0,1,1,1,1
8,165,1,1,0,0,0
8,166,1,1,1,0,1
8,167,0,1,0,0,0
8,168,0,0,1,0,0
8,169,1,1,1,1,0
8,170,0,0,0,1,0
8,171,1,1,1,1,0
8,172,0,1,0,0,1
8,173,0,1,0,1,0
8,174,0,1,0,1,0
8,175,1,0,1,1,1
8,176,1,0,0,1,0
8,177,1,1,1,0,1
8,178,0,0,1,0,0
8,179,0,0,1,1,0
8,180,0,1,1,1,0
8,181,1,0,0,0,1
8,182,1,0,1,1,1
8,183,1,1,1,1,1
8,184,1,1,1,1,1
8,185,0,1,1,0,0
8,186,1,0,1,1,1
8,187,0,1,1,1,1
8,188,0,0,0,1,0
8,189,0,1,1,1,0
8,190,1,1,0,0,0
8,191,0,1,0,1,1
8,192,0,0,0,0,0
8,193,1,1,1,0,1
8,194,0,1,1,0,1
8,195,1,1,1,0,0
8,196,1,0,0,1,0
8,197,0,1,1,1,1
8,198,1,0,1,1,0
8,199,1,1,0,1,1
8,200,0,1,0,1,1
8,201,0,1,1,0,1
8,202,0,1,0,1,0
8,203,0,1,1,1,1
8,204,1,1,1,0,1
8,205,1,1,1,0,1
8,206,0,1,0,1,0
8,207,1,0,1,1,0
8,208,0,1,0,1,1
8,209,0,0,1,0,1
8,210,0,1,0,1,0
8,211,1,0,1,1,0
8,212,0,0,0,1,0
8,213,0,1,1,1,1
8,214,0,0,0,0,0
8,215,1,1,1,1,0
8,216,1,1,0,1,0
8,217,1,0,0,1,0
8,218,0,1,1,1,0
8,219,0,0,1,0,0
8,220,0,1,1,1,1
8,221,0,0,0,1,0
8,222,0,1,0,0,0
8,223,0,1,1,1,1
8,224,0,1,1,0,1
8,225,1,0,1,1,1
8,226,1,1,1,1,1
8,227,1,0,0,1,0
8,228,0,0,0,0,1
8,229,1,0,1,1,0
8,230,0,1,1,0,0
8,231,1,1,0,0,1
8,232,0,1,1,0,0
8,233,1,1,1,1,1
8,234,0,0,0,1,0
8,235,1,1,1,0,0
8,236,0,0,1,1,0
8,237,0,1,1,1,0
8,238,0,1,0,1,0
8,239,0,0,1,0,1
8,240,1,1,0,1,0
8,241,1,0,1,1,0
8,242,1,1,0,1,1
8,243,1,0,0,0,1
8,244,1,0,1,0,1
8,245,0,1,1,1,0
8,246,0,1,0,1,1
8,247,0,0,1,1,1
8,248,1,1,0,1,1
8,249,1,1,1,0,1
8,250,0,1,0,0,1
8,251,0,0,1,0,1
8,252,1,1,1,1,1
8,253,0,0,0,1,1
8,254,1,1,0,1,0
8,255,1,1,0,0,1
8,256,0,1,1,0,1
8,257,1,0,0,1,1
8,258,1,1,1,1,1
8,259,1,1,1,0,0
8,260,1,1,1,1,1
8,261,0,0,0,0,1
8,262,0,0,0,0,1
8,263,1,0,1,0,0
8,264,0,1,1,0,1
8,265,1,1,1,0,0
8,266,0,0,1,0,1
8,267,1,1,0,1,1
8,268,0,0,0,1,0
8,269,1,1,1,0,1
8,270,1,0,0,0,1
8,271,1,1,0,1,1
8,272,0,0,1,1,0
8,273,1,1,1,0,1
8,274,1,0,0,1,0
8,275,0,0,1,1,0
8,276,1,0,1,1,1
8,277,0,1,1,0,1
8,278,0,1,0,1,1
8,279,1,1,1,0,0
8,280,1,1,1,1,1
8,281,1,0,1,0,0
8,282,0,0,1,1,0
8,283,1,0,1,1,0
8,284,0,0,1,1,1
8,285,1,1,1,1,1
8,286,1,0,1,1,0
8,287,0,1,0,1,0
8,288,1,0,1,0,1
8,289,1,1,1,1,1
8,290,0,0,1,1,1
8,291,0,0,1,0,1
8,292,0,1,1,0,0
8,293,1,1,0,1,1
8,294,1,1,1,0,1
8,295,1,0,0,1,1
8,296,0,1,1,1,0
8,297,1,0,1,1,0
8,298,1,1,0,1,0
8,299,1,0,1,0,0
8,300,1,0,0,0,1
8,301,1,1,0,0,1
8,302,1,1,1,0,0
8,303,0,1,0,1,0
8,304,0,0,0,1,1
8,305,0,1,1,0,0
8,306,1,1,0,0,1
8,307,0,1,0,0,0
8,308,1,1,1,1,1
8,309,0,0,0,0,0
8,310,1,1,1,1,1
8,311,0,0,1,1,0
8,312,0,1,1,1,0
8,313,1,1,1,0,0
8,314,1,1,0,0,0
8,315,0,1,1,1,1
8,316,0,0,1,1,0
8,317,1,1,0,0,0
8,318,1,1,1,0,1
8,319,0,0,1,0,1
8,320,0,1,0,1,1
8,321,0,1,1,0,1
8,322,1,1,1,1,1
8,323,1,1,0,0,0
8,324,0,1,0,1,0
8,325,1,1,0,0,1
8,326,1,1,1,0,0
8,327,1,1,1,1,1
8,328,0,0,0,0,1
8,329,0,1,1,0,0
8,330,0,1,1,0,0
8,331,1,0,1,0,0
8,332,0,1,0,1,1
8,333,1,0,1,0,1
8,334,1,1,1,1,0
8,335,0,1,1,1,1
8,336,0,0,1,1,1
8,337,0,0,0,1,0
8,338,0,1,0,0,1
8,339,1,1,0,1,1
8,340,0,1,1,0,1
8,341,0,0,1,1,0
8,342,1,0,1,0,0
8,343,0,0,0,1,0
8,344,1,0,1,1,0
8,345,1,1,0,0,1
8,346,0,1,0,1,1
8,347,0,1,1,0,0
8,348,1,0,1,1,0
8,349,1,1,1,0,1
8,350,0,0,0,0,0
8,351,0,0,1,0,0
8,352,0,1,0,0,1
8,353,0,1,0,1,1
8,354,0,0,0,0,1
8,355,1,1,1,1,1
8,356,1,0,0,1,1
8,357,1,1,1,0,0
8,358,1,0,1,1,1
8,359,0,1,0,1,1
8,360,0,0,1,1,1
8,361,1,0,1,1,0
8,362,1,1,0,1,1
8,363,0,1,1,0,1
8,364,1,0,0,0,0
8,365,1,1,0,1,0
8,366,1,0,0,0,0
8,367,1,1,1,1,1
8,368,1,0,1,1,1
8,369,0,1,1,1,1
8,370,0,0,0,1,0
8,371,0,0,1,1,0
8,372,0,1,0,1,1
8,373,1,1,1,1,1
8,374,1,1,1,0,1
8,375,0,0,1,1,1
8,376,0,1,0,0,0
8,377,1,1,0,1,0
8,378,1,0,0,0,0
8,379,1,1,0,0,0
8,380,0,1,1,0,1
8,381,0,0,0,1,1
8,382,1,1,1,1,1
8,383,0,0,1,1,1
8,384,0,1,1,1,0
8,385,0,0,0,0,1
8,386,0,1,0,0,1
8,387,1,0,1,0,1
8,388,0,1,1,1,1
8,389,0,1,1,0,0
8,390,0,0,0,0,1
8,391,0,1,1,1,0
8,392,1,0,0,0,0
8,393,1,1,1,1,0
8,394,0,1,1,0,1
8,395,0,0,0,0,0
8,396,0,1,1,1,1
8,397,1,0,1,0,1
8,398,1,0,0,1,0
8,399,0,1,1,0,1
8,400,1,1,1,0,1
8,401,1,0,1,0,0
8,402,1,1,1,0,0
8,403,1,0,1,1,0
8,404,0,1,1,1,0
8,405,0,0,1,1,0
8,406,0,1,0,0,1
8,407,1,0,0,0,1
8,408,1,0,1,0,0
8,409,0,1,0,0,0
8,410,0,0,1,0,0
8,411,1,1,0,0,0
8,412,1,0,0,1,1
8,413,0,1,0,0,0
8,414,0,1,0,0,1
8,415,1,0,0,0,1
8,416,1,0,0,0,1
8,417,1,0,0,0,1
8,418,0,1,0,1,1
8,419,1,1,1,1,0
8,420,1,0,1,1,1
8,421,0,1,1,1,0
8,422,1,0,0,0,1
8,423,0,1,1,0,0
8,424,1,1,0,0,1
8,425,1,1,1,0,0
8,426,1,0,0,1,1
8,427,0,1,1,1,0
8,428,0,1,1,1,0
8,429,0,0,1,0,1
8,430,0,1,1,0,0
8,431,1,0,1,1,0
8,432,0,0,1,0,1
8,433,1,0,0,0,1
8,434,0,1,0,1,1
8,435,0,1,1,0,1
8,436,0,0,1,0,1
8,437,1,0,0,1,0
8,438,0,0,0,1,1
8,439,1,0,1,1,0
8,440,1,0,0,1,1
8,441,1,0,1,1,1
8,442,0,0,0,1,0
8,443,1,0,1,0,1
8,444,0,1,1,0,0
8,445,1,1,0,1,1
8,446,0,1,0,1,1
8,447,0,1,1,0,1
8,448,1,1,0,1,0
8,449,0,1,1,1,1
8,450,1,1,1,1,1
8,451,1,0,0,1,0
8,452,1,0,0,0,1
8,453,0,1,1,0,0
8,454,1,1,1,0,0
8,455,1,0,0,0,1
8,456,0,1,0,1,1
8,457,0,0,0,1,0
8,458,1,1,0,0,1
8,459,0,1,1,1,0
8,460,0,0,0,1,0
8,461,0,1,0,0,0
8,462,0,1,0,1,0
8,463,1,0,0,0,1
8,464,1,1,1,1,1
8,465,0,1,0,1,0
8,466,1,1,1,0,1
8,467,0,0,1,0,0
8,468,1,1,0,1,0
8,469,1,1,1,1,0
8,470,0,1,1,1,0
8,471,1,0,0,1,1
8,472,0,0,1,0,0
8,473,1,0,0,0,0
8,474,0,0,0,0,0
8,475,1,1,0,0,0
8,476,0,0,0,0,0
8,477,1,1,1,1,1
8,478,1,0,0,0,0
8,479,0,1,0,0,0
8,480,1,0,0,0,1
8,481,1,0,1,1,1
8,482,1,0,0,1,1
8,483,1,0,1,0,0
8,484,1,0,1,0,0
8,485,0,1,0,1,0
8,486,0,1,1,1,0
8,487,1,0,0,1,1
8,488,1,1,0,0,0
8,489,0,1,1,1,0
8,490,0,1,1,1,0
8,491,0,0,0,1,0
8,492,1,0,0,0,0
8,493,1,0,1,0,0
8,494,0,1,1,1,0
8,495,0,0,0,1,1
8,496,1,1,0,1,1
8,497,0,1,1,0,1
8,498,1,1,0,0,0
8,499,1,1,0,0,1
8,500,0,0,1,1,0
8,501,0,0,1,1,0
8,502,0,1,1,0,1
8,503,1,1,0,1,0
8,504,0,1,1,1,0
8,505,0,0,0,0,0
8,506,0,0,0,1,0
8,507,0,0,1,1,0
8,508,0,1,1,1,0
8,509,0,0,0,1,0
8,510,0,1,0,0,0
8,511,0,1,0,1,1
8,512,1,1,0,1,0
8,513,1,0,1,0,1
8,514,0,1,0,0,1
8,515,1,1,1,1,1
8,516,0,1,1,1,1
8,517,1,0,0,1,0
8,518,1,0,1,1,0
8,519,1,1,1,1,1
8,520,1,1,1,0,1
8,521,1,1,0,1,0
8,522,1,1,1,1,0
8,523,0,1,1,1,1
8,524,0,0,0,1,0
8,525,0,0,1,0,0
8,526,1,0,0,1,0
8,527,1,1,0,0,1
8,528,0,1,1,1,0
8,529,0,0,1,0,0
8,530,1,1,0,1,0
8,531,0,0,1,0,0
8,532,0,0,1,0,0
8,533,0,0,0,1,0
8,534,1,0,1,1,1
8,535,0,1,1,1,0
8,536,0,1,0,1,0
8,537,0,1,1,1,0
8,538,1,1,0,1,1
8,539,0,1,1,1,1
8,540,0,1,1,1,0
8,541,0,0,1,1,0
8,542,1,0,0,0,1
8,543,0,1,1,0,0
8,544,1,0,1,0,0
8,545,1,1,1,1,1
8,546,1,0,0,0,0
8,547,1,0,1,0,1
8,548,0,1,0,1,0
8,549,1,1,1,0,0
8,550,0,0,1,0,0
8,551,0,0,1,1,0
8,552,1,1,0,1,0
8,553,1,1,1,1,0
8,554,1,1,0,0,0
8,555,1,0,1,0,1
8,556,0,1,0,1,0
8,557,1,1,0,1,0
8,558,1,1,0,0,0
8,559,0,0,1,1,0
8,560,0,1,1,1,0
8,561,1,1,1,0,0
8,562,1,1,0,1,0
8,563,1,0,1,1,1
8,564,1,1,1,1,1
8,565,0,1,1,1,0
8,566,0,1,0,0,0
8,567,1,1,0,1,1
8,568,0,1,0,0,1
8,569,0,1,1,1,0
8,570,1,1,1,1,0
8,571,1,1,1,1,0
8,572,0,0,0,1,1
8,573,0,1,0,1,1
8,574,0,1,1,1,0
8,575,0,1,1,1,0
8,576,0,1,1,0,1
8,577,1,1,1,0,1
8,578,1,1,0,0,1
8,579,0,1,0,1,1
8,580,0,1,0,0,0
8,581,1,1,0,1,0
8,582,0,1,0,1,1
8,583,0,0,1,0,0
8,584,0,1,0,1,1
8,585,1,0,1,0,0
8,586,1,1,1,0,1
8,587,0,1,1,1,0
8,588,1,1,0,1,0
8,589,0,1,0,1,1
8,590,1,1,1,0,0
8,591,0,0,0,0,0
8,592,1,0,1,1,1
8,593,1,1,0,0,1
8,594,0,1,0,0,0
8,595,1,0,1,1,1
8,596,0,0,1,0,0
8,597,1,0,1,0,1
8,598,1,0,1,1,0
8,599,1,1,0,0,1
8,600,1,0,1,0,0
8,601,0,0,1,1,0
8,602,0,1,0,0,1
8,603,1,0,0,0,0
8,604,1,1,1,1,0
8,605,1,1,0,0,0
8,606,1,0,0,1,0
8,607,1,1,1,0,1
8,608,0,1,1,1,1
8,609,1,1,1,0,0
8,610,1,0,0,1,1
8,611,1,1,0,0,1
8,612,1,1,1,1,0
8,613,1,1,1,0,0
8,614,1,1,1,1,0
8,615,1,0,0,0,0
8,616,1,1,0,1,1
8,617,0,1,1,0,0
8,618,0,0,0,0,1
8,619,0,1,1,0,0
8,620,0,1,1,0,0
8,621,1,1,0,0,0
8,622,1,1,1,1,1
8,623,1,0,0,1,0
8,624,1,1,1,0,0
8,625,1,1,1,1,1
8,626,1,1,0,0,0
8,627,1,1,1,0,0
8,628,0,1,0,0,0
8,629,1,0,1,0,1
8,630,1,1,0,1,0
8,631,1,0,0,1,1
8,632,1,0,1,1,0
8,633,1,1,1,1,1
8,634,0,0,1,1,1
8,635,1,0,1,1,1
8,636,1,1,1,1,1
8,637,0,1,0,1,1
8,638,1,1,1,1,1
8,639,0,1,1,1,0
8,640,1,1,0,1,0
8,641,1,0,0,1,0
8,642,1,0,0,0,1
8,643,0,1,0,1,0
8,644,0,1,0,1,1
8,645,1,1,0,1,1
8,646,1,0,1,0,0
8,647,0,0,1,0,0
8,648,1,1,1,1,1
8,649,0,0,0,1,0
8,650,1,0,0,1,0
8,651,0,0,1,0,1
8,652,1,1,0,1,0
8,653,0,0,0,0,1
8,654,0,0,0,0,0
8,655,1,0,1,1,1
8,656,1,1,1,1,0
8,657,0,0,0,0,0
8,658,1,0,1,1,1
8,659,0,1,1,0,1
8,660,1,0,1,1,0
8,661,0,0,1,0,0
8,662,1,1,0,1,0
8,663,0,1,1,0,0
8,664,0,0,0,1,0
8,665,1,0,0,1,1
8,666,0,1,1,1,1
8,667,1,1,1,0,1
8,668,0,1,1,0,0
8,669,1,1,0,0,1
8,670,1,1,0,1,1
8,671,1,1,1,0,1
8,672,1,1,1,1,1
8,673,0,0,0,0,0
8,674,1,1,0,0,0
8,675,1,1,0,0,1
8,676,0,1,1,1,1
8,677,1,0,1,1,1
8,678,1,1,0,0,0
8,679,0,0,0,0,0
8,680,1,1,1,1,1
8,681,1,1,0,1,1
8,682,1,1,1,1,0
8,683,1,0,1,1,1
8,684,1,1,0,1,0
8,685,1,0,0,1,1
8,686,1,1,0,1,1
8,687,0,1,0,0,1
8,688,1,0,0,1,1
8,689,1,1,1,0,0
8,690,1,1,1,1,1
8,691,1,1,1,0,0
8,692,1,1,0,1,0
8,693,0,1,0,0,0
8,694,1,1,0,0,0
8,695,1,0,0,1,1
8,696,1,1,1,0,0
8,697,0,1,1,1,1
8,698,1,0,1,0,1
8,699,0,0,0,0,1
8,700,1,1,0,1,0
8,701,1,1,1,0,1
8,702,1,1,0,1,1
8,703,0,1,1,0,1
8,704,0,1,1,0,1
8,705,1,0,0,0,0
8,706,1,1,0,1,1
8,707,0,0,0,0,1
8,708,0,1,1,0,0
8,709,1,0,0,1,1
8,710,0,0,0,1,0
8,711,1,1,0,0,0
8,712,1,0,1,1,1
8,713,1,0,0,1,1
8,714,1,1,1,0,0
8,715,1,0,1,0,1
8,716,1,1,1,0,1
8,717,0,0,0,0,0
8,718,0,1,1,0,0
8,719,1,1,0,0,1
8,720,0,1,0,1,1
8,721,1,1,0,0,1
8,722,0,1,0,1,0
8,723,0,1,1,0,1
8,724,1,0,0,0,0
8,725,1,1,0,0,1
8,726,0,1,1,1,0
8,727,1,1,1,0,1
8,728,1,0,1,0,0
8,729,0,1,1,0,1
8,730,1,0,1,1,0
8,731,1,1,0,1,1
8,732,1,1,1,1,0
8,733,0,0,1,1,0
8,734,1,0,0,1,0
8,735,0,1,0,0,1
8,736,0,1,1,1,0
8,737,1,1,1,1,1
8,738,0,1,1,1,0
8,739,0,1,1,0,0
8,740,1,0,1,1,1
8,741,1,0,1,0,0
8,742,1,0,1,1,1
8,743,0,1,0,0,0
8,744,1,1,1,1,0
8,745,1,1,1,0,1
8,746,1,0,1,0,0
8,747,0,1,1,0,0
8,748,0,0,0,1,1
8,749,0,1,1,1,0
8,750,1,0,1,0,0
8,751,0,0,0,1,1
8,752,1,1,0,1,1
8,753,1,0,1,0,1
8,754,1,1,0,1,0
8,755,0,0,1,1,0
8,756,0,0,1,0,1
8,757,1,0,1,1,0
8,758,1,1,1,0,1
8,759,0,1,1,1,0
8,760,0,1,1,1,0
8,761,1,1,0,1,1
8,762,1,1,0,1,1
8,763,1,1,1,1,1
8,764,1,0,1,0,0
8,765,0,1,0,1,1
8,766,1,0,1,0,0
8,767,1,1,0,0,0
8,768,1,0,1,1,1
8,769,0,0,0,0,0
8,770,1,0,1,1,1
8,771,1,1,0,0,1
8,772,1,1,0,0,0
8,773,1,0,1,0,0
8,774,1,0,0,1,1
8,775,1,1,1,0,0
8,776,1,0,0,1,0
8,777,0,0,0,0,1
8,778,1,1,1,0,0
8,779,1,1,1,0,0
8,780,0,0,1,1,0
8,781,0,0,0,1,0
8,782,1,0,1,0,1
8,783,0,0,0,0,0
8,784,1,1,0,0,1
8,785,0,0,1,1,0
8,786,0,0,1,0,0
8,787,0,0,1,0,1
8,788,1,1,0,1,0
8,789,1,1,0,0,1
8,790,0,1,1,1,1
8,791,1,1,0,1,0
8,792,1,1,0,1,0
8,793,1,0,1,0,1
8,794,1,0,1,1,1
8,795,1,0,1,0,0
8,796,0,0,0,0,0
8,797,0,0,0,1,1
8,798,1,0,1,1,0
8,799,1,1,0,0,1
8,800,1,1,1,1,1
8,801,1,1,0,1,0
8,802,1,0,1,1,0
8,803,0,0,1,1,0
8,804,1,0,1,1,0
8,805,1,0,0,0,1
8,806,0,0,0,1,0
8,807,0,1,0,1,1
8,808,1,1,0,0,0
8,809,0,1,1,1,1
8,810,1,0,0,0,1
8,811,1,1,1,1,0
8,812,0,0,1,1,1
8,813,1,1,0,0,1
8,814,0,1,1,0,1
8,815,0,1,0,0,1
8,816,1,0,1,1,1
8,817,1,0,1,1,0
8,818,1,0,0,0,1
8,819,0,1,0,1,0
8,820,0,0,0,1,1
8,821,0,0,0,1,0
8,822,0,1,1,1,1
8,823,1,0,0,1,0
8,824,1,1,1,0,0
8,825,0,1,0,0,1
8,826,1,0,0,0,1
8,827,1,1,1,0,0
8,828,1,0,1,1,0
8,829,1,1,1,0,0
8,830,0,1,0,1,0
8,831,1,1,1,0,1
8,832,0,0,1,0,1
8,833,0,0,0,0,0
8,834,0,0,1,0,0
8,835,1,1,1,1,0
8,836,1,0,1,1,1
8,837,0,1,1,0,0
8,838,1,0,0,0,1
8,839,1,1,0,1,1
8,840,1,0,0,0,0
8,841,0,1,1,0,1
8,842,0,1,0,1,1
8,843,0,0,1,0,1
8,844,0,0,0,1,1
8,845,1,1,1,0,1
8,846,0,0,1,1,1
8,847,1,1,1,0,0
8,848,0,0,1,0,0
8,849,0,1,1,1,1
8,850,1,1,0,1,0
8,851,0,1,1,0,0
8,852,1,0,0,0,0
8,853,1,0,0,0,0
8,854,1,1,0,1,1
8,855,1,1,0,1,1
8,856,0,1,1,1,1
8,857,0,0,1,0,1
8,858,0,0,0,0,1
8,859,1,1,0,1,1
8,860,1,0,0,1,0
8,861,1,1,1,0,1
8,862,1,0,1,0,0
8,863,0,0,0,1,0
8,864,0,0,0,0,1
8,865,0,1,0,0,1
8,866,1,0,0,0,1
8,867,1,1,1,0,0
8,868,1,0,0,1,1
8,869,0,1,1,1,1
8,870,1,0,1,0,0
8,871,1,1,0,1,1
8,872,1,1,0,1,0
8,873,0,1,1,0,0
8,874,1,0,0,1,1
8,875,0,1,1,1,1
8,876,1,1,1,1,0
8,877,0,1,0,1,1
8,878,0,0,0,1,0
8,879,1,1,1,1,1
8,880,1,0,0,0,1
8,881,0,1,0,0,1
8,882,1,0,0,1,1
8,883,0,0,1,0,1
8,884,0,1,0,0,1
8,885,0,0,1,1,1
8,886,0,1,0,1,0
8,887,0,0,0,1,1
8,888,1,0,0,0,1
8,889,1,0,0,1,0
8,890,0,1,0,0,0
8,891,1,1,0,0,1
8,892,0,0,1,1,0
8,893,1,0,0,0,1
8,894,0,0,1,0,0
8,895,1,0,1,0,0
8,896,0,1,0,0,1
8,897,0,1,0,0,1
8,898,0,0,0,1,0
8,899,1,0,1,1,1
8,900,1,1,1,0,1
8,901,1,0,1,0,1
8,902,1,0,0,1,0
8,903,0,1,1,1,1
8,904,1,0,0,1,1
8,905,1,0,1,1,0
8,906,1,0,1,1,0
8,907,1,1,0,0,1
8,908,1,0,1,0,0
8,909,1,0,1,0,1
8,910,1,1,1,0,0
8,911,0,1,0,1,0
8,912,1,0,0,0,0
8,913,0,1,1,0,1
8,914,0,0,0,1,1
8,915,0,1,1,1,0
8,916,1,0,1,1,1
8,917,1,1,0,0,1
8,918,0,1,0,1,1
8,919,0,1,1,0,0
8,920,1,1,0,1,1
8,921,1,1,0,1,0
8,922,0,1,1,0,1
8,923,1,0,1,0,0
8,924,0,0,0,0,1
8,925,1,1,1,1,0
8,926,0,0,0,1,0
8,927,1,1,0,0,1
8,928,0,0,1,0,1
8,929,1,1,1,1,1
8,930,0,0,1,0,0
8,931,1,0,1,0,0
8,932,0,0,0,0,1
8,933,1,0,1,1,1
8,934,1,1,0,0,1
8,935,0,1,1,1,1
8,936,1,1,0,0,0
8,937,1,1,1,1,1
8,938,1,0,0,0,0
8,939,0,0,1,1,0
8,940,1,1,1,1,0
8,941,0,1,0,0,1
8,942,0,0,0,0,0
8,943,1,0,0,1,0
8,944,1,1,0,0,0
8,945,0,0,0,1,0
8,946,1,0,1,0,1
8,947,1,1,0,1,1
8,948,0,0,1,0,0
8,949,1,0,0,1,0
8,950,1,1,1,0,1
8,951,0,1,1,1,1
8,952,1,1,1,0,0
8,953,0,1,1,0,0
8,954,1,1,0,1,1
8,955,1,1,0,0,1
8,956,0,0,1,0,0
8,957,0,1,0,1,1
8,958,0,0,0,0,1
8,959,1,0,1,1,0
8,960,1,1,1,1,1
8,961,0,1,0,0,0
8,962,1,0,1,1,1
8,963,0,1,1,1,0
8,964,1,0,0,0,0
8,965,1,1,0,1,1
8,966,0,0,0,1,0
8,967,1,1,0,0,1
8,968,0,1,1,1,1
8,969,1,0,0,1,0
8,970,1,0,1,0,1
8,971,1,0,0,1,0
8,972,1,0,1,0,1
8,973,0,0,1,1,0
8,974,1,0,1,1,0
8,975,1,1,1,0,1
8,976,0,0,0,1,0
8,977,1,0,1,1,0
8,978,0,0,0,0,0
8,979,1,1,1,1,1
8,980,0,0,0,1,0
8,981,1,1,1,0,1
8,982,0,0,1,1,0
8,983,0,0,1,1,1
8,984,0,1,1,1,0
8,985,1,0,1,1,1
8,986,1,1,1,1,0
8,987,1,0,1,0,1
8,988,1,1,1,0,0
8,989,0,0,0,1,0
8,990,0,1,0,0,0
8,991,0,0,1,0,0
8,992,0,1,1,1,1
8,993,0,1,0,0,0
8,994,1,0,1,1,1
8,995,0,1,0,0,1
8,996,1,0,0,0,0
8,997,0,1,1,1,0
8,998,0,1,0,0,0
8,999,1,1,1,1,1
9,0,1,1,1,0,1
9,1,1,1,0,1,0
9,2,1,1,1,1,1
9,3,1,1,1,1,1
9,4,1,1,1,1,1
9,5,0,1,0,1,1
9,6,0,1,1,1,1
9,7,1,0,0,0,0
9,8,1,1,1,1,0
9,9,1,1,1,1,1
9,10,0,0,0,1,0
9,11,1,1,0,1,1
9,12,1,0,0,0,0
9,13,0,0,1,0,0
9,14,1,1,0,0,1
9,15,0,0,0,0,0
9,16,1,1,1,1,1
9,17,1,1,1,0,1
9,18,0,1,1,0,1
9,19,0,0,1,1,0
9,20,0,0,1,0,0
9,21,0,1,1,1,0
9,22,1,0,1,1,1
9,23,0,0,1,1,1
9,24,1,1,1,0,0
9,25,0,0,1,1,1
9,26,1,1,0,1,0
9,27,1,1,1,1,1
9,28,1,0,0,1,0
9,29,0,1,0,0,0
9,30,0,0,1,0,1
9,31,0,1,1,1,1
9,32,1,1,0,1,1
9,33,0,0,1,0,0
9,34,0,1,0,1,0
9,35,0,0,1,1,1
9,36,1,1,1,1,0
9,37,1,0,1,0,0
9,38,0,1,0,0,0
9,39,1,1,1,1,0
9,40,1,0,1,0,0
9,41,1,1,1,0,1
9,42,1,0,0,1,1
9,43,0,0,0,0,1
9,44,1,1,1,0,1
9,45,0,0,0,1,0
9,46,0,0,1,1,1
9,47,1,1,0,1,1
9,48,1,0,0,1,1
9,49,1,0,0,0,0
9,50,1,0,1,0,1
9,51,0,0,0,1,0
9,52,1,0,0,1,0
9,53,0,1,0,1,0
9,54,1,0,1,0,1
9,55,1,0,1,0,1
9,56,1,1,0,0,1
9,57,1,1,0,0,1
9,58,1,1,1,1,0
9,59,0,1,1,1,1
9,60,1,1,1,1,0
9,61,1,0,1,1,1
9,62,1,0,1,1,0
9,63,1,1,1,0,1
9,64,1,0,0,1,0
9,65,0,0,0,0,1
9,66,1,0,1,1,0
9,67,1,1,1,1,0
9,68,1,1,0,0,1
9,69,1,0,1,1,0
9,70,1,0,1,0,1
9,71,0,1,0,1,1
9,72,1,0,1,0,1
9,73,1,0,0,0,1
9,74,1,1,1,0,0
9,75,1,0,0,0,0
9,76,1,1,0,0,1
9,77,1,1,1,0,0
9,78,1,1,0,0,1
9,79,1,1,0,1,1
9,80,0,0,1,0,0
9,81,1,0,1,0,1
9,82,0,0,1,1,1
9,83,1,1,1,0,1
9,84,1,1,0,1,1
9,85,1,1,1,0,1
9,86,0,1,1,1,1
9,87,1,1,1,1,0
9,88,0,0,1,1,1
9,89,1,0,0,1,0
9,90,0,1,0,0,1
9,91,1,1,0,1,0
9,92,0,1,0,0,1
9,93,0,0,1,1,0
9,94,0,1,1,0,0
9,95,0,0,1,0,1
9,96,1,1,1,0,1
9,97,1,1,0,1,1
9,98,1,1,0,1,1
9,99,1,0,1,0,0
9,100,1,0,1,1,1
9,101,0,1,0,0,0
9,102,0,1,1,1,1
9,103,0,1,1,1,1
9,104,0,1,0,1,1
9,105,1,1,0,1,1
9,106,1,0,1,1,1
9,107,0,0,1,1,0
9,108,1,1,1,1,1
9,109,1,0,1,1,0
9,110,1,1,0,1,1
9,111,1,1,1,0,0
9,112,1,1,1,1,1
9,113,0,0,1,1,1
9,114,1,0,0,0,1
9,115,1,1,1,0,1
9,116,1,0,1,0,0
9,117,1,0,1,0,0
9,118,1,0,1,0,0
9,119,1,0,0,0,0
9,120,0,0,1,1,1
9,121,0,1,0,1,0
9,122,1,1,1,0,0
9,123,1,0,0,1,1
9,124,0,1,0,1,0
9,125,1,0,1,0,0
9,126,0,1,1,1,0
9,127,1,0,0,1,0
9,128,0,1,1,1,0
9,129,1,1,0,0,1
9,130,1,0,1,0,1
9,131,1,1,1,0,1
9,132,1,1,1,0,1
9,133,0,1,1,1,0
9,134,1,1,1,1,0
9,135,1,0,0,1,1
9,136,0,0,0,1,0
9,137,1,1,0,0,0
9,138,1,1,0,1,0
9,139,1,1,0,0,1
9,140,1,0,1,0,1
9,141,1,0,0,1,0
9,142,0,1,1,0,1
9,143,1,0,0,1,1
9,144,0,0,0,1,1
9,145,0,1,0,0,1
9,146,0,0,1,1,0
9,147,0,0,0,1,0
9,148,1,1,1,1,1
9,149,1,1,1,1,1
9,150,1,0,1,1,1
9,151,0,1,0,0,0
9,152,0,1,0,1,0
9,153,1,0,1,1,0
9,154,0,1,0,0,1
9,155,1,1,1,0,1
9,156,0,1,0,0,0
9,157,1,0,1,0,1
9,158,1,1,0,1,0
9,159,0,1,1,1,1
9,160,0,1,1,1,1
9,161,1,0,1,1,1
9,162,1,1,0,1,0
9,163,0,1,1,0,1
9,164,1,1,0,1,1
9,165,1,0,1,0,0
9,166,1,0,0,0,1
9,167,1,0,1,1,1
9,168,1,1,0,0,1
9,169,1,1,0,1,0
9,170,0,0,1,0,1
9,171,1,0,1,1,0
9,172,1,0,0,0,1
9,173,1,0,0,1,0
9,174,0,0,1,0,1
9,175,1,1,1,1,0
9,176,1,0,0,1,1
9,177,0,0,0,0,0
9,178,1,1,0,1,0
9,179,0,0,0,1,0
9,180,0,0,1,1,1
9,181,0,0,1,1,0
9,182,1,1,1,1,0
9,183,1,0,1,1,0
9,184,0,0,0,1,0
9,185,0,1,1,0,1
9,186,1,1,0,1,1
9,187,0,1,0,1,1
9,188,1,0,0,1,1
9,189,0,0,0,0,0
9,190,1,1,0,0,1
9,191,0,1,1,1,0
9,192,0,1,1,1,0
9,193,0,1,1,0,0
9,194,1,1,1,1,0
9,195,0,0,1,1,0
9,196,0,0,0,0,1
9,197,1,0,0,1,1
9,198,0,0,0,1,1
9,199,0,1,0,0,0
9,200,0,1,1,0,0
9,201,1,0,0,0,1
9,202,0,1,0,1,1
9,203,0,1,1,0,1
9,204,1,0,1,1,1
9,205,0,0,1,0,0
9,206,1,0,1,1,0
9,207,0,0,1,0,0
9,208,1,1,0,1,0
9,209,1,1,0,0,1
9,210,0,1,0,1,0
9,211,1,1,0,0,0
9,212,1,0,1,1,0
9,213,0,1,1,1,0
9,214,1,1,0,1,1
9,215,1,1,1,0,1
9,216,0,1,1,0,1
9,217,1,1,0,0,1
9,218,0,1,0,1,1
9,219,1,1,0,1,0
9,220,0,0,0,0,1
9,221,1,1,1,1,1
9,222,0,1,1,1,1
9,223,0,1,1,1,1
9,224,0,1,0,0,0
9,225,1,0,0,1,1
9,226,1,0,1,0,0
9,227,0,1,1,0,1
9,228,1,1,0,0,0
9,229,1,1,1,0,0
9,230,0,1,1,1,1
9,231,1,1,1,0,0
9,232,1,1,0,1,1
9,233,1,0,1,0,0
9,234,0,1,0,1,0
9,235,1,1,0,1,0
9,236,1,0,1,1,0
9,237,0,1,0,1,1
9,238,0,0,0,1,0
9,239,1,1,0,0,1
9,240,0,1,0,0,0
9,241,1,1,1,0,1
9,242,1,0,1,1,0
9,243,1,0,1,0,0
9,244,0,0,1,0,1
9,245,0,0,1,0,1
9,246,1,0,0,1,1
9,247,1,1,1,0,0
9,248,0,0,0,0,0
9,249,1,1,0,1,0
9,250,1,1,1,1,0
9,251,0,1,1,1,0
9,252,0,0,1,1,1
9,253,1,0,0,1,0
9,254,1,0,0,0,0
9,255,1,1,1,1,0
9,256,0,1,1,0,0
9,257,0,0,1,0,0
9,258,0,1,1,1,1
9,259,1,0,1,1,1
9,260,1,0,0,1,0
9,261,1,0,0,1,0
9,262,0,0,0,0,1
9,263,0,0,1,1,0
9,264,1,1,1,1,1
9,265,1,0,1,1,0
9,266,0,1,0,1,0
9,267,1,1,1,1,0
9,268,1,1,0,1,1
9,269,1,1,0,0,1
9,270,1,0,1,1,0
9,271,0,1,1,0,0
9,272,1,0,0,1,1
9,273,1,1,1,1,1
9,274,0,0,1,0,0
9,275,1,1,0,1,1
9,276,0,0,1,1,1
9,277,1,1,1,1,1
9,278,0,1,1,1,0
9,279,0,1,1,1,1
9,280,1,1,1,0,0
9,281,1,0,1,0,1
9,282,1,1,1,1,0
9,283,1,1,1,1,0
9,284,1,0,1,0,1
9,285,0,1,1,1,1
9,286,1,1,1,0,0
9,287,1,1,0,1,0
9,288,0,1,0,1,1
9,289,0,0,0,1,0
9,290,0,0,1,1,0
9,291,1,0,1,1,1
9,292,1,1,0,1,1
9,293,0,0,0,1,0
9,294,1,1,1,1,1
9,295,0,1,1,0,1
9,296,0,0,1,1,1
9,297,1,1,1,1,1
9,298,1,0,1,1,1
9,299,1,0,0,1,1
9,300,1,1,0,1,0
9,301,1,0,0,1,1
9,302,1,0,1,0,1
9,303,1,0,0,1,1
9,304,0,1,1,0,0
9,305,1,0,0,1,1
9,306,0,1,1,1,1
9,307,1,1,0,1,0
9,308,1,1,0,1,0
9,309,0,0,1,0,1
9,310,1,0,0,1,1
9,311,1,1,1,1,0
9,312,0,1,1,1,1
9,313,0,0,1,1,1
9,314,1,0,1,0,1
9,315,1,1,0,1,0
9,316,0,1,0,1,1
9,317,1,1,0,0,1
9,318,1,1,1,0,0
9,319,1,1,1,0,1
9,320,1,0,1,1,0
9,321,1,1,1,0,0
9,322,0,0,1,1,0
9,323,1,1,0,0,0
9,324,0,1,1,1,1
9,325,0,1,0,1,1
9,326,1,1,0,0,0
9,327,0,0,1,1,1
9,328,1,0,1,1,0
9,329,1,1,1,0,0
9,330,1,0,0,0,0
9,331,0,0,0,1,1
9,332,0,0,1,1,1
9,333,1,1,0,0,0
9,334,1,1,0,1,1
9,335,1,1,0,1,1
9,336,1,1,1,0,0
9,337,0,0,0,1,0
9,338,1,1,0,0,0
9,339,1,0,1,0,0
9,340,1,1,1,0,0
9,341,1,0,0,1,0
9,342,1,0,0,1,0
9,343,1,1,1,0,1
9,344,1,1,0,1,0
9,345,0,1,0,0,1
9,346,1,0,0,0,1
9,347,1,1,0,0,0
9,348,1,1,0,1,1
9,349,1,0,0,0,0
9,350,0,1,1,0,1
9,351,0,1,1,1,0
9,352,1,0,1,0,0
9,353,1,1,1,1,0
9,354,0,1,0,1,1
9,355,0,1,0,0,1
9,356,1,0,0,0,1
9,357,1,1,1,1,0
9,358,1,0,0,0,1
9,359,0,0,1,1,1
9,360,1,1,0,0,0
9,361,1,0,1,1,1
9,362,1,1,0,1,1
9,363,1,0,1,1,1
9,364,0,0,0,1,0
9,365,0,1,0,1,0
9,366,0,1,1,0,1
9,367,0,1,1,1,1
9,368,1,1,1,0,1
9,369,1,1,0,1,1
9,370,1,1,0,1,1
9,371,0,0,1,0,0
9,372,0,1,1,1,0
9,373,1,0,1,0,0
9,374,1,1,0,1,0
9,375,0,0,1,0,1
9,376,1,1,0,0,1
9,377,1,1,1,0,1
9,378,1,0,0,0,1
9,379,1,1,1,1,0
9,380,0,1,0,0,1
9,381,1,0,0,1,0
9,382,0,0,0,0,1
9,383,1,0,1,0,1
9,384,0,1,1,1,0
9,385,0,1,1,0,0
9,386,1,0,0,0,1
9,387,0,0,1,1,0
9,388,1,1,1,1,1
9,389,1,0,1,1,1
9,390,0,1,1,0,1
9,391,0,0,1,0,1
9,392,1,0,1,1,1
9,393,0,0,0,0,1
9,394,1,0,1,1,1
9,395,0,0,1,1,1
9,396,1,0,0,0,1
9,397,0,1,1,1,0
9,398,1,0,1,0,1
9,399,0,1,0,1,1
9,400,0,0,1,0,0
9,401,0,0,1,0,1
9,402,1,0,1,1,1
9,403,1,0,1,1,1
9,404,1,1,1,1,1
9,405,0,0,0,1,1
9,406,1,1,1,0,0
9,407,1,0,1,1,1
9,408,1,0,0,0,1
9,409,0,0,1,1,1
9,410,0,0,1,0,1
9,411,0,0,0,1,1
9,412,1,1,0,1,1
9,413,1,1,1,0,0
9,414,1,0,0,0,0
9,415,1,0,1,0,0
9,416,0,1,1,0,1
9,417,1,0,1,0,0
9,418,0,0,1,0,1
9,419,1,0,1,0,1
9,420,1,0,0,0,1
9,421,1,1,1,0,1
9,422,0,1,1,0,0
9,423,0,0,0,0,0
9,424,1,1,0,0,1
9,425,1,1,0,1,0
9,426,0,0,1,1,1
9,427,1,1,0,0,0
9,428,0,0,0,1,1
9,429,1,0,0,0,1
9,430,0,0,1,0,0
9,431,1,0,1,1,0
9,432,1,0,1,1,0
9,433,0,0,1,1,1
9,434,0,0,0,0,1
9,435,1,1,1,0,0
9,436,0,0,1,1,0
9,437,0,0,0,1,0
9,438,0,1,1,0,1
9,439,1,1,0,1,0
9,440,1,0,1,1,1
9,441,0,1,1,0,0
9,442,1,1,0,1,1
9,443,0,1,0,1,1
9,444,0,1,1,1,1
9,445,0,1,1,0,1
9,446,1,0,0,0,1
9,447,1,1,0,0,1
9,448,1,0,1,0,0
9,449,0,1,1,0,1
9,450,0,0,0,0,0
9,451,0,1,0,0,1
9,452,1,1,1,0,0
9,453,0,0,0,0,1
9,454,1,0,0,0,0
9,455,1,0,1,0,1
9,456,1,0,1,0,0
9,457,0,1,0,0,0
9,458,1,1,1,0,0
9,459,1,1,0,0,1
9,460,1,1,1,1,1
9,461,0,1,1,1,0
9,462,1,1,0,1,1
9,463,0,1,0,1,1
9,464,1,1,1,1,1
9,465,1,1,1,0,0
9,466,1,1,1,0,1
9,467,0,0,1,1,1
9,468,0,1,0,1,0
9,469,0,1,1,0,0
9,470,1,1,0,1,0
9,471,0,1,0,1,1
9,472,1,1,0,1,1
9,473,1,0,1,0,0
9,474,0,0,0,1,1
9,475,1,0,1,0,1
9,476,1,0,1,1,1
9,477,1,0,1,0,0
9,478,0,1,0,1,1
9,479,0,0,1,1,1
9,480,0,1,0,1,1
9,481,0,0,1,0,0
9,482,0,0,1,1,0
9,483,0,0,1,1,0
9,484,1,1,1,0,1
9,485,1,1,0,1,0
9,486,1,1,1,0,0
9,487,1,0,0,1,1
9,488,0,0,1,0,0
9,489,1,0,1,1,1
9,490,1,1,1,0,1
9,491,0,0,1,0,1
9,492,1,1,1,0,1
9,493,1,1,1,1,1
9,494,0,0,0,0,0
9,495,0,1,1,1,0
9,496,1,0,0,1,1
9,497,1,1,0,0,1
9,498,0,1,1,1,0
9,499,1,0,1,0,1
9,500,0,0,0,1,0
9,501,0,1,0,0,1
9,502,1,1,1,0,0
9,503,1,1,1,1,0
9,504,1,1,1,0,0
9,505,1,0,0,1,1
9,506,1,0,1,0,1
9,507,0,1,0,1,0
9,508,0,1,1,1,0
9,509,0,0,1,1,1
9,510,0,1,1,0,1
9,511,1,0,1,0,0
9,512,0,0,0,1,0
9,513,1,0,0,0,1
9,514,1,1,0,0,0
9,515,1,1,0,1,0
9,516,0,1,1,1,1
9,517,1,1,0,1,1
9,518,0,1,0,1,1
9,519,1,0,0,1,0
9,520,0,0,1,0,0
9,521,0,1,0,1,1
9,522,0,0,0,1,0
9,523,1,0,0,1,0
9,524,1,1,1,1,0
9,525,1,1,1,1,0
9,526,0,0,0,1,0
9,527,0,0,1,1,0
9,528,0,1,1,0,0
9,529,0,1,1,1,1
9,530,0,1,0,0,1
9,531,1,0,0,1,1
9,532,1,1,1,1,0
9,533,1,1,0,0,1
9,534,1,0,1,1,1
9,535,1,0,0,1,0
9,536,0,1,1,0,1
9,537,1,0,1,1,0
9,538,1,1,0,1,1
9,539,1,1,1,1,0
9,540,1,0,1,0,1
9,541,0,0,1,1,0
9,542,0,0,1,0,0
9,543,1,0,1,1,1
9,544,0,0,1,1,1
9,545,1,0,1,1,0
9,546,0,1,0,1,1
9,547,0,0,0,1,1
9,548,1,1,0,0,1
9,549,1,0,0,1,0
9,550,1,0,1,1,0
9,551,0,1,0,0,1
9,552,1,1,1,1,1
9,553,0,1,0,1,1
9,554,0,1,1,0,0
9,555,1,1,0,1,1
9,556,1,1,0,1,0
9,557,0,1,1,0,1
9,558,0,1,0,0,0
9,559,1,1,0,1,0
9,560,0,1,0,1,0
9,561,1,0,0,0,1
9,562,1,0,1,1,0
9,563,0,0,1,0,1
9,564,0,1,1,0,0
9,565,1,0,1,1,1
9,566,1,0,0,0,1
9,567,1,0,1,1,0
9,568,1,1,0,0,0
9,569,0,1,1,0,0
9,570,0,1,0,1,1
9,571,1,0,0,1,0
9,572,0,1,0,0,1
9,573,1,0,1,1,0
9,574,1,1,0,0,1
9,575,0,1,1,0,1
9,576,1,1,0,1,0
9,577,0,1,0,1,0
9,578,1,1,1,1,1
9,579,0,1,1,1,1
9,580,1,0,1,1,1
9,581,1,1,1,1,0
9,582,0,0,0,0,0
9,583,1,1,1,1,1
9,584,0,0,0,1,0
9,585,0,1,1,1,1
9,586,0,1,0,0,0
9,587,1,1,1,1,1
9,588,0,0,1,1,0
9,589,0,1,1,0,0
9,590,1,1,0,0,1
9,591,0,1,0,0,0
9,592,1,0,0,0,1
9,593,1,1,0,0,1
9,594,1,1,0,1,0
9,595,1,1,1,0,1
9,596,0,1,0,0,0
9,597,0,0,1,1,0
9,598,0,1,1,0,1
9,599,0,0,1,1,1
9,600,1,0,1,0,0
9,601,0,1,1,1,0
9,602,1,0,1,1,0
9,603,0,1,0,1,1
9,604,0,1,0,0,1
9,605,0,0,0,1,1
9,606,1,1,0,1,1
9,607,0,0,1,0,0
9,608,0,1,1,0,0
9,609,0,0,0,1,1
9,610,1,0,1,1,1
9,611,1,1,1,1,1
9,612,0,1,1,0,1
9,613,0,1,0,0,0
9,614,0,1,1,1,1
9,615,1,1,1,0,0
9,616,1,0,1,0,1
9,617,0,1,0,1,1
9,618,1,1,1,1,0
9,619,1,1,1,0,0
9,620,1,0,1,0,0
9,621,1,0,0,1,0
9,622,0,0,1,1,0
9,623,0,0,1,1,1
9,624,0,0,1,1,1
9,625,0,0,0,1,0
9,626,0,1,1,1,1
9,627,0,0,1,1,0
9,628,1,0,0,1,1
9,629,1,1,1,0,0
9,630,0,1,0,0,0
9,631,1,1,1,0,0
9,632,0,0,0,1,1
9,633,1,1,1,1,0
9,634,0,1,1,0,0
9,635,0,1,1,0,0
9,636,0,0,0,0,0
9,637,1,1,0,1,1
9,638,1,1,1,1,0
9,639,1,1,1,0,0
9,640,1,1,1,1,1
9,641,0,1,1,1,1
9,642,1,0,1,1,0
9,643,1,0,0,1,1
9,644,1,1,1,1,0
9,645,0,1,1,1,1
9,646,1,1,1,1,0
9,647,1,0,0,1,1
9,648,0,1,0,0,1
9,649,0,0,0,1,1
9,650,0,1,1,0,1
9,651,1,0,1,0,0
9,652,0,0,1,0,1
9,653,0,1,1,1,0
9,654,0,0,0,0,1
9,655,0,1,1,1,0
9,656,1,0,0,0,0
9,657,1,1,0,1,0
9,658,1,1,0,1,0
9,659,0,1,1,1,1
9,660,0,1,0,0,0
9,661,1,1,1,1,0
9,662,0,1,0,0,1
9,663,1,1,1,1,1
9,664,0,1,1,0,0
9,665,1,1,1,0,0
9,666,1,0,0,1,0
9,667,1,1,1,0,1
9,668,0,1,1,0,1
9,669,1,0,0,1,0
9,670,0,1,1,0,0
9,671,1,0,1,1,0
9,672,0,0,0,1,1
9,673,0,0,1,1,0
9,674,1,0,0,1,0
9,675,0,0,0,1,0
9,676,0,1,0,0,1
9,677,1,1,1,0,0
9,678,1,0,0,1,1
9,679,1,0,1,0,1
9,680,1,1,0,1,0
9,681,1,0,1,0,0
9,682,0,1,0,1,0
9,683,1,1,1,1,1
9,684,1,1,1,1,1
9,685,1,1,0,1,1
9,686,1,1,0,1,1
9,687,0,1,1,0,0
9,688,1,0,1,0,0
9,689,1,1,0,0,0
9,690,1,0,1,1,0
9,691,0,1,1,1,0
9,692,1,1,0,0,1
9,693,0,1,1,1,1
9,694,1,0,0,1,0
9,695,0,0,0,1,1
9,696,1,1,1,1,0
9,697,1,1,0,1,0
9,698,0,1,0,1,1
9,699,1,1,0,0,0
9,700,0,0,1,0,1
9,701,1,1,0,1,1
9,702,1,1,0,1,0
9,703,1,1,1,0,0
9,704,0,1,0,0,1
9,705,0,1,1,1,1
9,706,1,1,0,0,0
9,707,1,0,1,0,1
9,708,0,0,1,1,0
9,709,1,1,1,1,1
9,710,1,0,1,0,0
9,711,1,1,1,0,0
9,712,1,0,0,1,0
9,713,1,1,1,1,0
9,714,0,0,1,0,0
9,715,1,0,1,0,1
9,716,1,1,0,1,0
9,717,1,0,1,1,1
9,718,1,1,0,1,1
9,719,1,0,1,1,0
9,720,1,1,1,1,0
9,721,1,0,1,0,1
9,722,1,1,1,0,0
9,723,1,0,1,1,1
9,724,1,0,0,1,0
9,725,0,1,1,1,0
9,726,0,1,0,0,0
9,727,1,1,1,0,1
9,728,1,1,1,0,0
9,729,1,1,0,1,0
9,730,1,1,1,0,1
9,731,1,1,1,1,0
9,732,0,1,1,0,1
9,733,1,1,0,1,0
9,734,1,1,0,1,1
9,735,1,0,1,1,0
9,736,1,1,0,1,1
9,737,1,1,0,0,0
9,738,1,0,0,1,0
9,739,0,0,0,1,1
9,740,0,0,1,0,1
9,741,1,1,1,0,0
9,742,1,0,0,1,1
9,743,0,1,1,1,0
9,744,1,1,1,1,1
9,745,1,0,1,0,1
9,746,1,0,1,1,1
9,747,1,0,1,1,0
9,748,0,0,0,1,0
9,749,0,1,1,1,0
9,750,0,1,0,1,1
9,751,1,0,1,1,1
9,752,1,1,0,1,0
9,753,1,0,0,0,1
9,754,1,0,0,1,0
9,755,1,1,0,1,1
9,756,0,0,0,1,0
9,757,1,1,1,0,1
9,758,0,1,1,1,1
9,759,0,1,0,1,0
9,760,0,0,0,0,1
9,761,1,1,0,1,0
9,762,0,1,0,0,0
9,763,1,0,1,1,1
9,764,0,1,1,0,0
9,765,1,1,0,1,1
9,766,0,0,1,1,0
9,767,1,0,1,0,0
9,768,1,1,1,1,0
9,769,1,0,0,1,1
9,770,1,0,1,0,0
9,771,0,0,1,1,1
9,772,1,1,0,1,0
9,773,1,1,0,0,1
9,774,0,1,1,1,1
9,775,0,1,1,1,1
9,776,1,1,1,1,1
9,777,0,1,1,1,0
9,778,1,1,1,1,0
9,779,0,0,1,1,1
9,780,1,1,0,1,0
9,781,1,1,1,0,0
9,782,1,0,0,1,0
9,783,1,1,1,1,0
9,784,0,0,1,1,0
9,785,1,1,1,1,1
9,786,0,1,1,1,1
9,787,0,1,1,1,1
9,788,1,0,1,1,1
9,789,1,0,0,1,1
9,790,0,1,1,1,0
9,791,0,1,1,0,1
9,792,0,1,1,0,1
9,793,1,0,0,1,1
9,794,1,1,0,0,0
9,795,1,0,1,1,0
9,796,0,1,1,0,1
9,797,0,0,1,0,1
9,798,0,1,0,1,0
9,799,1,0,1,1,0
9,800,1,1,0,0,0
9,801,0,1,0,0,1
9,802,1,0,0,0,1
9,803,1,1,0,1,0
9,804,1,0,0,1,1
9,805,0,0,1,1,1
9,806,1,0,1,1,0
9,807,0,0,1,1,1
9,808,1,1,1,0,0
9,809,1,0,0,1,0
9,810,0,0,0,0,1
9,811,0,0,0,0,0
9,812,1,1,0,1,1
9,813,0,0,1,1,1
9,814,1,0,0,0,1
9,815,1,1,0,1,0
9,816,1,0,1,0,0
9,817,1,1,1,1,1
9,818,0,1,1,0,0
9,819,1,0,0,1,1
9,820,1,1,1,0,1
9,821,1,1,0,0,1
9,822,0,1,0,1,0
9,823,1,0,0,0,1
9,824,0,0,0,1,0
9,825,1,0,1,0,0
9,826,0,0,1,1,0
9,827,1,0,1,1,1
9,828,0,1,0,0,0
9,829,1,0,1,1,1
9,830,0,0,0,0,0
9,831,0,0,1,0,1
9,832,1,1,0,0,0
9,833,0,1,1,1,0
9,834,1,0,0,0,1
9,835,1,1,0,0,1
9,836,1,0,0,0,0
9,837,0,1,0,0,1
9,838,0,0,1,0,0
9,839,0,1,1,1,1
9,840,0,0,0,0,0
9,841,0,1,1,0,1
9,842,0,0,1,1,0
9,843,1,1,1,1,1
9,844,1,0,0,0,0
9,845,0,1,0,0,1
9,846,0,0,1,1,1
9,847,1,0,1,0,0
9,848,1,0,1,0,1
9,849,1,0,1,1,1
9,850,0,0,1,1,0
9,851,1,1,1,0,1
9,852,0,0,0,1,0
9,853,1,1,1,0,1
9,854,1,1,1,1,1
9,855,1,0,0,1,0
9,856,0,1,1,1,1
9,857,1,1,0,1,0
9,858,1,0,0,0,1
9,859,1,0,1,1,1
9,860,1,0,0,1,1
9,861,1,1,1,1,0
9,862,1,0,1,1,0
9,863,0,0,0,0,1
9,864,1,0,0,0,1
9,865,1,1,0,0,1
9,866,1,0,0,1,0
9,867,1,1,0,1,0
9,868,0,1,0,0,0
9,869,1,1,0,0,0
9,870,1,1,1,1,1
9,871,1,1,0,0,0
9,872,1,0,1,1,1
9,873,1,1,0,1,0
9,874,1,1,0,1,0
9,875,1,1,1,1,1
9,876,0,1,1,0,0
9,877,1,0,1,1,1
9,878,1,0,1,1,1
9,879,1,1,1,0,1
9,880,0,0,1,1,0
9,881,0,0,1,1,1
9,882,1,0,0,0,1
9,883,0,0,1,0,1
9,884,0,1,0,1,0
9,885,0,1,0,1,0
9,886,1,0,1,1,1
9,887,0,0,1,1,0
9,888,0,1,1,1,0
9,889,0,0,1,0,0
9,890,1,0,0,1,1
9,891,1,0,1,0,1
9,892,1,0,0,0,0
9,893,0,1,1,0,1
9,894,0,0,0,1,1
9,895,0,0,1,0,0
9,896,0,0,0,0,0
9,897,0,0,1,0,0
9,898,1,0,0,1,1
9,899,1,1,1,0,0
9,900,1,1,0,1,0
9,901,1,1,0,0,0
9,902,0,0,0,0,1
9,903,1,1,1,0,1
9,904,1,0,1,1,1
9,905,1,0,0,1,1
9,906,0,1,1,0,1
9,907,1,0,1,0,0
9,908,0,0,1,0,1
9,909,0,0,1,0,1
9,910,1,1,1,0,1
9,911,0,1,1,0,1
9,912,1,0,1,0,1
9,913,1,1,1,0,1
9,914,1,0,0,0,1
9,915,1,1,0,0,0
9,916,1,1,0,1,0
9,917,1,1,0,1,1
9,918,0,1,0,0,1
9,919,0,1,1,0,0
9,920,1,1,0,0,0
9,921,0,0,0,1,0
9,922,0,0,0,0,1
9,923,1,1,1,1,1
9,924,1,1,0,0,1
9,925,0,0,0,0,1
9,926,1,1,1,1,0
9,927,1,1,1,1,0
9,928,1,1,1,0,1
9,929,1,0,0,1,0
9,930,0,0,0,0,0
9,931,1,0,1,0,1
9,932,1,1,0,1,0
9,933,0,0,0,1,1
9,934,1,1,0,0,1
9,935,1,0,1,1,0
9,936,1,1,1,0,1
9,937,0,0,0,0,0
9,938,0,1,0,1,0
9,939,0,0,1,1,1
9,940,1,1,1,1,1
9,941,0,0,1,1,0
9,942,0,1,0,1,0
9,943,1,1,0,1,1
9,944,1,0,1,1,1
9,945,1,0,1,0,1
9,946,0,1,1,0,0
9,947,1,0,0,1,1
9,948,0,0,1,1,1
9,949,1,0,0,0,1
9,950,1,0,1,1,1
9,951,1,0,1,0,1
9,952,1,0,1,0,0
9,953,0,1,0,1,0
9,954,1,1,1,1,1
9,955,1,1,1,0,0
9,956,0,1,0,0,0
9,957,1,0,0,1,1
9,958,1,1,1,0,0
9,959,0,1,0,1,1
9,960,1,1,1,1,0
9,961,1,1,1,0,1
9,962,1,0,0,1,0
9,963,1,1,1,1,1
9,964,1,0,1,1,1
9,965,0,0,1,1,1
9,966,0,0,0,0,0
9,967,1,1,1,1,1
9,968,1,0,0,1,1
9,969,0,1,1,0,1
9,970,1,0,1,0,0
9,971,0,1,0,0,1
9,972,1,1,1,1,0
9,973,0,1,1,0,1
9,974,1,0,1,0,1
9,975,1,1,1,1,1
9,976,1,0,1,0,1
9,977,1,0,1,0,1
9,978,0,0,1,1,0
9,979,1,0,0,0,1
9,980,1,0,0,0,0
9,981,1,0,0,1,0
9,982,1,0,1,0,0
9,983,1,1,0,0,1
9,984,1,0,1,0,1
9,985,1,1,0,1,0
9,986,0,1,1,0,0
9,987,1,1,0,1,0
9,988,0,1,1,1,1
9,989,1,1,0,0,1
9,990,0,0,1,1,0
9,991,1,1,1,1,0
9,992,1,1,1,0,1
9,993,1,1,0,0,0
9,994,1,1,1,0,1
9,995,0,0,0,1,1
9,996,0,1,1,1,0
9,997,0,0,1,0,0
9,998,1,0,1,1,0
9,999,0,1,1,0,1
10,0,1,0,1,0,1
10,1,0,1,1,0,1
10,2,0,0,1,0,1
10,3,1,1,1,0,0
10,4,1,1,1,1,1
10,5,1,0,1,1,1
10,6,1,1,1,0,0
10,7,1,1,0,1,1
10,8,0,0,0,1,1
10,9,0,1,1,1,0
10,10,1,1,1,1,0
10,11,0,1,1,1,0
10,12,1,0,1,1,0
10,13,0,1,1,1,1
10,14,0,1,0,0,1
10,15,1,1,0,0,1
10,16,1,1,0,0,1
10,17,0,0,0,0,1
10,18,0,1,0,1,0
10,19,0,1,0,0,0
10,20,0,0,1,1,1
10,21,0,1,1,0,0
10,22,1,1,1,1,0
10,23,0,1,0,0,1
10,24,0,0,1,1,0
10,25,1,1,1,1,0
10,26,1,1,1,0,0
10,27,1,0,0,1,0
10,28,0,1,1,1,0
10,29,0,0,0,0,0
10,30,1,1,1,1,1
10,31,0,0,0,1,1
10,32,1,1,1,1,0
10,33,1,1,0,1,0
10,34,1,1,0,0,1
10,35,0,0,1,0,1
10,36,1,0,1,1,1
10,37,0,0,0,0,1
10,38,0,0,0,0,1
10,39,1,1,1,1,0
10,40,1,0,1,1,1
10,41,0,0,0,1,0
10,42,1,0,0,0,0
10,43,1,1,0,0,0
10,44,1,0,0,0,1
10,45,1,0,0,0,0
10,46,0,1,1,0,0
10,47,1,1,1,0,0
10,48,0,1,1,1,1
10,49,1,0,1,1,1
10,50,0,1,1,1,1
10,51,1,1,1,0,1
10,52,1,0,0,0,1
10,53,0,1,0,1,0
10,54,0,0,0,0,1
10,55,1,1,0,0,1
10,56,0,0,0,1,1
10,57,1,1,1,1,0
10,58,0,0,1,1,1
10,59,1,1,0,0,1
10,60,1,0,0,1,1
10,61,0,0,1,0,1
10,62,1,1,1,0,0
10,63,1,1,1,0,1
10,64,0,0,1,1,0
10,65,1,1,1,0,1
10,66,1,0,1,1,0
10,67,0,1,1,0,1
10,68,0,0,1,0,0
10,69,1,1,1,1,0
10,70,0,0,0,0,1
10,71,0,1,1,1,0
10,72,1,1,1,1,0
10,73,1,1,0,1,0
10,74,0,1,1,1,1
10,75,1,0,1,1,1
10,76,1,0,1,0,0
10,77,1,1,0,0,1
10,78,1,1,1,1,0
10,79,1,1,1,1,0
10,80,0,1,1,1,1
10,81,1,1,1,0,0
10,82,0,0,1,0,0
10,83,0,1,0,1,0
10,84,0,0,0,0,0
10,85,0,0,1,0,0
10,86,0,1,1,0,0
10,87,0,1,0,0,0
10,88,0,1,1,0,0
10,89,0,1,0,0,1
10,90,1,1,1,1,0
10,91,1,0,0,1,0
10,92,1,0,0,1,1
10,93,0,0,1,1,1
10,94,1,0,1,0,0
10,95,0,0,1,1,0
10,96,1,1,1,1,1
10,97,1,0,0,0,0
10,98,0,1,1,1,1
10,99,1,0,1,0,1
10,100,1,1,1,1,1
10,101,1,0,1,1,1
10,102,1,1,1,1,0
10,103,1,1,1,0,0
10,104,1,1,1,0,0
10,105,0,1,0,1,1
10,106,1,1,1,0,1
10,107,1,0,1,0,1
10,108,0,1,1,1,0
10,109,1,1,0,1,1
10,110,1,0,1,1,1
10,111,0,1,1,0,1
10,112,0,1,1,0,0
10,113,1,1,1,1,1
10,114,1,0,0,1,1
10,115,1,1,0,1,1
10,116,1,0,0,1,1
10,117,1,0,1,0,0
10,118,0,0,0,1,1
10,119,1,1,1,1,1
10,120,0,1,0,0,1
10,121,0,0,1,0,1
10,122,1,1,0,0,1
10,123,1,0,0,1,1
10,124,0,1,0,0,1
10,125,1,1,0,1,1
10,126,1,1,0,1,0
10,127,1,1,0,1,1
10,128,1,0,0,1,0
10,129,0,0,1,1,0
10,130,0,1,0,0,1
10,131,1,0,1,1,1
10,132,0,1,1,0,0
10,133,1,0,1,1,1
10,134,1,0,0,0,0
10,135,0,0,0,0,0
10,136,1,0,0,1,1
10,137,0,1,1,0,0
10,138,1,1,1,1,0
10,139,1,1,1,0,1
10,140,1,1,0,1,0
10,141,1,0,0,1,0
10,142,0,0,1,1,1
10,143,1,0,1,0,1
10,144,1,1,1,0,0
10,145,1,0,1,1,1
10,146,1,1,0,0,1
10,147,0,1,0,1,0
10,148,0,1,0,0,0
10,149,1,1,1,1,1
10,150,1,1,0,1,0
10,151,0,1,1,0,1
10,152,0,0,0,0,1
10,153,1,0,0,1,1
10,154,1,1,0,1,1
10,155,1,1,1,1,1
10,156,1,0,0,0,1
10,157,1,0,0,1,0
10,158,0,0,1,1,1
10,159,1,0,1,0,0
10,160,1,1,1,1,1
10,161,0,1,1,0,0
10,162,0,1,0,1,1
10,163,1,1,0,1,0
10,164,0,1,0,0,1
10,165,1,0,1,1,1
10,166,0,1,1,1,0
10,167,1,0,0,1,1
10,168,1,0,0,1,1
10,169,1,1,1,0,1
10,170,0,0,0,1,1
10,171,0,0,1,1,0
10,172,1,0,1,1,0
10,173,1,1,0,1,0
10,174,1,0,0,0,1
10,175,0,0,1,1,1
10,176,1,0,1,1,1
10,177,0,0,1,1,1
10,178,0,0,1,1,1
10,179,0,0,1,1,1
10,180,1,0,1,1,1
10,181,1,0,0,1,1
10,182,1,1,0,0,0
10,183,1,1,1,0,1
10,184,1,0,1,1,0
10,185,0,0,0,0,1
10,186,0,0,1,1,1
10,187,0,0,1,1,1
10,188,0,0,0,0,1
10,189,1,0,0,1,1
10,190,0,0,0,1,1
10,191,1,1,0,1,0
10,192,1,0,0,1,0
10,193,1,1,1,1,0
10,194,0,1,1,1,0
10,195,1,0,1,0,1
10,196,1,1,0,0,0
10,197,1,1,1,1,1
10,198,0,0,1,0,1
10,199,0,1,1,0,1
10,200,1,0,1,1,0
10,201,0,1,1,1,0
10,202,1,0,1,1,1
10,203,0,1,1,1,0
10,204,1,0,1,0,1
10,205,1,0,0,0,0
10,206,0,1,1,0,1
10,207,1,1,1,1,1
10,208,1,1,1,1,0
10,209,1,0,0,0,1
10,210,0,0,1,1,1
10,211,1,1,1,0,1
10,212,1,1,1,1,1
10,213,1,1,1,0,1
10,214,0,1,1,1,1
10,215,0,0,0,1,0
10,216,0,0,0,1,0
10,217,1,1,0,1,0
10,218,0,1,0,0,1
10,219,0,1,1,0,1
10,220,1,1,1,0,1
10,221,1,0,1,0,0
10,222,1,0,1,1,1
10,223,1,0,1,1,1
10,224,1,1,0,1,1
10,225,1,1,0,1,1
10,226,1,1,1,0,1
10,227,1,0,0,1,1
10,228,1,1,1,1,1
10,229,1,0,1,1,1
10,230,1,0,1,0,1
10,231,0,1,1,0,0
10,232,1,1,1,1,1
10,233,1,0,0,0,0
10,234,1,1,0,1,0
10,235,0,0,0,0,0
10,236,0,1,1,1,1
10,237,1,0,1,0,0
10,238,0,1,1,1,1
10,239,1,0,1,1,0
10,240,1,0,0,0,1
10,241,1,0,1,0,0
10,242,1,0,0,1,1
10,243,0,0,0,1,0
10,244,0,1,1,0,1
10,245,1,0,0,1,0
10,246,0,0,0,1,0
10,247,1,0,1,0,1
10,248,0,0,1,1,1
10,249,1,1,0,0,1
10,250,1,0,0,1,0
10,251,0,1,0,0,0
10,252,1,0,1,0,1
10,253,1,0,1,0,1
10,254,0,1,1,1,1
10,255,1,1,1,0,0
10,256,0,1,1,0,1
10,257,1,0,1,1,1
10,258,1,1,0,1,1
10,259,1,1,1,0,0
10,260,0,0,0,1,1
10,261,1,1,0,1,1
10,262,1,1,1,0,1
10,263,1,1,1,1,1
10,264,0,0,0,0,0
10,265,1,1,1,1,1
10,266,1,1,1,1,1
10,267,0,0,0,1,1
10,268,1,1,1,1,0
10,269,0,0,1,1,0
10,270,0,0,0,0,0
10,271,0,0,0,0,1
10,272,0,0,0,1,1
10,273,1,0,1,1,0
10,274,0,1,1,0,1
10,275,1,1,0,1,1
10,276,0,1,0,1,1
10,277,1,1,1,0,1
10,278,0,1,1,1,0
10,279,1,0,0,1,0
10,280,1,1,1,1,0
10,281,0,0,1,0,0
10,282,1,1,1,0,0
10,283,1,0,1,0,1
10,284,0,1,0,0,0
10,285,1,0,1,1,0
10,286,0,0,1,0,1
10,287,1,0,0,0,1
10,288,1,0,0,1,1
10,289,0,0,1,0,1
10,290,1,0,1,1,0
10,291,0,0,0,1,1
10,292,1,0,0,1,0
10,293,1,0,0,1,1
10,294,0,1,1,1,1
10,295,1,0,0,0,1
10,296,1,0,0,0,0
10,297,0,1,1,1,0
10,298,1,0,0,0,1
10,299,1,1,0,0,0
10,300,1,1,0,0,1
10,301,1,0,0,0,1
10,302,0,0,1,0,0
10,303,1,1,1,1,1
10,304,1,0,1,1,1
10,305,1,1,0,1,1
10,306,1,1,1,0,0
10,307,1,0,1,0,1
10,308,1,1,1,1,1
10,309,1,1,0,1,1
10,310,1,0,0,0,0
10,311,1,1,1,1,1
10,312,1,0,1,1,0
10,313,0,0,1,0,1
10,314,0,1,1,1,1
10,315,0,1,1,1,1
10,316,1,0,1,1,0
10,317,1,0,1,0,1
10,318,1,1,1,1,0
10,319,0,0,1,0,0
10,320,1,1,1,0,0
10,321,0,0,0,0,0
10,322,0,1,1,0,0
10,323,1,0,0,1,1
10,324,0,0,0,0,0
10,325,1,1,1,0,0
10,326,0,0,1,0,0
10,327,1,1,1,1,0
10,328,0,0,1,0,1
10,329,1,0,1,0,1
10,330,1,1,0,1,0
10,331,0,0,0,0,0
10,332,1,1,0,1,1
10,333,0,1,0,0,0
10,334,0,1,0,0,0
10,335,0,1,1,0,0
10,336,1,0,0,1,0
10,337,0,0,1,0,0
10,338,1,0,1,1,1
10,339,1,1,1,1,0
10,340,1,1,1,1,1
10,341,0,1,1,1,1
10,342,1,0,1,0,1
10,343,0,0,0,0,1
10,344,0,1,1,1,0
10,345,1,0,0,1,0
10,346,0,0,0,1,1
10,347,1,1,1,1,0
10,348,0,1,1,0,1
10,349,1,0,0,0,0
10,350,0,1,1,0,1
10,351,1,1,0,1,0
10,352,1,0,1,1,0
10,353,0,1,0,1,0
10,354,1,1,1,0,1
10,355,0,0,1,0,0
10,356,0,1,0,1,1
10,357,1,0,1,1,0
10,358,1,0,1,0,1
10,359,1,1,0,0,1
10,360,1,1,1,1,1
10,361,1,0,1,1,1
10,362,0,0,1,0,1
10,363,0,1,0,1,0
10,364,0,1,0,1,0
10,365,1,1,1,1,0
10,366,1,1,0,1,1
10,367,0,0,0,1,0
10,368,1,0,0,1,0
10,369,0,0,1,1,1
10,370,0,1,0,0,1
10,371,1,1,0,0,0
10,372,1,0,0,0,1
10,373,1,0,1,1,1
10,374,0,1,0,1,1
10,375,0,0,1,1,1
10,376,0,0,1,1,1
10,377,1,1,1,1,0
10,378,0,1,0,1,0
10,379,1,0,1,1,0
10,380,0,1,0,1,0
10,381,1,1,0,0,1
10,382,0,1,1,1,1
10,383,1,1,1,1,1
10,384,0,0,1,0,1
10,385,0,1,1,1,1
10,386,0,0,1,0,1
10,387,1,0,0,1,1
10,388,1,0,1,0,1
10,389,0,1,0,0,1
10,390,1,1,0,0,1
10,391,0,1,1,1,0
10,392,0,0,0,1,1
10,393,1,0,1,0,1
10,394,1,1,0,0,1
10,395,1,1,1,1,1
10,396,0,0,0,1,1
10,397,1,0,1,0,0
10,398,1,1,0,0,1
10,399,0,0,1,1,0
10,400,1,1,1,0,1
10,401,0,1,0,1,0
10,402,0,0,1,0,1
10,403,1,1,0,1,0
10,404,0,1,0,0,0
10,405,1,1,1,1,0
10,406,0,1,0,1,0
10,407,1,1,1,0,0
10,408,0,1,1,0,1
10,409,0,0,1,0,0
10,410,1,1,0,1,1
10,411,1,0,1,0,0
10,412,1,1,0,1,1
10,413,0,0,0,1,1
10,414,1,1,1,1,0
10,415,0,1,0,0,0
10,416,0,0,1,1,1
10,417,0,0,0,1,1
10,418,1,1,1,1,1
10,419,0,0,0,1,0
10,420,1,1,0,1,1
10,421,1,0,1,1,1
10,422,1,1,1,1,0
10,423,0,1,1,1,0
10,424,1,1,1,1,1
10,425,1,1,1,0,0
10,426,0,1,1,1,1
10,427,1,1,1,1,1
10,428,0,1,0,0,1
10,429,0,0,0,1,0
10,430,1,1,0,1,1
10,431,0,0,1,0,1
10,432,1,1,1,0,0
10,433,1,1,1,0,1
10,434,1,1,1,1,0
10,435,0,1,1,0,0
10,436,1,0,0,0,0
10,437,1,1,1,1,0
10,438,0,0,0,0,1
10,439,1,0,0,1,0
10,440,0,1,1,1,0
10,441,1,1,0,1,1
10,442,0,1,1,0,1
10,443,0,1,1,1,1
10,444,1,0,0,1,1
10,445,0,0,1,0,0
10,446,0,0,1,0,1
10,447,0,1,1,1,0
10,448,1,1,1,1,1
10,449,1,0,1,1,1
10,450,0,0,0,0,0
10,451,0,0,1,1,1
10,452,1,1,0,0,1
10,453,0,1,1,1,1
10,454,1,0,1,1,0
10,455,1,1,1,1,1
10,456,1,1,1,0,1
10,457,1,1,0,0,1
10,458,1,1,1,1,0
10,459,0,1,1,1,1
10,460,1,0,0,1,1
10,461,1,0,1,0,0
10,462,0,1,0,0,0
10,463,0,1,1,1,1
10,464,0,0,1,0,0
10,465,0,1,0,1,1
10,466,0,1,0,1,1
10,467,0,1,0,1,1
10,468,1,1,1,1,1
10,469,0,1,1,1,0
10,470,0,1,0,1,1
10,471,1,1,0,1,0
10,472,0,1,1,1,0
10,473,1,0,0,0,1
10,474,1,1,0,0,0
10,475,0,1,0,0,1
10,476,1,1,1,0,1
10,477,0,0,1,1,1
10,478,0,0,1,0,0
10,479,1,0,1,1,1
10,480,0,0,0,1,1
10,481,1,1,1,1,0
10,482,1,1,0,1,1
10,483,0,1,1,1,1
10,484,0,0,1,1,1
10,485,0,1,0,0,0
10,486,1,0,1,0,0
10,487,1,1,0,1,0
10,488,1,1,1,0,0
10,489,0,0,1,1,0
10,490,1,1,1,0,0
10,491,1,1,0,0,1
10,492,0,0,1,1,0
10,493,0,1,0,0,0
10,494,1,0,0,0,1
10,495,0,1,1,1,0
10,496,1,0,1,0,0
10,497,0,0,0,1,1
10,498,1,1,1,1,0
10,499,0,1,0,0,1
10,500,0,1,1,0,1
10,501,1,1,0,0,0
10,502,1,1,0,0,1
10,503,0,1,0,1,1
10,504,1,1,0,1,1
10,505,0,0,0,0,0
10,506,1,1,0,0,1
10,507,1,0,1,1,0
10,508,1,1,0,0,0
10,509,1,1,1,0,0
10,510,0,1,1,1,0
10,511,0,1,0,0,1
10,512,0,0,0,1,1
10,513,0,1,1,0,1
10,514,1,0,0,0,0
10,515,0,0,1,0,1
10,516,0,0,0,1,1
10,517,0,1,1,1,0
10,518,1,1,0,1,0
10,519,1,0,0,0,0
10,520,1,1,1,1,0
10,521,1,1,0,0,1
10,522,1,1,1,0,0
10,523,1,0,0,1,1
10,524,1,0,1,1,1
10,525,1,0,1,1,1
10,526,0,0,0,1,0
10,527,1,0,1,0,1
10,528,0,0,0,0,0
10,529,0,1,1,1,0
10,530,1,1,1,0,1
10,531,1,1,0,1,0
10,532,0,1,1,0,0
10,533,1,1,0,0,0
10,534,1,1,0,1,0
10,535,1,1,0,1,1
10,536,0,0,1,0,0
10,537,0,0,0,0,1
10,538,1,0,1,0,0
10,539,1,0,0,0,1
10,540,0,1,1,0,0
10,541,1,1,0,0,0
10,542,1,1,0,1,1
10,543,1,0,0,0,1
10,544,0,1,1,1,0
10,545,0,1,1,1,1
10,546,1,1,0,0,0
10,547,1,1,0,1,1
10,548,1,0,0,0,0
10,549,1,1,0,1,1
10,550,1,0,1,1,1
10,551,0,1,0,1,1
10,552,1,1,0,0,0
10,553,1,1,0,1,0
10,554,1,0,1,0,0
10,555,0,1,0,1,0
10,556,1,1,0,1,0
10,557,1,1,1,0,0
10,558,0,0,0,0,1
10,559,1,0,0,1,1
10,560,1,1,0,1,1
10,561,1,1,0,0,1
10,562,0,1,1,0,1
10,563,1,1,1,0,0
10,564,0,1,1,1,0
10,565,1,0,1,0,1
10,566,0,1,0,1,1
10,567,0,0,1,1,1
10,568,1,1,0,1,1
10,569,1,0,0,0,0
10,570,0,1,0,1,0
10,571,0,0,1,0,0
10,572,1,1,0,1,1
10,573,1,0,0,1,1
10,574,1,1,1,0,0
10,575,1,0,0,0,0
10,576,1,0,1,1,1
10,577,1,1,0,1,1
10,578,1,0,1,1,1
10,579,0,0,1,1,0
10,580,1,1,0,1,1
10,581,1,1,1,0,1
10,582,1,1,0,1,0
10,583,1,0,1,1,1
10,584,1,0,0,1,0
10,585,0,0,0,0,1
10,586,0,1,1,0,0
10,587,1,0,1,1,1
10,588,1,1,1,0,0
10,589,1,1,1,1,0
10,590,1,0,1,1,0
10,591,0,0,1,1,1
10,592,0,1,1,0,0
10,593,1,0,1,1,1
10,594,1,1,0,0,1
10,595,0,1,1,1,0
10,596,1,1,1,1,1
10,597,1,0,1,1,0
10,598,1,0,1,1,0
10,599,0,1,1,1,0
10,600,0,1,1,0,0
10,601,1,1,1,0,1
10,602,0,1,1,1,1
10,603,1,0,0,1,0
10,604,1,1,1,0,0
10,605,1,1,0,1,1
10,606,1,1,1,1,1
10,607,1,0,0,1,0
10,608,0,1,0,0,0
10,609,0,1,0,0,0
10,610,1,0,1,1,1
10,611,1,1,0,0,0
10,612,1,1,1,1,1
10,613,1,0,1,1,0
10,614,0,1,0,1,1
10,615,1,1,1,0,1
10,616,1,1,1,1,1
10,617,1,1,1,1,0
10,618,0,1,1,1,1
10,619,0,1,0,1,0
10,620,0,1,1,0,1
10,621,0,1,0,1,1
10,622,1,1,0,1,1
10,623,0,1,0,0,1
10,624,0,1,0,0,1
10,625,1,1,1,1,1
10,626,0,0,1,1,0
10,627,0,1,0,0,0
10,628,1,1,1,1,1
10,629,1,1,0,1,1
10,630,1,1,0,1,0
10,631,1,0,1,1,0
10,632,0,1,1,0,1
10,633,1,0,0,1,0
10,634,0,1,0,0,1
10,635,0,1,0,1,0
10,636,1,0,1,0,1
10,637,1,0,1,1,1
10,638,1,1,0,0,1
10,639,1,1,1,1,1
10,640,0,0,0,1,0
10,641,1,1,0,1,1
10,642,1,1,1,0,1
10,643,1,0,0,0,1
10,644,1,1,0,0,1
10,645,1,0,1,1,1
10,646,1,1,1,1,0
10,647,1,0,1,1,1
10,648,1,1,1,1,1
10,649,1,0,0,0,1
10,650,0,1,1,0,0
10,651,1,1,0,1,1
10,652,0,0,1,0,0
10,653,0,1,0,1,1
10,654,1,0,0,1,1
10,655,1,0,1,1,1
10,656,0,0,1,1,0
10,657,0,1,0,1,0
10,658,1,0,0,1,0
10,659,0,0,0,0,0
10,660,1,1,0,1,1
10,661,1,0,0,0,1
10,662,1,1,1,0,0
10,663,0,0,1,0,1
10,664,1,0,0,0,0
10,665,1,1,1,0,1
10,666,1,0,0,1,0
10,667,1,1,1,1,1
10,668,1,0,0,1,0
10,669,1,0,1,1,0
10,670,0,1,0,1,1
10,671,0,1,0,1,0
10,672,0,1,1,0,1
10,673,1,0,0,1,0
10,674,0,0,0,1,0
10,675,0,0,1,1,1
10,676,1,0,1,1,0
10,677,1,1,1,0,1
10,678,0,1,0,0,0
10,679,1,0,0,1,0
10,680,0,1,0,1,0
10,681,0,1,1,1,0
10,682,1,0,1,1,1
10,683,1,0,1,1,1
10,684,1,0,1,0,0
10,685,0,1,1,0,1
10,686,1,0,1,0,1
10,687,1,0,1,1,0
10,688,1,1,0,1,1
10,689,1,1,1,0,0
10,690,0,1,0,1,1
10,691,1,1,1,1,0
10,692,1,1,0,1,0
10,693,1,0,1,1,0
10,694,1,0,0,0,1
10,695,1,0,1,0,1
10,696,1,1,0,0,1
10,697,1,0,1,1,1
10,698,0,1,1,0,0
10,699,1,0,1,1,0
10,700,0,0,1,0,1
10,701,1,1,1,1,0
10,702,1,0,0,1,1
10,703,0,1,1,0,1
10,704,0,1,1,0,1
10,705,0,0,0,1,1
10,706,1,1,1,0,1
10,707,1,1,0,1,1
10,708,1,1,0,0,0
10,709,1,0,1,0,1
10,710,1,1,1,0,0
10,711,0,1,1,0,0
10,712,0,1,0,1,1
10,713,1,1,1,1,1
10,714,0,1,1,1,1
10,715,1,1,0,0,1
10,716,1,1,1,1,1
10,717,1,0,0,0,0
10,718,1,0,0,1,1
10,719,1,0,1,1,0
10,720,1,1,0,1,1
10,721,1,1,0,0,1
10,722,1,1,1,0,0
10,723,0,0,0,1,1
10,724,1,1,1,1,0
10,725,1,0,1,0,1
10,726,1,1,0,0,1
10,727,1,0,1,1,0
10,728,1,1,0,1,0
10,729,0,0,0,1,1
10,730,0,0,1,1,0
10,731,0,1,0,1,1
10,732,0,0,1,0,1
10,733,1,1,0,0,0
10,734,0,1,1,1,0
10,735,0,1,1,1,0
10,736,0,1,1,0,1
10,737,0,0,0,1,0
10,738,1,1,0,0,1
10,739,1,1,1,0,0
10,740,0,1,1,1,1
10,741,1,0,1,1,0
10,742,1,1,1,1,0
10,743,1,0,1,0,1
10,744,1,0,1,1,0
10,745,0,1,1,0,1
10,746,0,0,0,0,0
10,747,1,0,0,0,0
10,748,1,1,1,1,1
10,749,0,0,1,0,0
10,750,1,0,0,1,0
10,751,1,0,0,0,1
10,752,0,1,0,1,0
10,753,1,1,1,0,1
10,754,1,1,1,1,0
10,755,1,0,1,1,0
10,756,1,0,1,1,0
10,757,0,1,0,0,0
10,758,0,1,0,1,0
10,759,0,0,1,0,1
10,760,1,1,0,0,1
10,761,1,1,1,1,1
10,762,1,0,0,0,1
10,763,0,1,1,1,0
10,764,0,0,1,1,1
10,765,1,1,1,1,0
10,766,1,0,1,1,1
10,767,0,0,0,1,0
10,768,0,0,1,1,1
10,769,1,1,0,0,0
10,770,1,0,0,1,1
10,771,1,1,0,1,1
10,772,1,1,1,0,0
10,773,0,0,1,1,1
10,774,1,1,1,0,1
10,775,1,1,1,1,0
10,776,0,0,0,0,1
10,777,1,1,1,1,1
10,778,1,0,0,0,1
10,779,1,1,1,0,0
10,780,1,0,1,0,0
10,781,0,0,0,0,1
10,782,0,1,1,1,1
10,783,1,1,0,0,0
10,784,1,1,1,0,0
10,785,1,1,0,0,0
10,786,1,1,1,0,1
10,787,1,0,0,0,1
10,788,1,0,0,1,0
10,789,1,1,0,0,1
10,790,1,1,1,0,1
10,791,1,0,0,1,0
10,792,0,0,1,0,1
10,793,1,1,0,1,0
10,794,0,0,0,0,0
10,795,1,1,0,1,0
10,796,1,1,1,0,1
10,797,0,1,1,0,1
10,798,0,0,0,0,1
10,799,1,0,1,0,0
10,800,1,0,0,0,1
10,801,0,1,1,0,1
10,802,0,0,0,0,0
10,803,1,0,1,0,1
10,804,0,1,0,1,0
10,805,1,1,1,1,1
10,806,0,0,0,0,0
10,807,1,1,0,1,0
10,808,0,1,0,0,1
10,809,1,1,0,0,1
10,810,0,1,1,0,1
10,811,1,1,0,0,0
10,812,1,0,0,0,0
10,813,0,0,0,0,0
10,814,0,1,1,0,0
10,815,0,0,1,1,1
10,816,0,1,0,0,0
10,817,1,0,0,1,1
10,818,0,0,1,0,1
10,819,1,1,1,1,1
10,820,0,0,1,1,1
10,821,1,1,1,1,1
10,822,0,0,0,1,1
10,823,0,0,0,1,1
10,824,1,1,0,1,0
10,825,1,0,1,1,0
10,826,0,1,0,0,0
10,827,0,1,1,1,0
10,828,0,0,1,0,0
10,829,1,0,1,1,1
10,830,1,1,0,0,1
10,831,0,0,0,1,0
10,832,1,1,1,1,1
10,833,0,0,0,0,0
10,834,1,1,1,0,1
10,835,1,0,0,1,0
10,836,1,0,0,0,1
10,837,1,1,0,0,0
10,838,1,0,0,0,1
10,839,1,1,0,0,0
10,840,0,0,1,1,1
10,841,1,1,1,1,1
10,842,1,1,1,0,0
10,843,1,0,1,1,1
10,844,0,0,1,0,1
10,845,1,0,1,1,0
10,846,0,1,0,0,0
10,847,1,0,0,1,0
10,848,0,1,0,1,0
10,849,0,1,1,1,0
10,850,1,1,0,1,0
10,851,1,1,1,1,1
10,852,1,1,0,1,0
10,853,1,0,1,0,0
10,854,1,1,1,0,1
10,855,1,0,0,0,1
10,856,1,0,0,1,0
10,857,1,0,1,1,0
10,858,1,1,1,1,0
10,859,0,1,1,0,0
10,860,1,0,1,1,0
10,861,0,0,1,0,1
10,862,1,1,0,0,1
10,863,1,0,0,0,0
10,864,0,0,1,1,0
10,865,0,0,0,1,0
10,866,0,0,1,0,1
10,867,0,0,1,0,1
10,868,1,0,0,0,1
10,869,0,0,0,0,0
10,870,0,0,1,1,1
10,871,0,1,0,1,0
10,872,0,1,1,0,0
10,873,0,1,1,1,0
10,874,1,1,1,0,0
10,875,0,0,1,1,0
10,876,1,1,1,1,0
10,877,1,0,0,0,1
10,878,1,0,0,1,1
10,879,1,1,1,1,1
10,880,1,1,0,0,1
10,881,1,0,0,0,1
10,882,1,1,0,0,1
10,883,0,1,1,0,1
10,884,1,1,1,1,1
10,885,0,0,0,1,1
10,886,0,0,1,1,1
10,887,1,0,1,1,0
10,888,1,0,0,0,1
10,889,0,0,1,1,1
10,890,0,1,0,0,1
10,891,0,0,0,1,1
10,892,1,1,0,1,1
10,893,0,0,0,1,1
10,894,0,1,1,0,1
10,895,0,0,1,0,1
10,896,0,0,1,1,0
10,897,0,0,0,1,0
10,898,0,1,1,0,1
10,899,1,0,1,0,0
10,900,0,0,1,1,0
10,901,1,1,0,0,1
10,902,0,1,0,0,1
10,903,0,1,0,0,1
10,904,1,1,0,0,0
10,905,1,1,0,1,0
10,906,1,1,1,1,1
10,907,1,1,0,0,0
10,908,1,1,1,1,1
10,909,0,1,0,0,1
10,910,1,1,0,0,1
10,911,0,1,0,0,0
10,912,1,0,1,0,0
10,913,1,0,1,0,0
10,914,1,1,0,1,1
10,915,1,0,1,1,1
10,916,0,0,1,1,0
10,917,0,0,1,0,1
10,918,1,0,1,1,0
10,919,1,0,0,0,0
10,920,0,0,1,0,1
10,921,1,0,0,0,0
10,922,0,1,1,0,1
10,923,0,1,1,0,1
10,924,1,1,0,1,1
10,925,1,1,1,1,1
10,926,1,0,1,0,1
10,927,1,1,1,1,1
10,928,1,0,0,1,0
10,929,0,1,1,0,1
10,930,1,0,1,0,0
10,931,0,0,1,0,1
10,932,1,1,0,1,0
10,933,0,1,0,0,1
10,934,0,0,0,1,1
10,935,1,0,1,1,1
10,936,1,0,1,1,0
10,937,1,0,0,0,0
10,938,1,1,1,1,0
10,939,0,0,1,1,0
10,940,1,0,1,1,0
10,941,1,0,1,1,0
10,942,1,0,1,1,1
10,943,1,0,1,1,1
10,944,0,0,1,1,0
10,945,1,1,1,1,1
10,946,1,0,1,1,1
10,947,1,1,1,1,0
10,948,1,0,1,1,1
10,949,1,0,1,1,0
10,950,0,0,1,0,1
10,951,1,1,1,1,0
10,952,1,0,0,1,0
10,953,0,1,1,1,0
10,954,1,0,1,1,1
10,955,1,1,0,1,0
10,956,1,0,1,0,0
10,957,1,0,1,0,1
10,958,1,0,1,1,0
10,959,0,0,0,1,0
10,960,1,1,1,0,0
10,961,1,0,0,0,1
10,962,1,0,0,1,0
10,963,1,1,0,1,0
10,964,1,1,0,0,0
10,965,1,0,1,1,0
10,966,1,0,1,1,1
10,967,1,0,0,0,1
10,968,1,1,0,0,0
10,969,0,0,1,1,0
10,970,0,1,1,0,1
10,971,1,1,0,1,0
10,972,1,0,1,1,1
10,973,1,1,1,0,1
10,974,1,0,1,1,1
10,975,0,0,0,1,0
10,976,0,0,0,0,0
10,977,1,1,1,0,1
10,978,1,0,0,0,1
10,979,0,0,1,0,0
10,980,0,1,1,1,0
10,981,1,0,1,0,0
10,982,1,1,0,1,1
10,983,0,0,0,1,0
10,984,1,0,1,0,1
10,985,1,0,1,1,1
10,986,0,0,1,0,0
10,987,1,1,1,0,0
10,988,1,1,0,1,1
10,989,1,1,0,1,0
10,990,0,0,1,0,1
10,991,1,1,0,1,0
10,992,1,0,0,1,1
10,993,1,0,0,1,1
10,994,0,1,0,0,0
10,995,1,0,0,0,0
10,996,0,1,1,1,1
10,997,1,0,1,0,0
10,998,0,0,0,1,1
10,999,1,0,0,0,1
