episode,step,SBS_0_state,SBS_1_state,SBS_2_state,SBS_3_state,SBS_4_state
1,0,0,0,0,0,0
1,1,0,0,0,0,0
1,2,0,0,0,0,0
1,3,0,0,0,0,0
1,4,0,0,0,0,0
1,5,0,0,0,0,0
1,6,0,0,0,0,0
1,7,0,0,0,0,0
1,8,0,0,0,0,0
1,9,0,0,0,0,0
1,10,0,0,0,0,0
1,11,0,0,0,0,0
1,12,0,0,0,0,0
1,13,0,0,0,0,0
1,14,0,0,0,0,0
1,15,0,0,0,0,0
1,16,0,0,0,0,0
1,17,0,0,0,0,0
1,18,0,0,0,0,0
1,19,0,0,0,0,0
1,20,0,0,0,0,0
1,21,0,0,0,0,0
1,22,0,0,0,0,0
1,23,0,0,0,0,0
1,24,0,0,0,0,0
1,25,0,0,0,0,0
1,26,0,0,0,0,0
1,27,0,0,0,0,0
1,28,0,0,0,0,0
1,29,0,0,0,0,0
1,30,0,0,0,0,0
1,31,0,0,0,0,0
1,32,0,0,0,0,0
1,33,0,0,0,0,0
1,34,0,0,0,0,0
1,35,0,0,0,0,0
1,36,0,0,0,0,0
1,37,0,0,0,0,0
1,38,0,0,0,0,0
1,39,0,0,0,0,0
1,40,0,0,0,0,0
1,41,0,0,0,0,0
1,42,0,0,0,0,0
1,43,0,0,0,0,0
1,44,0,0,0,0,0
1,45,0,0,0,0,0
1,46,0,0,0,0,0
1,47,0,0,0,0,0
1,48,0,0,0,0,0
1,49,0,0,0,0,0
1,50,0,0,0,0,0
1,51,0,0,0,0,0
1,52,0,0,0,0,0
1,53,0,0,0,0,0
1,54,0,0,0,0,0
1,55,0,0,0,0,0
1,56,0,0,0,0,0
1,57,0,0,0,0,0
1,58,0,0,0,0,0
1,59,0,0,0,0,0
1,60,0,0,0,0,0
1,61,0,0,0,0,0
1,62,0,0,0,0,0
1,63,0,0,0,0,0
1,64,0,0,0,0,0
1,65,0,0,0,0,0
1,66,0,0,0,0,0
1,67,0,0,0,0,0
1,68,0,0,0,0,0
1,69,0,0,0,0,0
1,70,0,0,0,0,0
1,71,0,0,0,0,0
1,72,0,0,0,0,0
1,73,0,0,0,0,0
1,74,0,0,0,0,0
1,75,0,0,0,0,0
1,76,0,0,0,0,0
1,77,0,0,0,0,0
1,78,0,0,0,0,0
1,79,0,0,0,0,0
1,80,0,0,0,0,0
1,81,0,0,0,0,0
1,82,0,0,0,0,0
1,83,0,0,0,0,0
1,84,0,0,0,0,0
1,85,0,0,0,0,0
1,86,0,0,0,0,0
1,87,0,0,0,0,0
1,88,0,0,0,0,0
1,89,0,0,0,0,0
1,90,0,0,0,0,0
1,91,0,0,0,0,0
1,92,0,0,0,0,0
1,93,0,0,0,0,0
1,94,0,0,0,0,0
1,95,0,0,0,0,0
1,96,0,0,0,0,0
1,97,0,0,0,0,0
1,98,0,0,0,0,0
1,99,0,0,0,0,0
1,100,0,0,0,0,0
1,101,0,0,0,0,0
1,102,0,0,0,0,0
1,103,0,0,0,0,0
1,104,0,0,0,0,0
1,105,0,0,0,0,0
1,106,0,0,0,0,0
1,107,0,0,0,0,0
1,108,0,0,0,0,0
1,109,0,0,0,0,0
1,110,0,0,0,0,0
1,111,0,0,0,0,0
1,112,0,0,0,0,0
1,113,0,0,0,0,0
1,114,0,0,0,0,0
1,115,0,0,0,0,0
1,116,0,0,0,0,0
1,117,0,0,0,0,0
1,118,0,0,0,0,0
1,119,0,0,0,0,0
1,120,0,0,0,0,0
1,121,0,0,0,0,0
1,122,0,0,0,0,0
1,123,0,0,0,0,0
1,124,0,0,0,0,0
1,125,0,0,0,0,0
1,126,0,0,0,0,0
1,127,0,0,0,0,0
1,128,0,0,0,0,0
1,129,0,0,0,0,0
1,130,0,0,0,0,0
1,131,0,0,0,0,0
1,132,0,0,0,0,0
1,133,0,0,0,0,0
1,134,0,0,0,0,0
1,135,0,0,0,0,0
1,136,0,0,0,0,0
1,137,0,0,0,0,0
1,138,0,0,0,0,0
1,139,0,0,0,0,0
1,140,0,0,0,0,0
1,141,0,0,0,0,0
1,142,0,0,0,0,0
1,143,0,0,0,0,0
1,144,0,0,0,0,0
1,145,0,0,0,0,0
1,146,0,0,0,0,0
1,147,0,0,0,0,0
1,148,0,0,0,0,0
1,149,0,0,0,0,0
1,150,0,0,0,0,0
1,151,0,0,0,0,0
1,152,0,0,0,0,0
1,153,0,0,0,0,0
1,154,0,0,0,0,0
1,155,0,0,0,0,0
1,156,0,0,0,0,0
1,157,0,0,0,0,0
1,158,0,0,0,0,0
1,159,0,0,0,0,0
1,160,0,0,0,0,0
1,161,0,0,0,0,0
1,162,0,0,0,0,0
1,163,0,0,0,0,0
1,164,0,0,0,0,0
1,165,0,0,0,0,0
1,166,0,0,0,0,0
1,167,0,0,0,0,0
1,168,0,0,0,0,0
1,169,0,0,0,0,0
1,170,0,0,0,0,0
1,171,0,0,0,0,0
1,172,0,0,0,0,0
1,173,0,0,0,0,0
1,174,0,0,0,0,0
1,175,0,0,0,0,0
1,176,0,0,0,0,0
1,177,0,0,0,0,0
1,178,0,0,0,0,0
1,179,0,0,0,0,0
1,180,0,0,0,0,0
1,181,0,0,0,0,0
1,182,0,0,0,0,0
1,183,0,0,0,0,0
1,184,0,0,0,0,0
1,185,0,0,0,0,0
1,186,0,0,0,0,0
1,187,0,0,0,0,0
1,188,0,0,0,0,0
1,189,0,0,0,0,0
1,190,0,0,0,0,0
1,191,0,0,0,0,0
1,192,0,0,0,0,0
1,193,0,0,0,0,0
1,194,0,0,0,0,0
1,195,0,0,0,0,0
1,196,0,0,0,0,0
1,197,0,0,0,0,0
1,198,0,0,0,0,0
1,199,0,0,0,0,0
1,200,0,0,0,0,0
1,201,0,0,0,0,0
1,202,0,0,0,0,0
1,203,0,0,0,0,0
1,204,0,0,0,0,0
1,205,0,0,0,0,0
1,206,0,0,0,0,0
1,207,0,0,0,0,0
1,208,0,0,0,0,0
1,209,0,0,0,0,0
1,210,0,0,0,0,0
1,211,0,0,0,0,0
1,212,0,0,0,0,0
1,213,0,0,0,0,0
1,214,0,0,0,0,0
1,215,0,0,0,0,0
1,216,0,0,0,0,0
1,217,0,0,0,0,0
1,218,0,0,0,0,0
1,219,0,0,0,0,0
1,220,0,0,0,0,0
1,221,0,0,0,0,0
1,222,0,0,0,0,0
1,223,0,0,0,0,0
1,224,0,0,0,0,0
1,225,0,0,0,0,0
1,226,0,0,0,0,0
1,227,0,0,0,0,0
1,228,0,0,0,0,0
1,229,0,0,0,0,0
1,230,0,0,0,0,0
1,231,0,0,0,0,0
1,232,0,0,0,0,0
1,233,0,0,0,0,0
1,234,0,0,0,0,0
1,235,0,0,0,0,0
1,236,0,0,0,0,0
1,237,0,0,0,0,0
1,238,0,0,0,0,0
1,239,0,0,0,0,0
1,240,0,0,0,0,0
1,241,0,0,0,0,0
1,242,0,0,0,0,0
1,243,0,0,0,0,0
1,244,0,0,0,0,0
1,245,0,0,0,0,0
1,246,0,0,0,0,0
1,247,0,0,0,0,0
1,248,0,0,0,0,0
1,249,0,0,0,0,0
1,250,0,0,0,0,0
1,251,0,0,0,0,0
1,252,0,0,0,0,0
1,253,0,0,0,0,0
1,254,0,0,0,0,0
1,255,0,0,0,0,0
1,256,0,0,0,0,0
1,257,0,0,0,0,0
1,258,0,0,0,0,0
1,259,0,0,0,0,0
1,260,0,0,0,0,0
1,261,0,0,0,0,0
1,262,0,0,0,0,0
1,263,0,0,0,0,0
1,264,0,0,0,0,0
1,265,0,0,0,0,0
1,266,0,0,0,0,0
1,267,0,0,0,0,0
1,268,0,0,0,0,0
1,269,0,0,0,0,0
1,270,0,0,0,0,0
1,271,0,0,0,0,0
1,272,0,0,0,0,0
1,273,0,0,0,0,0
1,274,0,0,0,0,0
1,275,0,0,0,0,0
1,276,0,0,0,0,0
1,277,0,0,0,0,0
1,278,0,0,0,0,0
1,279,0,0,0,0,0
1,280,0,0,0,0,0
1,281,0,0,0,0,0
1,282,0,0,0,0,0
1,283,0,0,0,0,0
1,284,0,0,0,0,0
1,285,0,0,0,0,0
1,286,0,0,0,0,0
1,287,0,0,0,0,0
1,288,0,0,0,0,0
1,289,0,0,0,0,0
1,290,0,0,0,0,0
1,291,0,0,0,0,0
1,292,0,0,0,0,0
1,293,0,0,0,0,0
1,294,0,0,0,0,0
1,295,0,0,0,0,0
1,296,0,0,0,0,0
1,297,0,0,0,0,0
1,298,0,0,0,0,0
1,299,0,0,0,0,0
1,300,0,0,0,0,0
1,301,0,0,0,0,0
1,302,0,0,0,0,0
1,303,0,0,0,0,0
1,304,0,0,0,0,0
1,305,0,0,0,0,0
1,306,0,0,0,0,0
1,307,0,0,0,0,0
1,308,0,0,0,0,0
1,309,0,0,0,0,0
1,310,0,0,0,0,0
1,311,0,0,0,0,0
1,312,0,0,0,0,0
1,313,0,0,0,0,0
1,314,0,0,0,0,0
1,315,0,0,0,0,0
1,316,0,0,0,0,0
1,317,0,0,0,0,0
1,318,0,0,0,0,0
1,319,0,0,0,0,0
1,320,0,0,0,0,0
1,321,0,0,0,0,0
1,322,0,0,0,0,0
1,323,0,0,0,0,0
1,324,0,0,0,0,0
1,325,0,0,0,0,0
1,326,0,0,0,0,0
1,327,0,0,0,0,0
1,328,0,0,0,0,0
1,329,0,0,0,0,0
1,330,0,0,0,0,0
1,331,0,0,0,0,0
1,332,0,0,0,0,0
1,333,0,0,0,0,0
1,334,0,0,0,0,0
1,335,0,0,0,0,0
1,336,0,0,0,0,0
1,337,0,0,0,0,0
1,338,0,0,0,0,0
1,339,0,0,0,0,0
1,340,0,0,0,0,0
1,341,0,0,0,0,0
1,342,0,0,0,0,0
1,343,0,0,0,0,0
1,344,0,0,0,0,0
1,345,0,0,0,0,0
1,346,0,0,0,0,0
1,347,0,0,0,0,0
1,348,0,0,0,0,0
1,349,0,0,0,0,0
1,350,0,0,0,0,0
1,351,0,0,0,0,0
1,352,0,0,0,0,0
1,353,0,0,0,0,0
1,354,0,0,0,0,0
1,355,0,0,0,0,0
1,356,0,0,0,0,0
1,357,0,0,0,0,0
1,358,0,0,0,0,0
1,359,0,0,0,0,0
1,360,0,0,0,0,0
1,361,0,0,0,0,0
1,362,0,0,0,0,0
1,363,0,0,0,0,0
1,364,0,0,0,0,0
1,365,0,0,0,0,0
1,366,0,0,0,0,0
1,367,0,0,0,0,0
1,368,0,0,0,0,0
1,369,0,0,0,0,0
1,370,0,0,0,0,0
1,371,0,0,0,0,0
1,372,0,0,0,0,0
1,373,0,0,0,0,0
1,374,0,0,0,0,0
1,375,0,0,0,0,0
1,376,0,0,0,0,0
1,377,0,0,0,0,0
1,378,0,0,0,0,0
1,379,0,0,0,0,0
1,380,0,0,0,0,0
1,381,0,0,0,0,0
1,382,0,0,0,0,0
1,383,0,0,0,0,0
1,384,0,0,0,0,0
1,385,0,0,0,0,0
1,386,0,0,0,0,0
1,387,0,0,0,0,0
1,388,0,0,0,0,0
1,389,0,0,0,0,0
1,390,0,0,0,0,0
1,391,0,0,0,0,0
1,392,0,0,0,0,0
1,393,0,0,0,0,0
1,394,0,0,0,0,0
1,395,0,0,0,0,0
1,396,0,0,0,0,0
1,397,0,0,0,0,0
1,398,0,0,0,0,0
1,399,0,0,0,0,0
1,400,0,0,0,0,0
1,401,0,0,0,0,0
1,402,0,0,0,0,0
1,403,0,0,0,0,0
1,404,0,0,0,0,0
1,405,0,0,0,0,0
1,406,0,0,0,0,0
1,407,0,0,0,0,0
1,408,0,0,0,0,0
1,409,0,0,0,0,0
1,410,0,0,0,0,0
1,411,0,0,0,0,0
1,412,0,0,0,0,0
1,413,0,0,0,0,0
1,414,0,0,0,0,0
1,415,0,0,0,0,0
1,416,0,0,0,0,0
1,417,0,0,0,0,0
1,418,0,0,0,0,0
1,419,0,0,0,0,0
1,420,0,0,0,0,0
1,421,0,0,0,0,0
1,422,0,0,0,0,0
1,423,0,0,0,0,0
1,424,0,0,0,0,0
1,425,0,0,0,0,0
1,426,0,0,0,0,0
1,427,0,0,0,0,0
1,428,0,0,0,0,0
1,429,0,0,0,0,0
1,430,0,0,0,0,0
1,431,0,0,0,0,0
1,432,0,0,0,0,0
1,433,0,0,0,0,0
1,434,0,0,0,0,0
1,435,0,0,0,0,0
1,436,0,0,0,0,0
1,437,0,0,0,0,0
1,438,0,0,0,0,0
1,439,0,0,0,0,0
1,440,0,0,0,0,0
1,441,0,0,0,0,0
1,442,0,0,0,0,0
1,443,0,0,0,0,0
1,444,0,0,0,0,0
1,445,0,0,0,0,0
1,446,0,0,0,0,0
1,447,0,0,0,0,0
1,448,0,0,0,0,0
1,449,0,0,0,0,0
1,450,0,0,0,0,0
1,451,0,0,0,0,0
1,452,0,0,0,0,0
1,453,0,0,0,0,0
1,454,0,0,0,0,0
1,455,0,0,0,0,0
1,456,0,0,0,0,0
1,457,0,0,0,0,0
1,458,0,0,0,0,0
1,459,0,0,0,0,0
1,460,0,0,0,0,0
1,461,0,0,0,0,0
1,462,0,0,0,0,0
1,463,0,0,0,0,0
1,464,0,0,0,0,0
1,465,0,0,0,0,0
1,466,0,0,0,0,0
1,467,0,0,0,0,0
1,468,0,0,0,0,0
1,469,0,0,0,0,0
1,470,0,0,0,0,0
1,471,0,0,0,0,0
1,472,0,0,0,0,0
1,473,0,0,0,0,0
1,474,0,0,0,0,0
1,475,0,0,0,0,0
1,476,0,0,0,0,0
1,477,0,0,0,0,0
1,478,0,0,0,0,0
1,479,0,0,0,0,0
1,480,0,0,0,0,0
1,481,0,0,0,0,0
1,482,0,0,0,0,0
1,483,0,0,0,0,0
1,484,0,0,0,0,0
1,485,0,0,0,0,0
1,486,0,0,0,0,0
1,487,0,0,0,0,0
1,488,0,0,0,0,0
1,489,0,0,0,0,0
1,490,0,0,0,0,0
1,491,0,0,0,0,0
1,492,0,0,0,0,0
1,493,0,0,0,0,0
1,494,0,0,0,0,0
1,495,0,0,0,0,0
1,496,0,0,0,0,0
1,497,0,0,0,0,0
1,498,0,0,0,0,0
1,499,0,0,0,0,0
1,500,0,0,0,0,0
1,501,0,0,0,0,0
1,502,0,0,0,0,0
1,503,0,0,0,0,0
1,504,0,0,0,0,0
1,505,0,0,0,0,0
1,506,0,0,0,0,0
1,507,0,0,0,0,0
1,508,0,0,0,0,0
1,509,0,0,0,0,0
1,510,0,0,0,0,0
1,511,0,0,0,0,0
1,512,0,0,0,0,0
1,513,0,0,0,0,0
1,514,0,0,0,0,0
1,515,0,0,0,0,0
1,516,0,0,0,0,0
1,517,0,0,0,0,0
1,518,0,0,0,0,0
1,519,0,0,0,0,0
1,520,0,0,0,0,0
1,521,0,0,0,0,0
1,522,0,0,0,0,0
1,523,0,0,0,0,0
1,524,0,0,0,0,0
1,525,0,0,0,0,0
1,526,0,0,0,0,0
1,527,0,0,0,0,0
1,528,0,0,0,0,0
1,529,0,0,0,0,0
1,530,0,0,0,0,0
1,531,0,0,0,0,0
1,532,0,0,0,0,0
1,533,0,0,0,0,0
1,534,0,0,0,0,0
1,535,0,0,0,0,0
1,536,0,0,0,0,0
1,537,0,0,0,0,0
1,538,0,0,0,0,0
1,539,0,0,0,0,0
1,540,0,0,0,0,0
1,541,0,0,0,0,0
1,542,0,0,0,0,0
1,543,0,0,0,0,0
1,544,0,0,0,0,0
1,545,0,0,0,0,0
1,546,0,0,0,0,0
1,547,0,0,0,0,0
1,548,0,0,0,0,0
1,549,0,0,0,0,0
1,550,0,0,0,0,0
1,551,0,0,0,0,0
1,552,0,0,0,0,0
1,553,0,0,0,0,0
1,554,0,0,0,0,0
1,555,0,0,0,0,0
1,556,0,0,0,0,0
1,557,0,0,0,0,0
1,558,0,0,0,0,0
1,559,0,0,0,0,0
1,560,0,0,0,0,0
1,561,0,0,0,0,0
1,562,0,0,0,0,0
1,563,0,0,0,0,0
1,564,0,0,0,0,0
1,565,0,0,0,0,0
1,566,0,0,0,0,0
1,567,0,0,0,0,0
1,568,0,0,0,0,0
1,569,0,0,0,0,0
1,570,0,0,0,0,0
1,571,0,0,0,0,0
1,572,0,0,0,0,0
1,573,0,0,0,0,0
1,574,0,0,0,0,0
1,575,0,0,0,0,0
1,576,0,0,0,0,0
1,577,0,0,0,0,0
1,578,0,0,0,0,0
1,579,0,0,0,0,0
1,580,0,0,0,0,0
1,581,0,0,0,0,0
1,582,0,0,0,0,0
1,583,0,0,0,0,0
1,584,0,0,0,0,0
1,585,0,0,0,0,0
1,586,0,0,0,0,0
1,587,0,0,0,0,0
1,588,0,0,0,0,0
1,589,0,0,0,0,0
1,590,0,0,0,0,0
1,591,0,0,0,0,0
1,592,0,0,0,0,0
1,593,0,0,0,0,0
1,594,0,0,0,0,0
1,595,0,0,0,0,0
1,596,0,0,0,0,0
1,597,0,0,0,0,0
1,598,0,0,0,0,0
1,599,0,0,0,0,0
1,600,0,0,0,0,0
1,601,0,0,0,0,0
1,602,0,0,0,0,0
1,603,0,0,0,0,0
1,604,0,0,0,0,0
1,605,0,0,0,0,0
1,606,0,0,0,0,0
1,607,0,0,0,0,0
1,608,0,0,0,0,0
1,609,0,0,0,0,0
1,610,0,0,0,0,0
1,611,0,0,0,0,0
1,612,0,0,0,0,0
1,613,0,0,0,0,0
1,614,0,0,0,0,0
1,615,0,0,0,0,0
1,616,0,0,0,0,0
1,617,0,0,0,0,0
1,618,0,0,0,0,0
1,619,0,0,0,0,0
1,620,0,0,0,0,0
1,621,0,0,0,0,0
1,622,0,0,0,0,0
1,623,0,0,0,0,0
1,624,0,0,0,0,0
1,625,0,0,0,0,0
1,626,0,0,0,0,0
1,627,0,0,0,0,0
1,628,0,0,0,0,0
1,629,0,0,0,0,0
1,630,0,0,0,0,0
1,631,0,0,0,0,0
1,632,0,0,0,0,0
1,633,0,0,0,0,0
1,634,0,0,0,0,0
1,635,0,0,0,0,0
1,636,0,0,0,0,0
1,637,0,0,0,0,0
1,638,0,0,0,0,0
1,639,0,0,0,0,0
1,640,0,0,0,0,0
1,641,0,0,0,0,0
1,642,0,0,0,0,0
1,643,0,0,0,0,0
1,644,0,0,0,0,0
1,645,0,0,0,0,0
1,646,0,0,0,0,0
1,647,0,0,0,0,0
1,648,0,0,0,0,0
1,649,0,0,0,0,0
1,650,0,0,0,0,0
1,651,0,0,0,0,0
1,652,0,0,0,0,0
1,653,0,0,0,0,0
1,654,0,0,0,0,0
1,655,0,0,0,0,0
1,656,0,0,0,0,0
1,657,0,0,0,0,0
1,658,0,0,0,0,0
1,659,0,0,0,0,0
1,660,0,0,0,0,0
1,661,0,0,0,0,0
1,662,0,0,0,0,0
1,663,0,0,0,0,0
1,664,0,0,0,0,0
1,665,0,0,0,0,0
1,666,0,0,0,0,0
1,667,0,0,0,0,0
1,668,0,0,0,0,0
1,669,0,0,0,0,0
1,670,0,0,0,0,0
1,671,0,0,0,0,0
1,672,0,0,0,0,0
1,673,0,0,0,0,0
1,674,0,0,0,0,0
1,675,0,0,0,0,0
1,676,0,0,0,0,0
1,677,0,0,0,0,0
1,678,0,0,0,0,0
1,679,0,0,0,0,0
1,680,0,0,0,0,0
1,681,0,0,0,0,0
1,682,0,0,0,0,0
1,683,0,0,0,0,0
1,684,0,0,0,0,0
1,685,0,0,0,0,0
1,686,0,0,0,0,0
1,687,0,0,0,0,0
1,688,0,0,0,0,0
1,689,0,0,0,0,0
1,690,0,0,0,0,0
1,691,0,0,0,0,0
1,692,0,0,0,0,0
1,693,0,0,0,0,0
1,694,0,0,0,0,0
1,695,0,0,0,0,0
1,696,0,0,0,0,0
1,697,0,0,0,0,0
1,698,0,0,0,0,0
1,699,0,0,0,0,0
1,700,0,0,0,0,0
1,701,0,0,0,0,0
1,702,0,0,0,0,0
1,703,0,0,0,0,0
1,704,0,0,0,0,0
1,705,0,0,0,0,0
1,706,0,0,0,0,0
1,707,0,0,0,0,0
1,708,0,0,0,0,0
1,709,0,0,0,0,0
1,710,0,0,0,0,0
1,711,0,0,0,0,0
1,712,0,0,0,0,0
1,713,0,0,0,0,0
1,714,0,0,0,0,0
1,715,0,0,0,0,0
1,716,0,0,0,0,0
1,717,0,0,0,0,0
1,718,0,0,0,0,0
1,719,0,0,0,0,0
1,720,0,0,0,0,0
1,721,0,0,0,0,0
1,722,0,0,0,0,0
1,723,0,0,0,0,0
1,724,0,0,0,0,0
1,725,0,0,0,0,0
1,726,0,0,0,0,0
1,727,0,0,0,0,0
1,728,0,0,0,0,0
1,729,0,0,0,0,0
1,730,0,0,0,0,0
1,731,0,0,0,0,0
1,732,0,0,0,0,0
1,733,0,0,0,0,0
1,734,0,0,0,0,0
1,735,0,0,0,0,0
1,736,0,0,0,0,0
1,737,0,0,0,0,0
1,738,0,0,0,0,0
1,739,0,0,0,0,0
1,740,0,0,0,0,0
1,741,0,0,0,0,0
1,742,0,0,0,0,0
1,743,0,0,0,0,0
1,744,0,0,0,0,0
1,745,0,0,0,0,0
1,746,0,0,0,0,0
1,747,0,0,0,0,0
1,748,0,0,0,0,0
1,749,0,0,0,0,0
1,750,0,0,0,0,0
1,751,0,0,0,0,0
1,752,0,0,0,0,0
1,753,0,0,0,0,0
1,754,0,0,0,0,0
1,755,0,0,0,0,0
1,756,0,0,0,0,0
1,757,0,0,0,0,0
1,758,0,0,0,0,0
1,759,0,0,0,0,0
1,760,0,0,0,0,0
1,761,0,0,0,0,0
1,762,0,0,0,0,0
1,763,0,0,0,0,0
1,764,0,0,0,0,0
1,765,0,0,0,0,0
1,766,0,0,0,0,0
1,767,0,0,0,0,0
1,768,0,0,0,0,0
1,769,0,0,0,0,0
1,770,0,0,0,0,0
1,771,0,0,0,0,0
1,772,0,0,0,0,0
1,773,0,0,0,0,0
1,774,0,0,0,0,0
1,775,0,0,0,0,0
1,776,0,0,0,0,0
1,777,0,0,0,0,0
1,778,0,0,0,0,0
1,779,0,0,0,0,0
1,780,0,0,0,0,0
1,781,0,0,0,0,0
1,782,0,0,0,0,0
1,783,0,0,0,0,0
1,784,0,0,0,0,0
1,785,0,0,0,0,0
1,786,0,0,0,0,0
1,787,0,0,0,0,0
1,788,0,0,0,0,0
1,789,0,0,0,0,0
1,790,0,0,0,0,0
1,791,0,0,0,0,0
1,792,0,0,0,0,0
1,793,0,0,0,0,0
1,794,0,0,0,0,0
1,795,0,0,0,0,0
1,796,0,0,0,0,0
1,797,0,0,0,0,0
1,798,0,0,0,0,0
1,799,0,0,0,0,0
1,800,0,0,0,0,0
1,801,0,0,0,0,0
1,802,0,0,0,0,0
1,803,0,0,0,0,0
1,804,0,0,0,0,0
1,805,0,0,0,0,0
1,806,0,0,0,0,0
1,807,0,0,0,0,0
1,808,0,0,0,0,0
1,809,0,0,0,0,0
1,810,0,0,0,0,0
1,811,0,0,0,0,0
1,812,0,0,0,0,0
1,813,0,0,0,0,0
1,814,0,0,0,0,0
1,815,0,0,0,0,0
1,816,0,0,0,0,0
1,817,0,0,0,0,0
1,818,0,0,0,0,0
1,819,0,0,0,0,0
1,820,0,0,0,0,0
1,821,0,0,0,0,0
1,822,0,0,0,0,0
1,823,0,0,0,0,0
1,824,0,0,0,0,0
1,825,0,0,0,0,0
1,826,0,0,0,0,0
1,827,0,0,0,0,0
1,828,0,0,0,0,0
1,829,0,0,0,0,0
1,830,0,0,0,0,0
1,831,0,0,0,0,0
1,832,0,0,0,0,0
1,833,0,0,0,0,0
1,834,0,0,0,0,0
1,835,0,0,0,0,0
1,836,0,0,0,0,0
1,837,0,0,0,0,0
1,838,0,0,0,0,0
1,839,0,0,0,0,0
1,840,0,0,0,0,0
1,841,0,0,0,0,0
1,842,0,0,0,0,0
1,843,0,0,0,0,0
1,844,0,0,0,0,0
1,845,0,0,0,0,0
1,846,0,0,0,0,0
1,847,0,0,0,0,0
1,848,0,0,0,0,0
1,849,0,0,0,0,0
1,850,0,0,0,0,0
1,851,0,0,0,0,0
1,852,0,0,0,0,0
1,853,0,0,0,0,0
1,854,0,0,0,0,0
1,855,0,0,0,0,0
1,856,0,0,0,0,0
1,857,0,0,0,0,0
1,858,0,0,0,0,0
1,859,0,0,0,0,0
1,860,0,0,0,0,0
1,861,0,0,0,0,0
1,862,0,0,0,0,0
1,863,0,0,0,0,0
1,864,0,0,0,0,0
1,865,0,0,0,0,0
1,866,0,0,0,0,0
1,867,0,0,0,0,0
1,868,0,0,0,0,0
1,869,0,0,0,0,0
1,870,0,0,0,0,0
1,871,0,0,0,0,0
1,872,0,0,0,0,0
1,873,0,0,0,0,0
1,874,0,0,0,0,0
1,875,0,0,0,0,0
1,876,0,0,0,0,0
1,877,0,0,0,0,0
1,878,0,0,0,0,0
1,879,0,0,0,0,0
1,880,0,0,0,0,0
1,881,0,0,0,0,0
1,882,0,0,0,0,0
1,883,0,0,0,0,0
1,884,0,0,0,0,0
1,885,0,0,0,0,0
1,886,0,0,0,0,0
1,887,0,0,0,0,0
1,888,0,0,0,0,0
1,889,0,0,0,0,0
1,890,0,0,0,0,0
1,891,0,0,0,0,0
1,892,0,0,0,0,0
1,893,0,0,0,0,0
1,894,0,0,0,0,0
1,895,0,0,0,0,0
1,896,0,0,0,0,0
1,897,0,0,0,0,0
1,898,0,0,0,0,0
1,899,0,0,0,0,0
1,900,0,0,0,0,0
1,901,0,0,0,0,0
1,902,0,0,0,0,0
1,903,0,0,0,0,0
1,904,0,0,0,0,0
1,905,0,0,0,0,0
1,906,0,0,0,0,0
1,907,0,0,0,0,0
1,908,0,0,0,0,0
1,909,0,0,0,0,0
1,910,0,0,0,0,0
1,911,0,0,0,0,0
1,912,0,0,0,0,0
1,913,0,0,0,0,0
1,914,0,0,0,0,0
1,915,0,0,0,0,0
1,916,0,0,0,0,0
1,917,0,0,0,0,0
1,918,0,0,0,0,0
1,919,0,0,0,0,0
1,920,0,0,0,0,0
1,921,0,0,0,0,0
1,922,0,0,0,0,0
1,923,0,0,0,0,0
1,924,0,0,0,0,0
1,925,0,0,0,0,0
1,926,0,0,0,0,0
1,927,0,0,0,0,0
1,928,0,0,0,0,0
1,929,0,0,0,0,0
1,930,0,0,0,0,0
1,931,0,0,0,0,0
1,932,0,0,0,0,0
1,933,0,0,0,0,0
1,934,0,0,0,0,0
1,935,0,0,0,0,0
1,936,0,0,0,0,0
1,937,0,0,0,0,0
1,938,0,0,0,0,0
1,939,0,0,0,0,0
1,940,0,0,0,0,0
1,941,0,0,0,0,0
1,942,0,0,0,0,0
1,943,0,0,0,0,0
1,944,0,0,0,0,0
1,945,0,0,0,0,0
1,946,0,0,0,0,0
1,947,0,0,0,0,0
1,948,0,0,0,0,0
1,949,0,0,0,0,0
1,950,0,0,0,0,0
1,951,0,0,0,0,0
1,952,0,0,0,0,0
1,953,0,0,0,0,0
1,954,0,0,0,0,0
1,955,0,0,0,0,0
1,956,0,0,0,0,0
1,957,0,0,0,0,0
1,958,0,0,0,0,0
1,959,0,0,0,0,0
1,960,0,0,0,0,0
1,961,0,0,0,0,0
1,962,0,0,0,0,0
1,963,0,0,0,0,0
1,964,0,0,0,0,0
1,965,0,0,0,0,0
1,966,0,0,0,0,0
1,967,0,0,0,0,0
1,968,0,0,0,0,0
1,969,0,0,0,0,0
1,970,0,0,0,0,0
1,971,0,0,0,0,0
1,972,0,0,0,0,0
1,973,0,0,0,0,0
1,974,0,0,0,0,0
1,975,0,0,0,0,0
1,976,0,0,0,0,0
1,977,0,0,0,0,0
1,978,0,0,0,0,0
1,979,0,0,0,0,0
1,980,0,0,0,0,0
1,981,0,0,0,0,0
1,982,0,0,0,0,0
1,983,0,0,0,0,0
1,984,0,0,0,0,0
1,985,0,0,0,0,0
1,986,0,0,0,0,0
1,987,0,0,0,0,0
1,988,0,0,0,0,0
1,989,0,0,0,0,0
1,990,0,0,0,0,0
1,991,0,0,0,0,0
1,992,0,0,0,0,0
1,993,0,0,0,0,0
1,994,0,0,0,0,0
1,995,0,0,0,0,0
1,996,0,0,0,0,0
1,997,0,0,0,0,0
1,998,0,0,0,0,0
1,999,0,0,0,0,0
2,0,0,0,0,0,0
2,1,0,0,0,0,0
2,2,0,0,0,0,0
2,3,0,0,0,0,0
2,4,0,0,0,0,0
2,5,0,0,0,0,0
2,6,0,0,0,0,0
2,7,0,0,0,0,0
2,8,0,0,0,0,0
2,9,0,0,0,0,0
2,10,0,0,0,0,0
2,11,0,0,0,0,0
2,12,0,0,0,0,0
2,13,0,0,0,0,0
2,14,0,0,0,0,0
2,15,0,0,0,0,0
2,16,0,0,0,0,0
2,17,0,0,0,0,0
2,18,0,0,0,0,0
2,19,0,0,0,0,0
2,20,0,0,0,0,0
2,21,0,0,0,0,0
2,22,0,0,0,0,0
2,23,0,0,0,0,0
2,24,0,0,0,0,0
2,25,0,0,0,0,0
2,26,0,0,0,0,0
2,27,0,0,0,0,0
2,28,0,0,0,0,0
2,29,0,0,0,0,0
2,30,0,0,0,0,0
2,31,0,0,0,0,0
2,32,0,0,0,0,0
2,33,0,0,0,0,0
2,34,0,0,0,0,0
2,35,0,0,0,0,0
2,36,0,0,0,0,0
2,37,0,0,0,0,0
2,38,0,0,0,0,0
2,39,0,0,0,0,0
2,40,0,0,0,0,0
2,41,0,0,0,0,0
2,42,0,0,0,0,0
2,43,0,0,0,0,0
2,44,0,0,0,0,0
2,45,0,0,0,0,0
2,46,0,0,0,0,0
2,47,0,0,0,0,0
2,48,0,0,0,0,0
2,49,0,0,0,0,0
2,50,0,0,0,0,0
2,51,0,0,0,0,0
2,52,0,0,0,0,0
2,53,0,0,0,0,0
2,54,0,0,0,0,0
2,55,0,0,0,0,0
2,56,0,0,0,0,0
2,57,0,0,0,0,0
2,58,0,0,0,0,0
2,59,0,0,0,0,0
2,60,0,0,0,0,0
2,61,0,0,0,0,0
2,62,0,0,0,0,0
2,63,0,0,0,0,0
2,64,0,0,0,0,0
2,65,0,0,0,0,0
2,66,0,0,0,0,0
2,67,0,0,0,0,0
2,68,0,0,0,0,0
2,69,0,0,0,0,0
2,70,0,0,0,0,0
2,71,0,0,0,0,0
2,72,0,0,0,0,0
2,73,0,0,0,0,0
2,74,0,0,0,0,0
2,75,0,0,0,0,0
2,76,0,0,0,0,0
2,77,0,0,0,0,0
2,78,0,0,0,0,0
2,79,0,0,0,0,0
2,80,0,0,0,0,0
2,81,0,0,0,0,0
2,82,0,0,0,0,0
2,83,0,0,0,0,0
2,84,0,0,0,0,0
2,85,0,0,0,0,0
2,86,0,0,0,0,0
2,87,0,0,0,0,0
2,88,0,0,0,0,0
2,89,0,0,0,0,0
2,90,0,0,0,0,0
2,91,0,0,0,0,0
2,92,0,0,0,0,0
2,93,0,0,0,0,0
2,94,0,0,0,0,0
2,95,0,0,0,0,0
2,96,0,0,0,0,0
2,97,0,0,0,0,0
2,98,0,0,0,0,0
2,99,0,0,0,0,0
2,100,0,0,0,0,0
2,101,0,0,0,0,0
2,102,0,0,0,0,0
2,103,0,0,0,0,0
2,104,0,0,0,0,0
2,105,0,0,0,0,0
2,106,0,0,0,0,0
2,107,0,0,0,0,0
2,108,0,0,0,0,0
2,109,0,0,0,0,0
2,110,0,0,0,0,0
2,111,0,0,0,0,0
2,112,0,0,0,0,0
2,113,0,0,0,0,0
2,114,0,0,0,0,0
2,115,0,0,0,0,0
2,116,0,0,0,0,0
2,117,0,0,0,0,0
2,118,0,0,0,0,0
2,119,0,0,0,0,0
2,120,0,0,0,0,0
2,121,0,0,0,0,0
2,122,0,0,0,0,0
2,123,0,0,0,0,0
2,124,0,0,0,0,0
2,125,0,0,0,0,0
2,126,0,0,0,0,0
2,127,0,0,0,0,0
2,128,0,0,0,0,0
2,129,0,0,0,0,0
2,130,0,0,0,0,0
2,131,0,0,0,0,0
2,132,0,0,0,0,0
2,133,0,0,0,0,0
2,134,0,0,0,0,0
2,135,0,0,0,0,0
2,136,0,0,0,0,0
2,137,0,0,0,0,0
2,138,0,0,0,0,0
2,139,0,0,0,0,0
2,140,0,0,0,0,0
2,141,0,0,0,0,0
2,142,0,0,0,0,0
2,143,0,0,0,0,0
2,144,0,0,0,0,0
2,145,0,0,0,0,0
2,146,0,0,0,0,0
2,147,0,0,0,0,0
2,148,0,0,0,0,0
2,149,0,0,0,0,0
2,150,0,0,0,0,0
2,151,0,0,0,0,0
2,152,0,0,0,0,0
2,153,0,0,0,0,0
2,154,0,0,0,0,0
2,155,0,0,0,0,0
2,156,0,0,0,0,0
2,157,0,0,0,0,0
2,158,0,0,0,0,0
2,159,0,0,0,0,0
2,160,0,0,0,0,0
2,161,0,0,0,0,0
2,162,0,0,0,0,0
2,163,0,0,0,0,0
2,164,0,0,0,0,0
2,165,0,0,0,0,0
2,166,0,0,0,0,0
2,167,0,0,0,0,0
2,168,0,0,0,0,0
2,169,0,0,0,0,0
2,170,0,0,0,0,0
2,171,0,0,0,0,0
2,172,0,0,0,0,0
2,173,0,0,0,0,0
2,174,0,0,0,0,0
2,175,0,0,0,0,0
2,176,0,0,0,0,0
2,177,0,0,0,0,0
2,178,0,0,0,0,0
2,179,0,0,0,0,0
2,180,0,0,0,0,0
2,181,0,0,0,0,0
2,182,0,0,0,0,0
2,183,0,0,0,0,0
2,184,0,0,0,0,0
2,185,0,0,0,0,0
2,186,0,0,0,0,0
2,187,0,0,0,0,0
2,188,0,0,0,0,0
2,189,0,0,0,0,0
2,190,0,0,0,0,0
2,191,0,0,0,0,0
2,192,0,0,0,0,0
2,193,0,0,0,0,0
2,194,0,0,0,0,0
2,195,0,0,0,0,0
2,196,0,0,0,0,0
2,197,0,0,0,0,0
2,198,0,0,0,0,0
2,199,0,0,0,0,0
2,200,0,0,0,0,0
2,201,0,0,0,0,0
2,202,0,0,0,0,0
2,203,0,0,0,0,0
2,204,0,0,0,0,0
2,205,0,0,0,0,0
2,206,0,0,0,0,0
2,207,0,0,0,0,0
2,208,0,0,0,0,0
2,209,0,0,0,0,0
2,210,0,0,0,0,0
2,211,0,0,0,0,0
2,212,0,0,0,0,0
2,213,0,0,0,0,0
2,214,0,0,0,0,0
2,215,0,0,0,0,0
2,216,0,0,0,0,0
2,217,0,0,0,0,0
2,218,0,0,0,0,0
2,219,0,0,0,0,0
2,220,0,0,0,0,0
2,221,0,0,0,0,0
2,222,0,0,0,0,0
2,223,0,0,0,0,0
2,224,0,0,0,0,0
2,225,0,0,0,0,0
2,226,0,0,0,0,0
2,227,0,0,0,0,0
2,228,0,0,0,0,0
2,229,0,0,0,0,0
2,230,0,0,0,0,0
2,231,0,0,0,0,0
2,232,0,0,0,0,0
2,233,0,0,0,0,0
2,234,0,0,0,0,0
2,235,0,0,0,0,0
2,236,0,0,0,0,0
2,237,0,0,0,0,0
2,238,0,0,0,0,0
2,239,0,0,0,0,0
2,240,0,0,0,0,0
2,241,0,0,0,0,0
2,242,0,0,0,0,0
2,243,0,0,0,0,0
2,244,0,0,0,0,0
2,245,0,0,0,0,0
2,246,0,0,0,0,0
2,247,0,0,0,0,0
2,248,0,0,0,0,0
2,249,0,0,0,0,0
2,250,0,0,0,0,0
2,251,0,0,0,0,0
2,252,0,0,0,0,0
2,253,0,0,0,0,0
2,254,0,0,0,0,0
2,255,0,0,0,0,0
2,256,0,0,0,0,0
2,257,0,0,0,0,0
2,258,0,0,0,0,0
2,259,0,0,0,0,0
2,260,0,0,0,0,0
2,261,0,0,0,0,0
2,262,0,0,0,0,0
2,263,0,0,0,0,0
2,264,0,0,0,0,0
2,265,0,0,0,0,0
2,266,0,0,0,0,0
2,267,0,0,0,0,0
2,268,0,0,0,0,0
2,269,0,0,0,0,0
2,270,0,0,0,0,0
2,271,0,0,0,0,0
2,272,0,0,0,0,0
2,273,0,0,0,0,0
2,274,0,0,0,0,0
2,275,0,0,0,0,0
2,276,0,0,0,0,0
2,277,0,0,0,0,0
2,278,0,0,0,0,0
2,279,0,0,0,0,0
2,280,0,0,0,0,0
2,281,0,0,0,0,0
2,282,0,0,0,0,0
2,283,0,0,0,0,0
2,284,0,0,0,0,0
2,285,0,0,0,0,0
2,286,0,0,0,0,0
2,287,0,0,0,0,0
2,288,0,0,0,0,0
2,289,0,0,0,0,0
2,290,0,0,0,0,0
2,291,0,0,0,0,0
2,292,0,0,0,0,0
2,293,0,0,0,0,0
2,294,0,0,0,0,0
2,295,0,0,0,0,0
2,296,0,0,0,0,0
2,297,0,0,0,0,0
2,298,0,0,0,0,0
2,299,0,0,0,0,0
2,300,0,0,0,0,0
2,301,0,0,0,0,0
2,302,0,0,0,0,0
2,303,0,0,0,0,0
2,304,0,0,0,0,0
2,305,0,0,0,0,0
2,306,0,0,0,0,0
2,307,0,0,0,0,0
2,308,0,0,0,0,0
2,309,0,0,0,0,0
2,310,0,0,0,0,0
2,311,0,0,0,0,0
2,312,0,0,0,0,0
2,313,0,0,0,0,0
2,314,0,0,0,0,0
2,315,0,0,0,0,0
2,316,0,0,0,0,0
2,317,0,0,0,0,0
2,318,0,0,0,0,0
2,319,0,0,0,0,0
2,320,0,0,0,0,0
2,321,0,0,0,0,0
2,322,0,0,0,0,0
2,323,0,0,0,0,0
2,324,0,0,0,0,0
2,325,0,0,0,0,0
2,326,0,0,0,0,0
2,327,0,0,0,0,0
2,328,0,0,0,0,0
2,329,0,0,0,0,0
2,330,0,0,0,0,0
2,331,0,0,0,0,0
2,332,0,0,0,0,0
2,333,0,0,0,0,0
2,334,0,0,0,0,0
2,335,0,0,0,0,0
2,336,0,0,0,0,0
2,337,0,0,0,0,0
2,338,0,0,0,0,0
2,339,0,0,0,0,0
2,340,0,0,0,0,0
2,341,0,0,0,0,0
2,342,0,0,0,0,0
2,343,0,0,0,0,0
2,344,0,0,0,0,0
2,345,0,0,0,0,0
2,346,0,0,0,0,0
2,347,0,0,0,0,0
2,348,0,0,0,0,0
2,349,0,0,0,0,0
2,350,0,0,0,0,0
2,351,0,0,0,0,0
2,352,0,0,0,0,0
2,353,0,0,0,0,0
2,354,0,0,0,0,0
2,355,0,0,0,0,0
2,356,0,0,0,0,0
2,357,0,0,0,0,0
2,358,0,0,0,0,0
2,359,0,0,0,0,0
2,360,0,0,0,0,0
2,361,0,0,0,0,0
2,362,0,0,0,0,0
2,363,0,0,0,0,0
2,364,0,0,0,0,0
2,365,0,0,0,0,0
2,366,0,0,0,0,0
2,367,0,0,0,0,0
2,368,0,0,0,0,0
2,369,0,0,0,0,0
2,370,0,0,0,0,0
2,371,0,0,0,0,0
2,372,0,0,0,0,0
2,373,0,0,0,0,0
2,374,0,0,0,0,0
2,375,0,0,0,0,0
2,376,0,0,0,0,0
2,377,0,0,0,0,0
2,378,0,0,0,0,0
2,379,0,0,0,0,0
2,380,0,0,0,0,0
2,381,0,0,0,0,0
2,382,0,0,0,0,0
2,383,0,0,0,0,0
2,384,0,0,0,0,0
2,385,0,0,0,0,0
2,386,0,0,0,0,0
2,387,0,0,0,0,0
2,388,0,0,0,0,0
2,389,0,0,0,0,0
2,390,0,0,0,0,0
2,391,0,0,0,0,0
2,392,0,0,0,0,0
2,393,0,0,0,0,0
2,394,0,0,0,0,0
2,395,0,0,0,0,0
2,396,0,0,0,0,0
2,397,0,0,0,0,0
2,398,0,0,0,0,0
2,399,0,0,0,0,0
2,400,0,0,0,0,0
2,401,0,0,0,0,0
2,402,0,0,0,0,0
2,403,0,0,0,0,0
2,404,0,0,0,0,0
2,405,0,0,0,0,0
2,406,0,0,0,0,0
2,407,0,0,0,0,0
2,408,0,0,0,0,0
2,409,0,0,0,0,0
2,410,0,0,0,0,0
2,411,0,0,0,0,0
2,412,0,0,0,0,0
2,413,0,0,0,0,0
2,414,0,0,0,0,0
2,415,0,0,0,0,0
2,416,0,0,0,0,0
2,417,0,0,0,0,0
2,418,0,0,0,0,0
2,419,0,0,0,0,0
2,420,0,0,0,0,0
2,421,0,0,0,0,0
2,422,0,0,0,0,0
2,423,0,0,0,0,0
2,424,0,0,0,0,0
2,425,0,0,0,0,0
2,426,0,0,0,0,0
2,427,0,0,0,0,0
2,428,0,0,0,0,0
2,429,0,0,0,0,0
2,430,0,0,0,0,0
2,431,0,0,0,0,0
2,432,0,0,0,0,0
2,433,0,0,0,0,0
2,434,0,0,0,0,0
2,435,0,0,0,0,0
2,436,0,0,0,0,0
2,437,0,0,0,0,0
2,438,0,0,0,0,0
2,439,0,0,0,0,0
2,440,0,0,0,0,0
2,441,0,0,0,0,0
2,442,0,0,0,0,0
2,443,0,0,0,0,0
2,444,0,0,0,0,0
2,445,0,0,0,0,0
2,446,0,0,0,0,0
2,447,0,0,0,0,0
2,448,0,0,0,0,0
2,449,0,0,0,0,0
2,450,0,0,0,0,0
2,451,0,0,0,0,0
2,452,0,0,0,0,0
2,453,0,0,0,0,0
2,454,0,0,0,0,0
2,455,0,0,0,0,0
2,456,0,0,0,0,0
2,457,0,0,0,0,0
2,458,0,0,0,0,0
2,459,0,0,0,0,0
2,460,0,0,0,0,0
2,461,0,0,0,0,0
2,462,0,0,0,0,0
2,463,0,0,0,0,0
2,464,0,0,0,0,0
2,465,0,0,0,0,0
2,466,0,0,0,0,0
2,467,0,0,0,0,0
2,468,0,0,0,0,0
2,469,0,0,0,0,0
2,470,0,0,0,0,0
2,471,0,0,0,0,0
2,472,0,0,0,0,0
2,473,0,0,0,0,0
2,474,0,0,0,0,0
2,475,0,0,0,0,0
2,476,0,0,0,0,0
2,477,0,0,0,0,0
2,478,0,0,0,0,0
2,479,0,0,0,0,0
2,480,0,0,0,0,0
2,481,0,0,0,0,0
2,482,0,0,0,0,0
2,483,0,0,0,0,0
2,484,0,0,0,0,0
2,485,0,0,0,0,0
2,486,0,0,0,0,0
2,487,0,0,0,0,0
2,488,0,0,0,0,0
2,489,0,0,0,0,0
2,490,0,0,0,0,0
2,491,0,0,0,0,0
2,492,0,0,0,0,0
2,493,0,0,0,0,0
2,494,0,0,0,0,0
2,495,0,0,0,0,0
2,496,0,0,0,0,0
2,497,0,0,0,0,0
2,498,0,0,0,0,0
2,499,0,0,0,0,0
2,500,0,0,0,0,0
2,501,0,0,0,0,0
2,502,0,0,0,0,0
2,503,0,0,0,0,0
2,504,0,0,0,0,0
2,505,0,0,0,0,0
2,506,0,0,0,0,0
2,507,0,0,0,0,0
2,508,0,0,0,0,0
2,509,0,0,0,0,0
2,510,0,0,0,0,0
2,511,0,0,0,0,0
2,512,0,0,0,0,0
2,513,0,0,0,0,0
2,514,0,0,0,0,0
2,515,0,0,0,0,0
2,516,0,0,0,0,0
2,517,0,0,0,0,0
2,518,0,0,0,0,0
2,519,0,0,0,0,0
2,520,0,0,0,0,0
2,521,0,0,0,0,0
2,522,0,0,0,0,0
2,523,0,0,0,0,0
2,524,0,0,0,0,0
2,525,0,0,0,0,0
2,526,0,0,0,0,0
2,527,0,0,0,0,0
2,528,0,0,0,0,0
2,529,0,0,0,0,0
2,530,0,0,0,0,0
2,531,0,0,0,0,0
2,532,0,0,0,0,0
2,533,0,0,0,0,0
2,534,0,0,0,0,0
2,535,0,0,0,0,0
2,536,0,0,0,0,0
2,537,0,0,0,0,0
2,538,0,0,0,0,0
2,539,0,0,0,0,0
2,540,0,0,0,0,0
2,541,0,0,0,0,0
2,542,0,0,0,0,0
2,543,0,0,0,0,0
2,544,0,0,0,0,0
2,545,0,0,0,0,0
2,546,0,0,0,0,0
2,547,0,0,0,0,0
2,548,0,0,0,0,0
2,549,0,0,0,0,0
2,550,0,0,0,0,0
2,551,0,0,0,0,0
2,552,0,0,0,0,0
2,553,0,0,0,0,0
2,554,0,0,0,0,0
2,555,0,0,0,0,0
2,556,0,0,0,0,0
2,557,0,0,0,0,0
2,558,0,0,0,0,0
2,559,0,0,0,0,0
2,560,0,0,0,0,0
2,561,0,0,0,0,0
2,562,0,0,0,0,0
2,563,0,0,0,0,0
2,564,0,0,0,0,0
2,565,0,0,0,0,0
2,566,0,0,0,0,0
2,567,0,0,0,0,0
2,568,0,0,0,0,0
2,569,0,0,0,0,0
2,570,0,0,0,0,0
2,571,0,0,0,0,0
2,572,0,0,0,0,0
2,573,0,0,0,0,0
2,574,0,0,0,0,0
2,575,0,0,0,0,0
2,576,0,0,0,0,0
2,577,0,0,0,0,0
2,578,0,0,0,0,0
2,579,0,0,0,0,0
2,580,0,0,0,0,0
2,581,0,0,0,0,0
2,582,0,0,0,0,0
2,583,0,0,0,0,0
2,584,0,0,0,0,0
2,585,0,0,0,0,0
2,586,0,0,0,0,0
2,587,0,0,0,0,0
2,588,0,0,0,0,0
2,589,0,0,0,0,0
2,590,0,0,0,0,0
2,591,0,0,0,0,0
2,592,0,0,0,0,0
2,593,0,0,0,0,0
2,594,0,0,0,0,0
2,595,0,0,0,0,0
2,596,0,0,0,0,0
2,597,0,0,0,0,0
2,598,0,0,0,0,0
2,599,0,0,0,0,0
2,600,0,0,0,0,0
2,601,0,0,0,0,0
2,602,0,0,0,0,0
2,603,0,0,0,0,0
2,604,0,0,0,0,0
2,605,0,0,0,0,0
2,606,0,0,0,0,0
2,607,0,0,0,0,0
2,608,0,0,0,0,0
2,609,0,0,0,0,0
2,610,0,0,0,0,0
2,611,0,0,0,0,0
2,612,0,0,0,0,0
2,613,0,0,0,0,0
2,614,0,0,0,0,0
2,615,0,0,0,0,0
2,616,0,0,0,0,0
2,617,0,0,0,0,0
2,618,0,0,0,0,0
2,619,0,0,0,0,0
2,620,0,0,0,0,0
2,621,0,0,0,0,0
2,622,0,0,0,0,0
2,623,0,0,0,0,0
2,624,0,0,0,0,0
2,625,0,0,0,0,0
2,626,0,0,0,0,0
2,627,0,0,0,0,0
2,628,0,0,0,0,0
2,629,0,0,0,0,0
2,630,0,0,0,0,0
2,631,0,0,0,0,0
2,632,0,0,0,0,0
2,633,0,0,0,0,0
2,634,0,0,0,0,0
2,635,0,0,0,0,0
2,636,0,0,0,0,0
2,637,0,0,0,0,0
2,638,0,0,0,0,0
2,639,0,0,0,0,0
2,640,0,0,0,0,0
2,641,0,0,0,0,0
2,642,0,0,0,0,0
2,643,0,0,0,0,0
2,644,0,0,0,0,0
2,645,0,0,0,0,0
2,646,0,0,0,0,0
2,647,0,0,0,0,0
2,648,0,0,0,0,0
2,649,0,0,0,0,0
2,650,0,0,0,0,0
2,651,0,0,0,0,0
2,652,0,0,0,0,0
2,653,0,0,0,0,0
2,654,0,0,0,0,0
2,655,0,0,0,0,0
2,656,0,0,0,0,0
2,657,0,0,0,0,0
2,658,0,0,0,0,0
2,659,0,0,0,0,0
2,660,0,0,0,0,0
2,661,0,0,0,0,0
2,662,0,0,0,0,0
2,663,0,0,0,0,0
2,664,0,0,0,0,0
2,665,0,0,0,0,0
2,666,0,0,0,0,0
2,667,0,0,0,0,0
2,668,0,0,0,0,0
2,669,0,0,0,0,0
2,670,0,0,0,0,0
2,671,0,0,0,0,0
2,672,0,0,0,0,0
2,673,0,0,0,0,0
2,674,0,0,0,0,0
2,675,0,0,0,0,0
2,676,0,0,0,0,0
2,677,0,0,0,0,0
2,678,0,0,0,0,0
2,679,0,0,0,0,0
2,680,0,0,0,0,0
2,681,0,0,0,0,0
2,682,0,0,0,0,0
2,683,0,0,0,0,0
2,684,0,0,0,0,0
2,685,0,0,0,0,0
2,686,0,0,0,0,0
2,687,0,0,0,0,0
2,688,0,0,0,0,0
2,689,0,0,0,0,0
2,690,0,0,0,0,0
2,691,0,0,0,0,0
2,692,0,0,0,0,0
2,693,0,0,0,0,0
2,694,0,0,0,0,0
2,695,0,0,0,0,0
2,696,0,0,0,0,0
2,697,0,0,0,0,0
2,698,0,0,0,0,0
2,699,0,0,0,0,0
2,700,0,0,0,0,0
2,701,0,0,0,0,0
2,702,0,0,0,0,0
2,703,0,0,0,0,0
2,704,0,0,0,0,0
2,705,0,0,0,0,0
2,706,0,0,0,0,0
2,707,0,0,0,0,0
2,708,0,0,0,0,0
2,709,0,0,0,0,0
2,710,0,0,0,0,0
2,711,0,0,0,0,0
2,712,0,0,0,0,0
2,713,0,0,0,0,0
2,714,0,0,0,0,0
2,715,0,0,0,0,0
2,716,0,0,0,0,0
2,717,0,0,0,0,0
2,718,0,0,0,0,0
2,719,0,0,0,0,0
2,720,0,0,0,0,0
2,721,0,0,0,0,0
2,722,0,0,0,0,0
2,723,0,0,0,0,0
2,724,0,0,0,0,0
2,725,0,0,0,0,0
2,726,0,0,0,0,0
2,727,0,0,0,0,0
2,728,0,0,0,0,0
2,729,0,0,0,0,0
2,730,0,0,0,0,0
2,731,0,0,0,0,0
2,732,0,0,0,0,0
2,733,0,0,0,0,0
2,734,0,0,0,0,0
2,735,0,0,0,0,0
2,736,0,0,0,0,0
2,737,0,0,0,0,0
2,738,0,0,0,0,0
2,739,0,0,0,0,0
2,740,0,0,0,0,0
2,741,0,0,0,0,0
2,742,0,0,0,0,0
2,743,0,0,0,0,0
2,744,0,0,0,0,0
2,745,0,0,0,0,0
2,746,0,0,0,0,0
2,747,0,0,0,0,0
2,748,0,0,0,0,0
2,749,0,0,0,0,0
2,750,0,0,0,0,0
2,751,0,0,0,0,0
2,752,0,0,0,0,0
2,753,0,0,0,0,0
2,754,0,0,0,0,0
2,755,0,0,0,0,0
2,756,0,0,0,0,0
2,757,0,0,0,0,0
2,758,0,0,0,0,0
2,759,0,0,0,0,0
2,760,0,0,0,0,0
2,761,0,0,0,0,0
2,762,0,0,0,0,0
2,763,0,0,0,0,0
2,764,0,0,0,0,0
2,765,0,0,0,0,0
2,766,0,0,0,0,0
2,767,0,0,0,0,0
2,768,0,0,0,0,0
2,769,0,0,0,0,0
2,770,0,0,0,0,0
2,771,0,0,0,0,0
2,772,0,0,0,0,0
2,773,0,0,0,0,0
2,774,0,0,0,0,0
2,775,0,0,0,0,0
2,776,0,0,0,0,0
2,777,0,0,0,0,0
2,778,0,0,0,0,0
2,779,0,0,0,0,0
2,780,0,0,0,0,0
2,781,0,0,0,0,0
2,782,0,0,0,0,0
2,783,0,0,0,0,0
2,784,0,0,0,0,0
2,785,0,0,0,0,0
2,786,0,0,0,0,0
2,787,0,0,0,0,0
2,788,0,0,0,0,0
2,789,0,0,0,0,0
2,790,0,0,0,0,0
2,791,0,0,0,0,0
2,792,0,0,0,0,0
2,793,0,0,0,0,0
2,794,0,0,0,0,0
2,795,0,0,0,0,0
2,796,0,0,0,0,0
2,797,0,0,0,0,0
2,798,0,0,0,0,0
2,799,0,0,0,0,0
2,800,0,0,0,0,0
2,801,0,0,0,0,0
2,802,0,0,0,0,0
2,803,0,0,0,0,0
2,804,0,0,0,0,0
2,805,0,0,0,0,0
2,806,0,0,0,0,0
2,807,0,0,0,0,0
2,808,0,0,0,0,0
2,809,0,0,0,0,0
2,810,0,0,0,0,0
2,811,0,0,0,0,0
2,812,0,0,0,0,0
2,813,0,0,0,0,0
2,814,0,0,0,0,0
2,815,0,0,0,0,0
2,816,0,0,0,0,0
2,817,0,0,0,0,0
2,818,0,0,0,0,0
2,819,0,0,0,0,0
2,820,0,0,0,0,0
2,821,0,0,0,0,0
2,822,0,0,0,0,0
2,823,0,0,0,0,0
2,824,0,0,0,0,0
2,825,0,0,0,0,0
2,826,0,0,0,0,0
2,827,0,0,0,0,0
2,828,0,0,0,0,0
2,829,0,0,0,0,0
2,830,0,0,0,0,0
2,831,0,0,0,0,0
2,832,0,0,0,0,0
2,833,0,0,0,0,0
2,834,0,0,0,0,0
2,835,0,0,0,0,0
2,836,0,0,0,0,0
2,837,0,0,0,0,0
2,838,0,0,0,0,0
2,839,0,0,0,0,0
2,840,0,0,0,0,0
2,841,0,0,0,0,0
2,842,0,0,0,0,0
2,843,0,0,0,0,0
2,844,0,0,0,0,0
2,845,0,0,0,0,0
2,846,0,0,0,0,0
2,847,0,0,0,0,0
2,848,0,0,0,0,0
2,849,0,0,0,0,0
2,850,0,0,0,0,0
2,851,0,0,0,0,0
2,852,0,0,0,0,0
2,853,0,0,0,0,0
2,854,0,0,0,0,0
2,855,0,0,0,0,0
2,856,0,0,0,0,0
2,857,0,0,0,0,0
2,858,0,0,0,0,0
2,859,0,0,0,0,0
2,860,0,0,0,0,0
2,861,0,0,0,0,0
2,862,0,0,0,0,0
2,863,0,0,0,0,0
2,864,0,0,0,0,0
2,865,0,0,0,0,0
2,866,0,0,0,0,0
2,867,0,0,0,0,0
2,868,0,0,0,0,0
2,869,0,0,0,0,0
2,870,0,0,0,0,0
2,871,0,0,0,0,0
2,872,0,0,0,0,0
2,873,0,0,0,0,0
2,874,0,0,0,0,0
2,875,0,0,0,0,0
2,876,0,0,0,0,0
2,877,0,0,0,0,0
2,878,0,0,0,0,0
2,879,0,0,0,0,0
2,880,0,0,0,0,0
2,881,0,0,0,0,0
2,882,0,0,0,0,0
2,883,0,0,0,0,0
2,884,0,0,0,0,0
2,885,0,0,0,0,0
2,886,0,0,0,0,0
2,887,0,0,0,0,0
2,888,0,0,0,0,0
2,889,0,0,0,0,0
2,890,0,0,0,0,0
2,891,0,0,0,0,0
2,892,0,0,0,0,0
2,893,0,0,0,0,0
2,894,0,0,0,0,0
2,895,0,0,0,0,0
2,896,0,0,0,0,0
2,897,0,0,0,0,0
2,898,0,0,0,0,0
2,899,0,0,0,0,0
2,900,0,0,0,0,0
2,901,0,0,0,0,0
2,902,0,0,0,0,0
2,903,0,0,0,0,0
2,904,0,0,0,0,0
2,905,0,0,0,0,0
2,906,0,0,0,0,0
2,907,0,0,0,0,0
2,908,0,0,0,0,0
2,909,0,0,0,0,0
2,910,0,0,0,0,0
2,911,0,0,0,0,0
2,912,0,0,0,0,0
2,913,0,0,0,0,0
2,914,0,0,0,0,0
2,915,0,0,0,0,0
2,916,0,0,0,0,0
2,917,0,0,0,0,0
2,918,0,0,0,0,0
2,919,0,0,0,0,0
2,920,0,0,0,0,0
2,921,0,0,0,0,0
2,922,0,0,0,0,0
2,923,0,0,0,0,0
2,924,0,0,0,0,0
2,925,0,0,0,0,0
2,926,0,0,0,0,0
2,927,0,0,0,0,0
2,928,0,0,0,0,0
2,929,0,0,0,0,0
2,930,0,0,0,0,0
2,931,0,0,0,0,0
2,932,0,0,0,0,0
2,933,0,0,0,0,0
2,934,0,0,0,0,0
2,935,0,0,0,0,0
2,936,0,0,0,0,0
2,937,0,0,0,0,0
2,938,0,0,0,0,0
2,939,0,0,0,0,0
2,940,0,0,0,0,0
2,941,0,0,0,0,0
2,942,0,0,0,0,0
2,943,0,0,0,0,0
2,944,0,0,0,0,0
2,945,0,0,0,0,0
2,946,0,0,0,0,0
2,947,0,0,0,0,0
2,948,0,0,0,0,0
2,949,0,0,0,0,0
2,950,0,0,0,0,0
2,951,0,0,0,0,0
2,952,0,0,0,0,0
2,953,0,0,0,0,0
2,954,0,0,0,0,0
2,955,0,0,0,0,0
2,956,0,0,0,0,0
2,957,0,0,0,0,0
2,958,0,0,0,0,0
2,959,0,0,0,0,0
2,960,0,0,0,0,0
2,961,0,0,0,0,0
2,962,0,0,0,0,0
2,963,0,0,0,0,0
2,964,0,0,0,0,0
2,965,0,0,0,0,0
2,966,0,0,0,0,0
2,967,0,0,0,0,0
2,968,0,0,0,0,0
2,969,0,0,0,0,0
2,970,0,0,0,0,0
2,971,0,0,0,0,0
2,972,0,0,0,0,0
2,973,0,0,0,0,0
2,974,0,0,0,0,0
2,975,0,0,0,0,0
2,976,0,0,0,0,0
2,977,0,0,0,0,0
2,978,0,0,0,0,0
2,979,0,0,0,0,0
2,980,0,0,0,0,0
2,981,0,0,0,0,0
2,982,0,0,0,0,0
2,983,0,0,0,0,0
2,984,0,0,0,0,0
2,985,0,0,0,0,0
2,986,0,0,0,0,0
2,987,0,0,0,0,0
2,988,0,0,0,0,0
2,989,0,0,0,0,0
2,990,0,0,0,0,0
2,991,0,0,0,0,0
2,992,0,0,0,0,0
2,993,0,0,0,0,0
2,994,0,0,0,0,0
2,995,0,0,0,0,0
2,996,0,0,0,0,0
2,997,0,0,0,0,0
2,998,0,0,0,0,0
2,999,0,0,0,0,0
3,0,0,0,0,0,0
3,1,0,0,0,0,0
3,2,0,0,0,0,0
3,3,0,0,0,0,0
3,4,0,0,0,0,0
3,5,0,0,0,0,0
3,6,0,0,0,0,0
3,7,0,0,0,0,0
3,8,0,0,0,0,0
3,9,0,0,0,0,0
3,10,0,0,0,0,0
3,11,0,0,0,0,0
3,12,0,0,0,0,0
3,13,0,0,0,0,0
3,14,0,0,0,0,0
3,15,0,0,0,0,0
3,16,0,0,0,0,0
3,17,0,0,0,0,0
3,18,0,0,0,0,0
3,19,0,0,0,0,0
3,20,0,0,0,0,0
3,21,0,0,0,0,0
3,22,0,0,0,0,0
3,23,0,0,0,0,0
3,24,0,0,0,0,0
3,25,0,0,0,0,0
3,26,0,0,0,0,0
3,27,0,0,0,0,0
3,28,0,0,0,0,0
3,29,0,0,0,0,0
3,30,0,0,0,0,0
3,31,0,0,0,0,0
3,32,0,0,0,0,0
3,33,0,0,0,0,0
3,34,0,0,0,0,0
3,35,0,0,0,0,0
3,36,0,0,0,0,0
3,37,0,0,0,0,0
3,38,0,0,0,0,0
3,39,0,0,0,0,0
3,40,0,0,0,0,0
3,41,0,0,0,0,0
3,42,0,0,0,0,0
3,43,0,0,0,0,0
3,44,0,0,0,0,0
3,45,0,0,0,0,0
3,46,0,0,0,0,0
3,47,0,0,0,0,0
3,48,0,0,0,0,0
3,49,0,0,0,0,0
3,50,0,0,0,0,0
3,51,0,0,0,0,0
3,52,0,0,0,0,0
3,53,0,0,0,0,0
3,54,0,0,0,0,0
3,55,0,0,0,0,0
3,56,0,0,0,0,0
3,57,0,0,0,0,0
3,58,0,0,0,0,0
3,59,0,0,0,0,0
3,60,0,0,0,0,0
3,61,0,0,0,0,0
3,62,0,0,0,0,0
3,63,0,0,0,0,0
3,64,0,0,0,0,0
3,65,0,0,0,0,0
3,66,0,0,0,0,0
3,67,0,0,0,0,0
3,68,0,0,0,0,0
3,69,0,0,0,0,0
3,70,0,0,0,0,0
3,71,0,0,0,0,0
3,72,0,0,0,0,0
3,73,0,0,0,0,0
3,74,0,0,0,0,0
3,75,0,0,0,0,0
3,76,0,0,0,0,0
3,77,0,0,0,0,0
3,78,0,0,0,0,0
3,79,0,0,0,0,0
3,80,0,0,0,0,0
3,81,0,0,0,0,0
3,82,0,0,0,0,0
3,83,0,0,0,0,0
3,84,0,0,0,0,0
3,85,0,0,0,0,0
3,86,0,0,0,0,0
3,87,0,0,0,0,0
3,88,0,0,0,0,0
3,89,0,0,0,0,0
3,90,0,0,0,0,0
3,91,0,0,0,0,0
3,92,0,0,0,0,0
3,93,0,0,0,0,0
3,94,0,0,0,0,0
3,95,0,0,0,0,0
3,96,0,0,0,0,0
3,97,0,0,0,0,0
3,98,0,0,0,0,0
3,99,0,0,0,0,0
3,100,0,0,0,0,0
3,101,0,0,0,0,0
3,102,0,0,0,0,0
3,103,0,0,0,0,0
3,104,0,0,0,0,0
3,105,0,0,0,0,0
3,106,0,0,0,0,0
3,107,0,0,0,0,0
3,108,0,0,0,0,0
3,109,0,0,0,0,0
3,110,0,0,0,0,0
3,111,0,0,0,0,0
3,112,0,0,0,0,0
3,113,0,0,0,0,0
3,114,0,0,0,0,0
3,115,0,0,0,0,0
3,116,0,0,0,0,0
3,117,0,0,0,0,0
3,118,0,0,0,0,0
3,119,0,0,0,0,0
3,120,0,0,0,0,0
3,121,0,0,0,0,0
3,122,0,0,0,0,0
3,123,0,0,0,0,0
3,124,0,0,0,0,0
3,125,0,0,0,0,0
3,126,0,0,0,0,0
3,127,0,0,0,0,0
3,128,0,0,0,0,0
3,129,0,0,0,0,0
3,130,0,0,0,0,0
3,131,0,0,0,0,0
3,132,0,0,0,0,0
3,133,0,0,0,0,0
3,134,0,0,0,0,0
3,135,0,0,0,0,0
3,136,0,0,0,0,0
3,137,0,0,0,0,0
3,138,0,0,0,0,0
3,139,0,0,0,0,0
3,140,0,0,0,0,0
3,141,0,0,0,0,0
3,142,0,0,0,0,0
3,143,0,0,0,0,0
3,144,0,0,0,0,0
3,145,0,0,0,0,0
3,146,0,0,0,0,0
3,147,0,0,0,0,0
3,148,0,0,0,0,0
3,149,0,0,0,0,0
3,150,0,0,0,0,0
3,151,0,0,0,0,0
3,152,0,0,0,0,0
3,153,0,0,0,0,0
3,154,0,0,0,0,0
3,155,0,0,0,0,0
3,156,0,0,0,0,0
3,157,0,0,0,0,0
3,158,0,0,0,0,0
3,159,0,0,0,0,0
3,160,0,0,0,0,0
3,161,0,0,0,0,0
3,162,0,0,0,0,0
3,163,0,0,0,0,0
3,164,0,0,0,0,0
3,165,0,0,0,0,0
3,166,0,0,0,0,0
3,167,0,0,0,0,0
3,168,0,0,0,0,0
3,169,0,0,0,0,0
3,170,0,0,0,0,0
3,171,0,0,0,0,0
3,172,0,0,0,0,0
3,173,0,0,0,0,0
3,174,0,0,0,0,0
3,175,0,0,0,0,0
3,176,0,0,0,0,0
3,177,0,0,0,0,0
3,178,0,0,0,0,0
3,179,0,0,0,0,0
3,180,0,0,0,0,0
3,181,0,0,0,0,0
3,182,0,0,0,0,0
3,183,0,0,0,0,0
3,184,0,0,0,0,0
3,185,0,0,0,0,0
3,186,0,0,0,0,0
3,187,0,0,0,0,0
3,188,0,0,0,0,0
3,189,0,0,0,0,0
3,190,0,0,0,0,0
3,191,0,0,0,0,0
3,192,0,0,0,0,0
3,193,0,0,0,0,0
3,194,0,0,0,0,0
3,195,0,0,0,0,0
3,196,0,0,0,0,0
3,197,0,0,0,0,0
3,198,0,0,0,0,0
3,199,0,0,0,0,0
3,200,0,0,0,0,0
3,201,0,0,0,0,0
3,202,0,0,0,0,0
3,203,0,0,0,0,0
3,204,0,0,0,0,0
3,205,0,0,0,0,0
3,206,0,0,0,0,0
3,207,0,0,0,0,0
3,208,0,0,0,0,0
3,209,0,0,0,0,0
3,210,0,0,0,0,0
3,211,0,0,0,0,0
3,212,0,0,0,0,0
3,213,0,0,0,0,0
3,214,0,0,0,0,0
3,215,0,0,0,0,0
3,216,0,0,0,0,0
3,217,0,0,0,0,0
3,218,0,0,0,0,0
3,219,0,0,0,0,0
3,220,0,0,0,0,0
3,221,0,0,0,0,0
3,222,0,0,0,0,0
3,223,0,0,0,0,0
3,224,0,0,0,0,0
3,225,0,0,0,0,0
3,226,0,0,0,0,0
3,227,0,0,0,0,0
3,228,0,0,0,0,0
3,229,0,0,0,0,0
3,230,0,0,0,0,0
3,231,0,0,0,0,0
3,232,0,0,0,0,0
3,233,0,0,0,0,0
3,234,0,0,0,0,0
3,235,0,0,0,0,0
3,236,0,0,0,0,0
3,237,0,0,0,0,0
3,238,0,0,0,0,0
3,239,0,0,0,0,0
3,240,0,0,0,0,0
3,241,0,0,0,0,0
3,242,0,0,0,0,0
3,243,0,0,0,0,0
3,244,0,0,0,0,0
3,245,0,0,0,0,0
3,246,0,0,0,0,0
3,247,0,0,0,0,0
3,248,0,0,0,0,0
3,249,0,0,0,0,0
3,250,0,0,0,0,0
3,251,0,0,0,0,0
3,252,0,0,0,0,0
3,253,0,0,0,0,0
3,254,0,0,0,0,0
3,255,0,0,0,0,0
3,256,0,0,0,0,0
3,257,0,0,0,0,0
3,258,0,0,0,0,0
3,259,0,0,0,0,0
3,260,0,0,0,0,0
3,261,0,0,0,0,0
3,262,0,0,0,0,0
3,263,0,0,0,0,0
3,264,0,0,0,0,0
3,265,0,0,0,0,0
3,266,0,0,0,0,0
3,267,0,0,0,0,0
3,268,0,0,0,0,0
3,269,0,0,0,0,0
3,270,0,0,0,0,0
3,271,0,0,0,0,0
3,272,0,0,0,0,0
3,273,0,0,0,0,0
3,274,0,0,0,0,0
3,275,0,0,0,0,0
3,276,0,0,0,0,0
3,277,0,0,0,0,0
3,278,0,0,0,0,0
3,279,0,0,0,0,0
3,280,0,0,0,0,0
3,281,0,0,0,0,0
3,282,0,0,0,0,0
3,283,0,0,0,0,0
3,284,0,0,0,0,0
3,285,0,0,0,0,0
3,286,0,0,0,0,0
3,287,0,0,0,0,0
3,288,0,0,0,0,0
3,289,0,0,0,0,0
3,290,0,0,0,0,0
3,291,0,0,0,0,0
3,292,0,0,0,0,0
3,293,0,0,0,0,0
3,294,0,0,0,0,0
3,295,0,0,0,0,0
3,296,0,0,0,0,0
3,297,0,0,0,0,0
3,298,0,0,0,0,0
3,299,0,0,0,0,0
3,300,0,0,0,0,0
3,301,0,0,0,0,0
3,302,0,0,0,0,0
3,303,0,0,0,0,0
3,304,0,0,0,0,0
3,305,0,0,0,0,0
3,306,0,0,0,0,0
3,307,0,0,0,0,0
3,308,0,0,0,0,0
3,309,0,0,0,0,0
3,310,0,0,0,0,0
3,311,0,0,0,0,0
3,312,0,0,0,0,0
3,313,0,0,0,0,0
3,314,0,0,0,0,0
3,315,0,0,0,0,0
3,316,0,0,0,0,0
3,317,0,0,0,0,0
3,318,0,0,0,0,0
3,319,0,0,0,0,0
3,320,0,0,0,0,0
3,321,0,0,0,0,0
3,322,0,0,0,0,0
3,323,0,0,0,0,0
3,324,0,0,0,0,0
3,325,0,0,0,0,0
3,326,0,0,0,0,0
3,327,0,0,0,0,0
3,328,0,0,0,0,0
3,329,0,0,0,0,0
3,330,0,0,0,0,0
3,331,0,0,0,0,0
3,332,0,0,0,0,0
3,333,0,0,0,0,0
3,334,0,0,0,0,0
3,335,0,0,0,0,0
3,336,0,0,0,0,0
3,337,0,0,0,0,0
3,338,0,0,0,0,0
3,339,0,0,0,0,0
3,340,0,0,0,0,0
3,341,0,0,0,0,0
3,342,0,0,0,0,0
3,343,0,0,0,0,0
3,344,0,0,0,0,0
3,345,0,0,0,0,0
3,346,0,0,0,0,0
3,347,0,0,0,0,0
3,348,0,0,0,0,0
3,349,0,0,0,0,0
3,350,0,0,0,0,0
3,351,0,0,0,0,0
3,352,0,0,0,0,0
3,353,0,0,0,0,0
3,354,0,0,0,0,0
3,355,0,0,0,0,0
3,356,0,0,0,0,0
3,357,0,0,0,0,0
3,358,0,0,0,0,0
3,359,0,0,0,0,0
3,360,0,0,0,0,0
3,361,0,0,0,0,0
3,362,0,0,0,0,0
3,363,0,0,0,0,0
3,364,0,0,0,0,0
3,365,0,0,0,0,0
3,366,0,0,0,0,0
3,367,0,0,0,0,0
3,368,0,0,0,0,0
3,369,0,0,0,0,0
3,370,0,0,0,0,0
3,371,0,0,0,0,0
3,372,0,0,0,0,0
3,373,0,0,0,0,0
3,374,0,0,0,0,0
3,375,0,0,0,0,0
3,376,0,0,0,0,0
3,377,0,0,0,0,0
3,378,0,0,0,0,0
3,379,0,0,0,0,0
3,380,0,0,0,0,0
3,381,0,0,0,0,0
3,382,0,0,0,0,0
3,383,0,0,0,0,0
3,384,0,0,0,0,0
3,385,0,0,0,0,0
3,386,0,0,0,0,0
3,387,0,0,0,0,0
3,388,0,0,0,0,0
3,389,0,0,0,0,0
3,390,0,0,0,0,0
3,391,0,0,0,0,0
3,392,0,0,0,0,0
3,393,0,0,0,0,0
3,394,0,0,0,0,0
3,395,0,0,0,0,0
3,396,0,0,0,0,0
3,397,0,0,0,0,0
3,398,0,0,0,0,0
3,399,0,0,0,0,0
3,400,0,0,0,0,0
3,401,0,0,0,0,0
3,402,0,0,0,0,0
3,403,0,0,0,0,0
3,404,0,0,0,0,0
3,405,0,0,0,0,0
3,406,0,0,0,0,0
3,407,0,0,0,0,0
3,408,0,0,0,0,0
3,409,0,0,0,0,0
3,410,0,0,0,0,0
3,411,0,0,0,0,0
3,412,0,0,0,0,0
3,413,0,0,0,0,0
3,414,0,0,0,0,0
3,415,0,0,0,0,0
3,416,0,0,0,0,0
3,417,0,0,0,0,0
3,418,0,0,0,0,0
3,419,0,0,0,0,0
3,420,0,0,0,0,0
3,421,0,0,0,0,0
3,422,0,0,0,0,0
3,423,0,0,0,0,0
3,424,0,0,0,0,0
3,425,0,0,0,0,0
3,426,0,0,0,0,0
3,427,0,0,0,0,0
3,428,0,0,0,0,0
3,429,0,0,0,0,0
3,430,0,0,0,0,0
3,431,0,0,0,0,0
3,432,0,0,0,0,0
3,433,0,0,0,0,0
3,434,0,0,0,0,0
3,435,0,0,0,0,0
3,436,0,0,0,0,0
3,437,0,0,0,0,0
3,438,0,0,0,0,0
3,439,0,0,0,0,0
3,440,0,0,0,0,0
3,441,0,0,0,0,0
3,442,0,0,0,0,0
3,443,0,0,0,0,0
3,444,0,0,0,0,0
3,445,0,0,0,0,0
3,446,0,0,0,0,0
3,447,0,0,0,0,0
3,448,0,0,0,0,0
3,449,0,0,0,0,0
3,450,0,0,0,0,0
3,451,0,0,0,0,0
3,452,0,0,0,0,0
3,453,0,0,0,0,0
3,454,0,0,0,0,0
3,455,0,0,0,0,0
3,456,0,0,0,0,0
3,457,0,0,0,0,0
3,458,0,0,0,0,0
3,459,0,0,0,0,0
3,460,0,0,0,0,0
3,461,0,0,0,0,0
3,462,0,0,0,0,0
3,463,0,0,0,0,0
3,464,0,0,0,0,0
3,465,0,0,0,0,0
3,466,0,0,0,0,0
3,467,0,0,0,0,0
3,468,0,0,0,0,0
3,469,0,0,0,0,0
3,470,0,0,0,0,0
3,471,0,0,0,0,0
3,472,0,0,0,0,0
3,473,0,0,0,0,0
3,474,0,0,0,0,0
3,475,0,0,0,0,0
3,476,0,0,0,0,0
3,477,0,0,0,0,0
3,478,0,0,0,0,0
3,479,0,0,0,0,0
3,480,0,0,0,0,0
3,481,0,0,0,0,0
3,482,0,0,0,0,0
3,483,0,0,0,0,0
3,484,0,0,0,0,0
3,485,0,0,0,0,0
3,486,0,0,0,0,0
3,487,0,0,0,0,0
3,488,0,0,0,0,0
3,489,0,0,0,0,0
3,490,0,0,0,0,0
3,491,0,0,0,0,0
3,492,0,0,0,0,0
3,493,0,0,0,0,0
3,494,0,0,0,0,0
3,495,0,0,0,0,0
3,496,0,0,0,0,0
3,497,0,0,0,0,0
3,498,0,0,0,0,0
3,499,0,0,0,0,0
3,500,0,0,0,0,0
3,501,0,0,0,0,0
3,502,0,0,0,0,0
3,503,0,0,0,0,0
3,504,0,0,0,0,0
3,505,0,0,0,0,0
3,506,0,0,0,0,0
3,507,0,0,0,0,0
3,508,0,0,0,0,0
3,509,0,0,0,0,0
3,510,0,0,0,0,0
3,511,0,0,0,0,0
3,512,0,0,0,0,0
3,513,0,0,0,0,0
3,514,0,0,0,0,0
3,515,0,0,0,0,0
3,516,0,0,0,0,0
3,517,0,0,0,0,0
3,518,0,0,0,0,0
3,519,0,0,0,0,0
3,520,0,0,0,0,0
3,521,0,0,0,0,0
3,522,0,0,0,0,0
3,523,0,0,0,0,0
3,524,0,0,0,0,0
3,525,0,0,0,0,0
3,526,0,0,0,0,0
3,527,0,0,0,0,0
3,528,0,0,0,0,0
3,529,0,0,0,0,0
3,530,0,0,0,0,0
3,531,0,0,0,0,0
3,532,0,0,0,0,0
3,533,0,0,0,0,0
3,534,0,0,0,0,0
3,535,0,0,0,0,0
3,536,0,0,0,0,0
3,537,0,0,0,0,0
3,538,0,0,0,0,0
3,539,0,0,0,0,0
3,540,0,0,0,0,0
3,541,0,0,0,0,0
3,542,0,0,0,0,0
3,543,0,0,0,0,0
3,544,0,0,0,0,0
3,545,0,0,0,0,0
3,546,0,0,0,0,0
3,547,0,0,0,0,0
3,548,0,0,0,0,0
3,549,0,0,0,0,0
3,550,0,0,0,0,0
3,551,0,0,0,0,0
3,552,0,0,0,0,0
3,553,0,0,0,0,0
3,554,0,0,0,0,0
3,555,0,0,0,0,0
3,556,0,0,0,0,0
3,557,0,0,0,0,0
3,558,0,0,0,0,0
3,559,0,0,0,0,0
3,560,0,0,0,0,0
3,561,0,0,0,0,0
3,562,0,0,0,0,0
3,563,0,0,0,0,0
3,564,0,0,0,0,0
3,565,0,0,0,0,0
3,566,0,0,0,0,0
3,567,0,0,0,0,0
3,568,0,0,0,0,0
3,569,0,0,0,0,0
3,570,0,0,0,0,0
3,571,0,0,0,0,0
3,572,0,0,0,0,0
3,573,0,0,0,0,0
3,574,0,0,0,0,0
3,575,0,0,0,0,0
3,576,0,0,0,0,0
3,577,0,0,0,0,0
3,578,0,0,0,0,0
3,579,0,0,0,0,0
3,580,0,0,0,0,0
3,581,0,0,0,0,0
3,582,0,0,0,0,0
3,583,0,0,0,0,0
3,584,0,0,0,0,0
3,585,0,0,0,0,0
3,586,0,0,0,0,0
3,587,0,0,0,0,0
3,588,0,0,0,0,0
3,589,0,0,0,0,0
3,590,0,0,0,0,0
3,591,0,0,0,0,0
3,592,0,0,0,0,0
3,593,0,0,0,0,0
3,594,0,0,0,0,0
3,595,0,0,0,0,0
3,596,0,0,0,0,0
3,597,0,0,0,0,0
3,598,0,0,0,0,0
3,599,0,0,0,0,0
3,600,0,0,0,0,0
3,601,0,0,0,0,0
3,602,0,0,0,0,0
3,603,0,0,0,0,0
3,604,0,0,0,0,0
3,605,0,0,0,0,0
3,606,0,0,0,0,0
3,607,0,0,0,0,0
3,608,0,0,0,0,0
3,609,0,0,0,0,0
3,610,0,0,0,0,0
3,611,0,0,0,0,0
3,612,0,0,0,0,0
3,613,0,0,0,0,0
3,614,0,0,0,0,0
3,615,0,0,0,0,0
3,616,0,0,0,0,0
3,617,0,0,0,0,0
3,618,0,0,0,0,0
3,619,0,0,0,0,0
3,620,0,0,0,0,0
3,621,0,0,0,0,0
3,622,0,0,0,0,0
3,623,0,0,0,0,0
3,624,0,0,0,0,0
3,625,0,0,0,0,0
3,626,0,0,0,0,0
3,627,0,0,0,0,0
3,628,0,0,0,0,0
3,629,0,0,0,0,0
3,630,0,0,0,0,0
3,631,0,0,0,0,0
3,632,0,0,0,0,0
3,633,0,0,0,0,0
3,634,0,0,0,0,0
3,635,0,0,0,0,0
3,636,0,0,0,0,0
3,637,0,0,0,0,0
3,638,0,0,0,0,0
3,639,0,0,0,0,0
3,640,0,0,0,0,0
3,641,0,0,0,0,0
3,642,0,0,0,0,0
3,643,0,0,0,0,0
3,644,0,0,0,0,0
3,645,0,0,0,0,0
3,646,0,0,0,0,0
3,647,0,0,0,0,0
3,648,0,0,0,0,0
3,649,0,0,0,0,0
3,650,0,0,0,0,0
3,651,0,0,0,0,0
3,652,0,0,0,0,0
3,653,0,0,0,0,0
3,654,0,0,0,0,0
3,655,0,0,0,0,0
3,656,0,0,0,0,0
3,657,0,0,0,0,0
3,658,0,0,0,0,0
3,659,0,0,0,0,0
3,660,0,0,0,0,0
3,661,0,0,0,0,0
3,662,0,0,0,0,0
3,663,0,0,0,0,0
3,664,0,0,0,0,0
3,665,0,0,0,0,0
3,666,0,0,0,0,0
3,667,0,0,0,0,0
3,668,0,0,0,0,0
3,669,0,0,0,0,0
3,670,0,0,0,0,0
3,671,0,0,0,0,0
3,672,0,0,0,0,0
3,673,0,0,0,0,0
3,674,0,0,0,0,0
3,675,0,0,0,0,0
3,676,0,0,0,0,0
3,677,0,0,0,0,0
3,678,0,0,0,0,0
3,679,0,0,0,0,0
3,680,0,0,0,0,0
3,681,0,0,0,0,0
3,682,0,0,0,0,0
3,683,0,0,0,0,0
3,684,0,0,0,0,0
3,685,0,0,0,0,0
3,686,0,0,0,0,0
3,687,0,0,0,0,0
3,688,0,0,0,0,0
3,689,0,0,0,0,0
3,690,0,0,0,0,0
3,691,0,0,0,0,0
3,692,0,0,0,0,0
3,693,0,0,0,0,0
3,694,0,0,0,0,0
3,695,0,0,0,0,0
3,696,0,0,0,0,0
3,697,0,0,0,0,0
3,698,0,0,0,0,0
3,699,0,0,0,0,0
3,700,0,0,0,0,0
3,701,0,0,0,0,0
3,702,0,0,0,0,0
3,703,0,0,0,0,0
3,704,0,0,0,0,0
3,705,0,0,0,0,0
3,706,0,0,0,0,0
3,707,0,0,0,0,0
3,708,0,0,0,0,0
3,709,0,0,0,0,0
3,710,0,0,0,0,0
3,711,0,0,0,0,0
3,712,0,0,0,0,0
3,713,0,0,0,0,0
3,714,0,0,0,0,0
3,715,0,0,0,0,0
3,716,0,0,0,0,0
3,717,0,0,0,0,0
3,718,0,0,0,0,0
3,719,0,0,0,0,0
3,720,0,0,0,0,0
3,721,0,0,0,0,0
3,722,0,0,0,0,0
3,723,0,0,0,0,0
3,724,0,0,0,0,0
3,725,0,0,0,0,0
3,726,0,0,0,0,0
3,727,0,0,0,0,0
3,728,0,0,0,0,0
3,729,0,0,0,0,0
3,730,0,0,0,0,0
3,731,0,0,0,0,0
3,732,0,0,0,0,0
3,733,0,0,0,0,0
3,734,0,0,0,0,0
3,735,0,0,0,0,0
3,736,0,0,0,0,0
3,737,0,0,0,0,0
3,738,0,0,0,0,0
3,739,0,0,0,0,0
3,740,0,0,0,0,0
3,741,0,0,0,0,0
3,742,0,0,0,0,0
3,743,0,0,0,0,0
3,744,0,0,0,0,0
3,745,0,0,0,0,0
3,746,0,0,0,0,0
3,747,0,0,0,0,0
3,748,0,0,0,0,0
3,749,0,0,0,0,0
3,750,0,0,0,0,0
3,751,0,0,0,0,0
3,752,0,0,0,0,0
3,753,0,0,0,0,0
3,754,0,0,0,0,0
3,755,0,0,0,0,0
3,756,0,0,0,0,0
3,757,0,0,0,0,0
3,758,0,0,0,0,0
3,759,0,0,0,0,0
3,760,0,0,0,0,0
3,761,0,0,0,0,0
3,762,0,0,0,0,0
3,763,0,0,0,0,0
3,764,0,0,0,0,0
3,765,0,0,0,0,0
3,766,0,0,0,0,0
3,767,0,0,0,0,0
3,768,0,0,0,0,0
3,769,0,0,0,0,0
3,770,0,0,0,0,0
3,771,0,0,0,0,0
3,772,0,0,0,0,0
3,773,0,0,0,0,0
3,774,0,0,0,0,0
3,775,0,0,0,0,0
3,776,0,0,0,0,0
3,777,0,0,0,0,0
3,778,0,0,0,0,0
3,779,0,0,0,0,0
3,780,0,0,0,0,0
3,781,0,0,0,0,0
3,782,0,0,0,0,0
3,783,0,0,0,0,0
3,784,0,0,0,0,0
3,785,0,0,0,0,0
3,786,0,0,0,0,0
3,787,0,0,0,0,0
3,788,0,0,0,0,0
3,789,0,0,0,0,0
3,790,0,0,0,0,0
3,791,0,0,0,0,0
3,792,0,0,0,0,0
3,793,0,0,0,0,0
3,794,0,0,0,0,0
3,795,0,0,0,0,0
3,796,0,0,0,0,0
3,797,0,0,0,0,0
3,798,0,0,0,0,0
3,799,0,0,0,0,0
3,800,0,0,0,0,0
3,801,0,0,0,0,0
3,802,0,0,0,0,0
3,803,0,0,0,0,0
3,804,0,0,0,0,0
3,805,0,0,0,0,0
3,806,0,0,0,0,0
3,807,0,0,0,0,0
3,808,0,0,0,0,0
3,809,0,0,0,0,0
3,810,0,0,0,0,0
3,811,0,0,0,0,0
3,812,0,0,0,0,0
3,813,0,0,0,0,0
3,814,0,0,0,0,0
3,815,0,0,0,0,0
3,816,0,0,0,0,0
3,817,0,0,0,0,0
3,818,0,0,0,0,0
3,819,0,0,0,0,0
3,820,0,0,0,0,0
3,821,0,0,0,0,0
3,822,0,0,0,0,0
3,823,0,0,0,0,0
3,824,0,0,0,0,0
3,825,0,0,0,0,0
3,826,0,0,0,0,0
3,827,0,0,0,0,0
3,828,0,0,0,0,0
3,829,0,0,0,0,0
3,830,0,0,0,0,0
3,831,0,0,0,0,0
3,832,0,0,0,0,0
3,833,0,0,0,0,0
3,834,0,0,0,0,0
3,835,0,0,0,0,0
3,836,0,0,0,0,0
3,837,0,0,0,0,0
3,838,0,0,0,0,0
3,839,0,0,0,0,0
3,840,0,0,0,0,0
3,841,0,0,0,0,0
3,842,0,0,0,0,0
3,843,0,0,0,0,0
3,844,0,0,0,0,0
3,845,0,0,0,0,0
3,846,0,0,0,0,0
3,847,0,0,0,0,0
3,848,0,0,0,0,0
3,849,0,0,0,0,0
3,850,0,0,0,0,0
3,851,0,0,0,0,0
3,852,0,0,0,0,0
3,853,0,0,0,0,0
3,854,0,0,0,0,0
3,855,0,0,0,0,0
3,856,0,0,0,0,0
3,857,0,0,0,0,0
3,858,0,0,0,0,0
3,859,0,0,0,0,0
3,860,0,0,0,0,0
3,861,0,0,0,0,0
3,862,0,0,0,0,0
3,863,0,0,0,0,0
3,864,0,0,0,0,0
3,865,0,0,0,0,0
3,866,0,0,0,0,0
3,867,0,0,0,0,0
3,868,0,0,0,0,0
3,869,0,0,0,0,0
3,870,0,0,0,0,0
3,871,0,0,0,0,0
3,872,0,0,0,0,0
3,873,0,0,0,0,0
3,874,0,0,0,0,0
3,875,0,0,0,0,0
3,876,0,0,0,0,0
3,877,0,0,0,0,0
3,878,0,0,0,0,0
3,879,0,0,0,0,0
3,880,0,0,0,0,0
3,881,0,0,0,0,0
3,882,0,0,0,0,0
3,883,0,0,0,0,0
3,884,0,0,0,0,0
3,885,0,0,0,0,0
3,886,0,0,0,0,0
3,887,0,0,0,0,0
3,888,0,0,0,0,0
3,889,0,0,0,0,0
3,890,0,0,0,0,0
3,891,0,0,0,0,0
3,892,0,0,0,0,0
3,893,0,0,0,0,0
3,894,0,0,0,0,0
3,895,0,0,0,0,0
3,896,0,0,0,0,0
3,897,0,0,0,0,0
3,898,0,0,0,0,0
3,899,0,0,0,0,0
3,900,0,0,0,0,0
3,901,0,0,0,0,0
3,902,0,0,0,0,0
3,903,0,0,0,0,0
3,904,0,0,0,0,0
3,905,0,0,0,0,0
3,906,0,0,0,0,0
3,907,0,0,0,0,0
3,908,0,0,0,0,0
3,909,0,0,0,0,0
3,910,0,0,0,0,0
3,911,0,0,0,0,0
3,912,0,0,0,0,0
3,913,0,0,0,0,0
3,914,0,0,0,0,0
3,915,0,0,0,0,0
3,916,0,0,0,0,0
3,917,0,0,0,0,0
3,918,0,0,0,0,0
3,919,0,0,0,0,0
3,920,0,0,0,0,0
3,921,0,0,0,0,0
3,922,0,0,0,0,0
3,923,0,0,0,0,0
3,924,0,0,0,0,0
3,925,0,0,0,0,0
3,926,0,0,0,0,0
3,927,0,0,0,0,0
3,928,0,0,0,0,0
3,929,0,0,0,0,0
3,930,0,0,0,0,0
3,931,0,0,0,0,0
3,932,0,0,0,0,0
3,933,0,0,0,0,0
3,934,0,0,0,0,0
3,935,0,0,0,0,0
3,936,0,0,0,0,0
3,937,0,0,0,0,0
3,938,0,0,0,0,0
3,939,0,0,0,0,0
3,940,0,0,0,0,0
3,941,0,0,0,0,0
3,942,0,0,0,0,0
3,943,0,0,0,0,0
3,944,0,0,0,0,0
3,945,0,0,0,0,0
3,946,0,0,0,0,0
3,947,0,0,0,0,0
3,948,0,0,0,0,0
3,949,0,0,0,0,0
3,950,0,0,0,0,0
3,951,0,0,0,0,0
3,952,0,0,0,0,0
3,953,0,0,0,0,0
3,954,0,0,0,0,0
3,955,0,0,0,0,0
3,956,0,0,0,0,0
3,957,0,0,0,0,0
3,958,0,0,0,0,0
3,959,0,0,0,0,0
3,960,0,0,0,0,0
3,961,0,0,0,0,0
3,962,0,0,0,0,0
3,963,0,0,0,0,0
3,964,0,0,0,0,0
3,965,0,0,0,0,0
3,966,0,0,0,0,0
3,967,0,0,0,0,0
3,968,0,0,0,0,0
3,969,0,0,0,0,0
3,970,0,0,0,0,0
3,971,0,0,0,0,0
3,972,0,0,0,0,0
3,973,0,0,0,0,0
3,974,0,0,0,0,0
3,975,0,0,0,0,0
3,976,0,0,0,0,0
3,977,0,0,0,0,0
3,978,0,0,0,0,0
3,979,0,0,0,0,0
3,980,0,0,0,0,0
3,981,0,0,0,0,0
3,982,0,0,0,0,0
3,983,0,0,0,0,0
3,984,0,0,0,0,0
3,985,0,0,0,0,0
3,986,0,0,0,0,0
3,987,0,0,0,0,0
3,988,0,0,0,0,0
3,989,0,0,0,0,0
3,990,0,0,0,0,0
3,991,0,0,0,0,0
3,992,0,0,0,0,0
3,993,0,0,0,0,0
3,994,0,0,0,0,0
3,995,0,0,0,0,0
3,996,0,0,0,0,0
3,997,0,0,0,0,0
3,998,0,0,0,0,0
3,999,0,0,0,0,0
4,0,0,0,0,0,0
4,1,0,0,0,0,0
4,2,0,0,0,0,0
4,3,0,0,0,0,0
4,4,0,0,0,0,0
4,5,0,0,0,0,0
4,6,0,0,0,0,0
4,7,0,0,0,0,0
4,8,0,0,0,0,0
4,9,0,0,0,0,0
4,10,0,0,0,0,0
4,11,0,0,0,0,0
4,12,0,0,0,0,0
4,13,0,0,0,0,0
4,14,0,0,0,0,0
4,15,0,0,0,0,0
4,16,0,0,0,0,0
4,17,0,0,0,0,0
4,18,0,0,0,0,0
4,19,0,0,0,0,0
4,20,0,0,0,0,0
4,21,0,0,0,0,0
4,22,0,0,0,0,0
4,23,0,0,0,0,0
4,24,0,0,0,0,0
4,25,0,0,0,0,0
4,26,0,0,0,0,0
4,27,0,0,0,0,0
4,28,0,0,0,0,0
4,29,0,0,0,0,0
4,30,0,0,0,0,0
4,31,0,0,0,0,0
4,32,0,0,0,0,0
4,33,0,0,0,0,0
4,34,0,0,0,0,0
4,35,0,0,0,0,0
4,36,0,0,0,0,0
4,37,0,0,0,0,0
4,38,0,0,0,0,0
4,39,0,0,0,0,0
4,40,0,0,0,0,0
4,41,0,0,0,0,0
4,42,0,0,0,0,0
4,43,0,0,0,0,0
4,44,0,0,0,0,0
4,45,0,0,0,0,0
4,46,0,0,0,0,0
4,47,0,0,0,0,0
4,48,0,0,0,0,0
4,49,0,0,0,0,0
4,50,0,0,0,0,0
4,51,0,0,0,0,0
4,52,0,0,0,0,0
4,53,0,0,0,0,0
4,54,0,0,0,0,0
4,55,0,0,0,0,0
4,56,0,0,0,0,0
4,57,0,0,0,0,0
4,58,0,0,0,0,0
4,59,0,0,0,0,0
4,60,0,0,0,0,0
4,61,0,0,0,0,0
4,62,0,0,0,0,0
4,63,0,0,0,0,0
4,64,0,0,0,0,0
4,65,0,0,0,0,0
4,66,0,0,0,0,0
4,67,0,0,0,0,0
4,68,0,0,0,0,0
4,69,0,0,0,0,0
4,70,0,0,0,0,0
4,71,0,0,0,0,0
4,72,0,0,0,0,0
4,73,0,0,0,0,0
4,74,0,0,0,0,0
4,75,0,0,0,0,0
4,76,0,0,0,0,0
4,77,0,0,0,0,0
4,78,0,0,0,0,0
4,79,0,0,0,0,0
4,80,0,0,0,0,0
4,81,0,0,0,0,0
4,82,0,0,0,0,0
4,83,0,0,0,0,0
4,84,0,0,0,0,0
4,85,0,0,0,0,0
4,86,0,0,0,0,0
4,87,0,0,0,0,0
4,88,0,0,0,0,0
4,89,0,0,0,0,0
4,90,0,0,0,0,0
4,91,0,0,0,0,0
4,92,0,0,0,0,0
4,93,0,0,0,0,0
4,94,0,0,0,0,0
4,95,0,0,0,0,0
4,96,0,0,0,0,0
4,97,0,0,0,0,0
4,98,0,0,0,0,0
4,99,0,0,0,0,0
4,100,0,0,0,0,0
4,101,0,0,0,0,0
4,102,0,0,0,0,0
4,103,0,0,0,0,0
4,104,0,0,0,0,0
4,105,0,0,0,0,0
4,106,0,0,0,0,0
4,107,0,0,0,0,0
4,108,0,0,0,0,0
4,109,0,0,0,0,0
4,110,0,0,0,0,0
4,111,0,0,0,0,0
4,112,0,0,0,0,0
4,113,0,0,0,0,0
4,114,0,0,0,0,0
4,115,0,0,0,0,0
4,116,0,0,0,0,0
4,117,0,0,0,0,0
4,118,0,0,0,0,0
4,119,0,0,0,0,0
4,120,0,0,0,0,0
4,121,0,0,0,0,0
4,122,0,0,0,0,0
4,123,0,0,0,0,0
4,124,0,0,0,0,0
4,125,0,0,0,0,0
4,126,0,0,0,0,0
4,127,0,0,0,0,0
4,128,0,0,0,0,0
4,129,0,0,0,0,0
4,130,0,0,0,0,0
4,131,0,0,0,0,0
4,132,0,0,0,0,0
4,133,0,0,0,0,0
4,134,0,0,0,0,0
4,135,0,0,0,0,0
4,136,0,0,0,0,0
4,137,0,0,0,0,0
4,138,0,0,0,0,0
4,139,0,0,0,0,0
4,140,0,0,0,0,0
4,141,0,0,0,0,0
4,142,0,0,0,0,0
4,143,0,0,0,0,0
4,144,0,0,0,0,0
4,145,0,0,0,0,0
4,146,0,0,0,0,0
4,147,0,0,0,0,0
4,148,0,0,0,0,0
4,149,0,0,0,0,0
4,150,0,0,0,0,0
4,151,0,0,0,0,0
4,152,0,0,0,0,0
4,153,0,0,0,0,0
4,154,0,0,0,0,0
4,155,0,0,0,0,0
4,156,0,0,0,0,0
4,157,0,0,0,0,0
4,158,0,0,0,0,0
4,159,0,0,0,0,0
4,160,0,0,0,0,0
4,161,0,0,0,0,0
4,162,0,0,0,0,0
4,163,0,0,0,0,0
4,164,0,0,0,0,0
4,165,0,0,0,0,0
4,166,0,0,0,0,0
4,167,0,0,0,0,0
4,168,0,0,0,0,0
4,169,0,0,0,0,0
4,170,0,0,0,0,0
4,171,0,0,0,0,0
4,172,0,0,0,0,0
4,173,0,0,0,0,0
4,174,0,0,0,0,0
4,175,0,0,0,0,0
4,176,0,0,0,0,0
4,177,0,0,0,0,0
4,178,0,0,0,0,0
4,179,0,0,0,0,0
4,180,0,0,0,0,0
4,181,0,0,0,0,0
4,182,0,0,0,0,0
4,183,0,0,0,0,0
4,184,0,0,0,0,0
4,185,0,0,0,0,0
4,186,0,0,0,0,0
4,187,0,0,0,0,0
4,188,0,0,0,0,0
4,189,0,0,0,0,0
4,190,0,0,0,0,0
4,191,0,0,0,0,0
4,192,0,0,0,0,0
4,193,0,0,0,0,0
4,194,0,0,0,0,0
4,195,0,0,0,0,0
4,196,0,0,0,0,0
4,197,0,0,0,0,0
4,198,0,0,0,0,0
4,199,0,0,0,0,0
4,200,0,0,0,0,0
4,201,0,0,0,0,0
4,202,0,0,0,0,0
4,203,0,0,0,0,0
4,204,0,0,0,0,0
4,205,0,0,0,0,0
4,206,0,0,0,0,0
4,207,0,0,0,0,0
4,208,0,0,0,0,0
4,209,0,0,0,0,0
4,210,0,0,0,0,0
4,211,0,0,0,0,0
4,212,0,0,0,0,0
4,213,0,0,0,0,0
4,214,0,0,0,0,0
4,215,0,0,0,0,0
4,216,0,0,0,0,0
4,217,0,0,0,0,0
4,218,0,0,0,0,0
4,219,0,0,0,0,0
4,220,0,0,0,0,0
4,221,0,0,0,0,0
4,222,0,0,0,0,0
4,223,0,0,0,0,0
4,224,0,0,0,0,0
4,225,0,0,0,0,0
4,226,0,0,0,0,0
4,227,0,0,0,0,0
4,228,0,0,0,0,0
4,229,0,0,0,0,0
4,230,0,0,0,0,0
4,231,0,0,0,0,0
4,232,0,0,0,0,0
4,233,0,0,0,0,0
4,234,0,0,0,0,0
4,235,0,0,0,0,0
4,236,0,0,0,0,0
4,237,0,0,0,0,0
4,238,0,0,0,0,0
4,239,0,0,0,0,0
4,240,0,0,0,0,0
4,241,0,0,0,0,0
4,242,0,0,0,0,0
4,243,0,0,0,0,0
4,244,0,0,0,0,0
4,245,0,0,0,0,0
4,246,0,0,0,0,0
4,247,0,0,0,0,0
4,248,0,0,0,0,0
4,249,0,0,0,0,0
4,250,0,0,0,0,0
4,251,0,0,0,0,0
4,252,0,0,0,0,0
4,253,0,0,0,0,0
4,254,0,0,0,0,0
4,255,0,0,0,0,0
4,256,0,0,0,0,0
4,257,0,0,0,0,0
4,258,0,0,0,0,0
4,259,0,0,0,0,0
4,260,0,0,0,0,0
4,261,0,0,0,0,0
4,262,0,0,0,0,0
4,263,0,0,0,0,0
4,264,0,0,0,0,0
4,265,0,0,0,0,0
4,266,0,0,0,0,0
4,267,0,0,0,0,0
4,268,0,0,0,0,0
4,269,0,0,0,0,0
4,270,0,0,0,0,0
4,271,0,0,0,0,0
4,272,0,0,0,0,0
4,273,0,0,0,0,0
4,274,0,0,0,0,0
4,275,0,0,0,0,0
4,276,0,0,0,0,0
4,277,0,0,0,0,0
4,278,0,0,0,0,0
4,279,0,0,0,0,0
4,280,0,0,0,0,0
4,281,0,0,0,0,0
4,282,0,0,0,0,0
4,283,0,0,0,0,0
4,284,0,0,0,0,0
4,285,0,0,0,0,0
4,286,0,0,0,0,0
4,287,0,0,0,0,0
4,288,0,0,0,0,0
4,289,0,0,0,0,0
4,290,0,0,0,0,0
4,291,0,0,0,0,0
4,292,0,0,0,0,0
4,293,0,0,0,0,0
4,294,0,0,0,0,0
4,295,0,0,0,0,0
4,296,0,0,0,0,0
4,297,0,0,0,0,0
4,298,0,0,0,0,0
4,299,0,0,0,0,0
4,300,0,0,0,0,0
4,301,0,0,0,0,0
4,302,0,0,0,0,0
4,303,0,0,0,0,0
4,304,0,0,0,0,0
4,305,0,0,0,0,0
4,306,0,0,0,0,0
4,307,0,0,0,0,0
4,308,0,0,0,0,0
4,309,0,0,0,0,0
4,310,0,0,0,0,0
4,311,0,0,0,0,0
4,312,0,0,0,0,0
4,313,0,0,0,0,0
4,314,0,0,0,0,0
4,315,0,0,0,0,0
4,316,0,0,0,0,0
4,317,0,0,0,0,0
4,318,0,0,0,0,0
4,319,0,0,0,0,0
4,320,0,0,0,0,0
4,321,0,0,0,0,0
4,322,0,0,0,0,0
4,323,0,0,0,0,0
4,324,0,0,0,0,0
4,325,0,0,0,0,0
4,326,0,0,0,0,0
4,327,0,0,0,0,0
4,328,0,0,0,0,0
4,329,0,0,0,0,0
4,330,0,0,0,0,0
4,331,0,0,0,0,0
4,332,0,0,0,0,0
4,333,0,0,0,0,0
4,334,0,0,0,0,0
4,335,0,0,0,0,0
4,336,0,0,0,0,0
4,337,0,0,0,0,0
4,338,0,0,0,0,0
4,339,0,0,0,0,0
4,340,0,0,0,0,0
4,341,0,0,0,0,0
4,342,0,0,0,0,0
4,343,0,0,0,0,0
4,344,0,0,0,0,0
4,345,0,0,0,0,0
4,346,0,0,0,0,0
4,347,0,0,0,0,0
4,348,0,0,0,0,0
4,349,0,0,0,0,0
4,350,0,0,0,0,0
4,351,0,0,0,0,0
4,352,0,0,0,0,0
4,353,0,0,0,0,0
4,354,0,0,0,0,0
4,355,0,0,0,0,0
4,356,0,0,0,0,0
4,357,0,0,0,0,0
4,358,0,0,0,0,0
4,359,0,0,0,0,0
4,360,0,0,0,0,0
4,361,0,0,0,0,0
4,362,0,0,0,0,0
4,363,0,0,0,0,0
4,364,0,0,0,0,0
4,365,0,0,0,0,0
4,366,0,0,0,0,0
4,367,0,0,0,0,0
4,368,0,0,0,0,0
4,369,0,0,0,0,0
4,370,0,0,0,0,0
4,371,0,0,0,0,0
4,372,0,0,0,0,0
4,373,0,0,0,0,0
4,374,0,0,0,0,0
4,375,0,0,0,0,0
4,376,0,0,0,0,0
4,377,0,0,0,0,0
4,378,0,0,0,0,0
4,379,0,0,0,0,0
4,380,0,0,0,0,0
4,381,0,0,0,0,0
4,382,0,0,0,0,0
4,383,0,0,0,0,0
4,384,0,0,0,0,0
4,385,0,0,0,0,0
4,386,0,0,0,0,0
4,387,0,0,0,0,0
4,388,0,0,0,0,0
4,389,0,0,0,0,0
4,390,0,0,0,0,0
4,391,0,0,0,0,0
4,392,0,0,0,0,0
4,393,0,0,0,0,0
4,394,0,0,0,0,0
4,395,0,0,0,0,0
4,396,0,0,0,0,0
4,397,0,0,0,0,0
4,398,0,0,0,0,0
4,399,0,0,0,0,0
4,400,0,0,0,0,0
4,401,0,0,0,0,0
4,402,0,0,0,0,0
4,403,0,0,0,0,0
4,404,0,0,0,0,0
4,405,0,0,0,0,0
4,406,0,0,0,0,0
4,407,0,0,0,0,0
4,408,0,0,0,0,0
4,409,0,0,0,0,0
4,410,0,0,0,0,0
4,411,0,0,0,0,0
4,412,0,0,0,0,0
4,413,0,0,0,0,0
4,414,0,0,0,0,0
4,415,0,0,0,0,0
4,416,0,0,0,0,0
4,417,0,0,0,0,0
4,418,0,0,0,0,0
4,419,0,0,0,0,0
4,420,0,0,0,0,0
4,421,0,0,0,0,0
4,422,0,0,0,0,0
4,423,0,0,0,0,0
4,424,0,0,0,0,0
4,425,0,0,0,0,0
4,426,0,0,0,0,0
4,427,0,0,0,0,0
4,428,0,0,0,0,0
4,429,0,0,0,0,0
4,430,0,0,0,0,0
4,431,0,0,0,0,0
4,432,0,0,0,0,0
4,433,0,0,0,0,0
4,434,0,0,0,0,0
4,435,0,0,0,0,0
4,436,0,0,0,0,0
4,437,0,0,0,0,0
4,438,0,0,0,0,0
4,439,0,0,0,0,0
4,440,0,0,0,0,0
4,441,0,0,0,0,0
4,442,0,0,0,0,0
4,443,0,0,0,0,0
4,444,0,0,0,0,0
4,445,0,0,0,0,0
4,446,0,0,0,0,0
4,447,0,0,0,0,0
4,448,0,0,0,0,0
4,449,0,0,0,0,0
4,450,0,0,0,0,0
4,451,0,0,0,0,0
4,452,0,0,0,0,0
4,453,0,0,0,0,0
4,454,0,0,0,0,0
4,455,0,0,0,0,0
4,456,0,0,0,0,0
4,457,0,0,0,0,0
4,458,0,0,0,0,0
4,459,0,0,0,0,0
4,460,0,0,0,0,0
4,461,0,0,0,0,0
4,462,0,0,0,0,0
4,463,0,0,0,0,0
4,464,0,0,0,0,0
4,465,0,0,0,0,0
4,466,0,0,0,0,0
4,467,0,0,0,0,0
4,468,0,0,0,0,0
4,469,0,0,0,0,0
4,470,0,0,0,0,0
4,471,0,0,0,0,0
4,472,0,0,0,0,0
4,473,0,0,0,0,0
4,474,0,0,0,0,0
4,475,0,0,0,0,0
4,476,0,0,0,0,0
4,477,0,0,0,0,0
4,478,0,0,0,0,0
4,479,0,0,0,0,0
4,480,0,0,0,0,0
4,481,0,0,0,0,0
4,482,0,0,0,0,0
4,483,0,0,0,0,0
4,484,0,0,0,0,0
4,485,0,0,0,0,0
4,486,0,0,0,0,0
4,487,0,0,0,0,0
4,488,0,0,0,0,0
4,489,0,0,0,0,0
4,490,0,0,0,0,0
4,491,0,0,0,0,0
4,492,0,0,0,0,0
4,493,0,0,0,0,0
4,494,0,0,0,0,0
4,495,0,0,0,0,0
4,496,0,0,0,0,0
4,497,0,0,0,0,0
4,498,0,0,0,0,0
4,499,0,0,0,0,0
4,500,0,0,0,0,0
4,501,0,0,0,0,0
4,502,0,0,0,0,0
4,503,0,0,0,0,0
4,504,0,0,0,0,0
4,505,0,0,0,0,0
4,506,0,0,0,0,0
4,507,0,0,0,0,0
4,508,0,0,0,0,0
4,509,0,0,0,0,0
4,510,0,0,0,0,0
4,511,0,0,0,0,0
4,512,0,0,0,0,0
4,513,0,0,0,0,0
4,514,0,0,0,0,0
4,515,0,0,0,0,0
4,516,0,0,0,0,0
4,517,0,0,0,0,0
4,518,0,0,0,0,0
4,519,0,0,0,0,0
4,520,0,0,0,0,0
4,521,0,0,0,0,0
4,522,0,0,0,0,0
4,523,0,0,0,0,0
4,524,0,0,0,0,0
4,525,0,0,0,0,0
4,526,0,0,0,0,0
4,527,0,0,0,0,0
4,528,0,0,0,0,0
4,529,0,0,0,0,0
4,530,0,0,0,0,0
4,531,0,0,0,0,0
4,532,0,0,0,0,0
4,533,0,0,0,0,0
4,534,0,0,0,0,0
4,535,0,0,0,0,0
4,536,0,0,0,0,0
4,537,0,0,0,0,0
4,538,0,0,0,0,0
4,539,0,0,0,0,0
4,540,0,0,0,0,0
4,541,0,0,0,0,0
4,542,0,0,0,0,0
4,543,0,0,0,0,0
4,544,0,0,0,0,0
4,545,0,0,0,0,0
4,546,0,0,0,0,0
4,547,0,0,0,0,0
4,548,0,0,0,0,0
4,549,0,0,0,0,0
4,550,0,0,0,0,0
4,551,0,0,0,0,0
4,552,0,0,0,0,0
4,553,0,0,0,0,0
4,554,0,0,0,0,0
4,555,0,0,0,0,0
4,556,0,0,0,0,0
4,557,0,0,0,0,0
4,558,0,0,0,0,0
4,559,0,0,0,0,0
4,560,0,0,0,0,0
4,561,0,0,0,0,0
4,562,0,0,0,0,0
4,563,0,0,0,0,0
4,564,0,0,0,0,0
4,565,0,0,0,0,0
4,566,0,0,0,0,0
4,567,0,0,0,0,0
4,568,0,0,0,0,0
4,569,0,0,0,0,0
4,570,0,0,0,0,0
4,571,0,0,0,0,0
4,572,0,0,0,0,0
4,573,0,0,0,0,0
4,574,0,0,0,0,0
4,575,0,0,0,0,0
4,576,0,0,0,0,0
4,577,0,0,0,0,0
4,578,0,0,0,0,0
4,579,0,0,0,0,0
4,580,0,0,0,0,0
4,581,0,0,0,0,0
4,582,0,0,0,0,0
4,583,0,0,0,0,0
4,584,0,0,0,0,0
4,585,0,0,0,0,0
4,586,0,0,0,0,0
4,587,0,0,0,0,0
4,588,0,0,0,0,0
4,589,0,0,0,0,0
4,590,0,0,0,0,0
4,591,0,0,0,0,0
4,592,0,0,0,0,0
4,593,0,0,0,0,0
4,594,0,0,0,0,0
4,595,0,0,0,0,0
4,596,0,0,0,0,0
4,597,0,0,0,0,0
4,598,0,0,0,0,0
4,599,0,0,0,0,0
4,600,0,0,0,0,0
4,601,0,0,0,0,0
4,602,0,0,0,0,0
4,603,0,0,0,0,0
4,604,0,0,0,0,0
4,605,0,0,0,0,0
4,606,0,0,0,0,0
4,607,0,0,0,0,0
4,608,0,0,0,0,0
4,609,0,0,0,0,0
4,610,0,0,0,0,0
4,611,0,0,0,0,0
4,612,0,0,0,0,0
4,613,0,0,0,0,0
4,614,0,0,0,0,0
4,615,0,0,0,0,0
4,616,0,0,0,0,0
4,617,0,0,0,0,0
4,618,0,0,0,0,0
4,619,0,0,0,0,0
4,620,0,0,0,0,0
4,621,0,0,0,0,0
4,622,0,0,0,0,0
4,623,0,0,0,0,0
4,624,0,0,0,0,0
4,625,0,0,0,0,0
4,626,0,0,0,0,0
4,627,0,0,0,0,0
4,628,0,0,0,0,0
4,629,0,0,0,0,0
4,630,0,0,0,0,0
4,631,0,0,0,0,0
4,632,0,0,0,0,0
4,633,0,0,0,0,0
4,634,0,0,0,0,0
4,635,0,0,0,0,0
4,636,0,0,0,0,0
4,637,0,0,0,0,0
4,638,0,0,0,0,0
4,639,0,0,0,0,0
4,640,0,0,0,0,0
4,641,0,0,0,0,0
4,642,0,0,0,0,0
4,643,0,0,0,0,0
4,644,0,0,0,0,0
4,645,0,0,0,0,0
4,646,0,0,0,0,0
4,647,0,0,0,0,0
4,648,0,0,0,0,0
4,649,0,0,0,0,0
4,650,0,0,0,0,0
4,651,0,0,0,0,0
4,652,0,0,0,0,0
4,653,0,0,0,0,0
4,654,0,0,0,0,0
4,655,0,0,0,0,0
4,656,0,0,0,0,0
4,657,0,0,0,0,0
4,658,0,0,0,0,0
4,659,0,0,0,0,0
4,660,0,0,0,0,0
4,661,0,0,0,0,0
4,662,0,0,0,0,0
4,663,0,0,0,0,0
4,664,0,0,0,0,0
4,665,0,0,0,0,0
4,666,0,0,0,0,0
4,667,0,0,0,0,0
4,668,0,0,0,0,0
4,669,0,0,0,0,0
4,670,0,0,0,0,0
4,671,0,0,0,0,0
4,672,0,0,0,0,0
4,673,0,0,0,0,0
4,674,0,0,0,0,0
4,675,0,0,0,0,0
4,676,0,0,0,0,0
4,677,0,0,0,0,0
4,678,0,0,0,0,0
4,679,0,0,0,0,0
4,680,0,0,0,0,0
4,681,0,0,0,0,0
4,682,0,0,0,0,0
4,683,0,0,0,0,0
4,684,0,0,0,0,0
4,685,0,0,0,0,0
4,686,0,0,0,0,0
4,687,0,0,0,0,0
4,688,0,0,0,0,0
4,689,0,0,0,0,0
4,690,0,0,0,0,0
4,691,0,0,0,0,0
4,692,0,0,0,0,0
4,693,0,0,0,0,0
4,694,0,0,0,0,0
4,695,0,0,0,0,0
4,696,0,0,0,0,0
4,697,0,0,0,0,0
4,698,0,0,0,0,0
4,699,0,0,0,0,0
4,700,0,0,0,0,0
4,701,0,0,0,0,0
4,702,0,0,0,0,0
4,703,0,0,0,0,0
4,704,0,0,0,0,0
4,705,0,0,0,0,0
4,706,0,0,0,0,0
4,707,0,0,0,0,0
4,708,0,0,0,0,0
4,709,0,0,0,0,0
4,710,0,0,0,0,0
4,711,0,0,0,0,0
4,712,0,0,0,0,0
4,713,0,0,0,0,0
4,714,0,0,0,0,0
4,715,0,0,0,0,0
4,716,0,0,0,0,0
4,717,0,0,0,0,0
4,718,0,0,0,0,0
4,719,0,0,0,0,0
4,720,0,0,0,0,0
4,721,0,0,0,0,0
4,722,0,0,0,0,0
4,723,0,0,0,0,0
4,724,0,0,0,0,0
4,725,0,0,0,0,0
4,726,0,0,0,0,0
4,727,0,0,0,0,0
4,728,0,0,0,0,0
4,729,0,0,0,0,0
4,730,0,0,0,0,0
4,731,0,0,0,0,0
4,732,0,0,0,0,0
4,733,0,0,0,0,0
4,734,0,0,0,0,0
4,735,0,0,0,0,0
4,736,0,0,0,0,0
4,737,0,0,0,0,0
4,738,0,0,0,0,0
4,739,0,0,0,0,0
4,740,0,0,0,0,0
4,741,0,0,0,0,0
4,742,0,0,0,0,0
4,743,0,0,0,0,0
4,744,0,0,0,0,0
4,745,0,0,0,0,0
4,746,0,0,0,0,0
4,747,0,0,0,0,0
4,748,0,0,0,0,0
4,749,0,0,0,0,0
4,750,0,0,0,0,0
4,751,0,0,0,0,0
4,752,0,0,0,0,0
4,753,0,0,0,0,0
4,754,0,0,0,0,0
4,755,0,0,0,0,0
4,756,0,0,0,0,0
4,757,0,0,0,0,0
4,758,0,0,0,0,0
4,759,0,0,0,0,0
4,760,0,0,0,0,0
4,761,0,0,0,0,0
4,762,0,0,0,0,0
4,763,0,0,0,0,0
4,764,0,0,0,0,0
4,765,0,0,0,0,0
4,766,0,0,0,0,0
4,767,0,0,0,0,0
4,768,0,0,0,0,0
4,769,0,0,0,0,0
4,770,0,0,0,0,0
4,771,0,0,0,0,0
4,772,0,0,0,0,0
4,773,0,0,0,0,0
4,774,0,0,0,0,0
4,775,0,0,0,0,0
4,776,0,0,0,0,0
4,777,0,0,0,0,0
4,778,0,0,0,0,0
4,779,0,0,0,0,0
4,780,0,0,0,0,0
4,781,0,0,0,0,0
4,782,0,0,0,0,0
4,783,0,0,0,0,0
4,784,0,0,0,0,0
4,785,0,0,0,0,0
4,786,0,0,0,0,0
4,787,0,0,0,0,0
4,788,0,0,0,0,0
4,789,0,0,0,0,0
4,790,0,0,0,0,0
4,791,0,0,0,0,0
4,792,0,0,0,0,0
4,793,0,0,0,0,0
4,794,0,0,0,0,0
4,795,0,0,0,0,0
4,796,0,0,0,0,0
4,797,0,0,0,0,0
4,798,0,0,0,0,0
4,799,0,0,0,0,0
4,800,0,0,0,0,0
4,801,0,0,0,0,0
4,802,0,0,0,0,0
4,803,0,0,0,0,0
4,804,0,0,0,0,0
4,805,0,0,0,0,0
4,806,0,0,0,0,0
4,807,0,0,0,0,0
4,808,0,0,0,0,0
4,809,0,0,0,0,0
4,810,0,0,0,0,0
4,811,0,0,0,0,0
4,812,0,0,0,0,0
4,813,0,0,0,0,0
4,814,0,0,0,0,0
4,815,0,0,0,0,0
4,816,0,0,0,0,0
4,817,0,0,0,0,0
4,818,0,0,0,0,0
4,819,0,0,0,0,0
4,820,0,0,0,0,0
4,821,0,0,0,0,0
4,822,0,0,0,0,0
4,823,0,0,0,0,0
4,824,0,0,0,0,0
4,825,0,0,0,0,0
4,826,0,0,0,0,0
4,827,0,0,0,0,0
4,828,0,0,0,0,0
4,829,0,0,0,0,0
4,830,0,0,0,0,0
4,831,0,0,0,0,0
4,832,0,0,0,0,0
4,833,0,0,0,0,0
4,834,0,0,0,0,0
4,835,0,0,0,0,0
4,836,0,0,0,0,0
4,837,0,0,0,0,0
4,838,0,0,0,0,0
4,839,0,0,0,0,0
4,840,0,0,0,0,0
4,841,0,0,0,0,0
4,842,0,0,0,0,0
4,843,0,0,0,0,0
4,844,0,0,0,0,0
4,845,0,0,0,0,0
4,846,0,0,0,0,0
4,847,0,0,0,0,0
4,848,0,0,0,0,0
4,849,0,0,0,0,0
4,850,0,0,0,0,0
4,851,0,0,0,0,0
4,852,0,0,0,0,0
4,853,0,0,0,0,0
4,854,0,0,0,0,0
4,855,0,0,0,0,0
4,856,0,0,0,0,0
4,857,0,0,0,0,0
4,858,0,0,0,0,0
4,859,0,0,0,0,0
4,860,0,0,0,0,0
4,861,0,0,0,0,0
4,862,0,0,0,0,0
4,863,0,0,0,0,0
4,864,0,0,0,0,0
4,865,0,0,0,0,0
4,866,0,0,0,0,0
4,867,0,0,0,0,0
4,868,0,0,0,0,0
4,869,0,0,0,0,0
4,870,0,0,0,0,0
4,871,0,0,0,0,0
4,872,0,0,0,0,0
4,873,0,0,0,0,0
4,874,0,0,0,0,0
4,875,0,0,0,0,0
4,876,0,0,0,0,0
4,877,0,0,0,0,0
4,878,0,0,0,0,0
4,879,0,0,0,0,0
4,880,0,0,0,0,0
4,881,0,0,0,0,0
4,882,0,0,0,0,0
4,883,0,0,0,0,0
4,884,0,0,0,0,0
4,885,0,0,0,0,0
4,886,0,0,0,0,0
4,887,0,0,0,0,0
4,888,0,0,0,0,0
4,889,0,0,0,0,0
4,890,0,0,0,0,0
4,891,0,0,0,0,0
4,892,0,0,0,0,0
4,893,0,0,0,0,0
4,894,0,0,0,0,0
4,895,0,0,0,0,0
4,896,0,0,0,0,0
4,897,0,0,0,0,0
4,898,0,0,0,0,0
4,899,0,0,0,0,0
4,900,0,0,0,0,0
4,901,0,0,0,0,0
4,902,0,0,0,0,0
4,903,0,0,0,0,0
4,904,0,0,0,0,0
4,905,0,0,0,0,0
4,906,0,0,0,0,0
4,907,0,0,0,0,0
4,908,0,0,0,0,0
4,909,0,0,0,0,0
4,910,0,0,0,0,0
4,911,0,0,0,0,0
4,912,0,0,0,0,0
4,913,0,0,0,0,0
4,914,0,0,0,0,0
4,915,0,0,0,0,0
4,916,0,0,0,0,0
4,917,0,0,0,0,0
4,918,0,0,0,0,0
4,919,0,0,0,0,0
4,920,0,0,0,0,0
4,921,0,0,0,0,0
4,922,0,0,0,0,0
4,923,0,0,0,0,0
4,924,0,0,0,0,0
4,925,0,0,0,0,0
4,926,0,0,0,0,0
4,927,0,0,0,0,0
4,928,0,0,0,0,0
4,929,0,0,0,0,0
4,930,0,0,0,0,0
4,931,0,0,0,0,0
4,932,0,0,0,0,0
4,933,0,0,0,0,0
4,934,0,0,0,0,0
4,935,0,0,0,0,0
4,936,0,0,0,0,0
4,937,0,0,0,0,0
4,938,0,0,0,0,0
4,939,0,0,0,0,0
4,940,0,0,0,0,0
4,941,0,0,0,0,0
4,942,0,0,0,0,0
4,943,0,0,0,0,0
4,944,0,0,0,0,0
4,945,0,0,0,0,0
4,946,0,0,0,0,0
4,947,0,0,0,0,0
4,948,0,0,0,0,0
4,949,0,0,0,0,0
4,950,0,0,0,0,0
4,951,0,0,0,0,0
4,952,0,0,0,0,0
4,953,0,0,0,0,0
4,954,0,0,0,0,0
4,955,0,0,0,0,0
4,956,0,0,0,0,0
4,957,0,0,0,0,0
4,958,0,0,0,0,0
4,959,0,0,0,0,0
4,960,0,0,0,0,0
4,961,0,0,0,0,0
4,962,0,0,0,0,0
4,963,0,0,0,0,0
4,964,0,0,0,0,0
4,965,0,0,0,0,0
4,966,0,0,0,0,0
4,967,0,0,0,0,0
4,968,0,0,0,0,0
4,969,0,0,0,0,0
4,970,0,0,0,0,0
4,971,0,0,0,0,0
4,972,0,0,0,0,0
4,973,0,0,0,0,0
4,974,0,0,0,0,0
4,975,0,0,0,0,0
4,976,0,0,0,0,0
4,977,0,0,0,0,0
4,978,0,0,0,0,0
4,979,0,0,0,0,0
4,980,0,0,0,0,0
4,981,0,0,0,0,0
4,982,0,0,0,0,0
4,983,0,0,0,0,0
4,984,0,0,0,0,0
4,985,0,0,0,0,0
4,986,0,0,0,0,0
4,987,0,0,0,0,0
4,988,0,0,0,0,0
4,989,0,0,0,0,0
4,990,0,0,0,0,0
4,991,0,0,0,0,0
4,992,0,0,0,0,0
4,993,0,0,0,0,0
4,994,0,0,0,0,0
4,995,0,0,0,0,0
4,996,0,0,0,0,0
4,997,0,0,0,0,0
4,998,0,0,0,0,0
4,999,0,0,0,0,0
5,0,0,0,0,0,0
5,1,0,0,0,0,0
5,2,0,0,0,0,0
5,3,0,0,0,0,0
5,4,0,0,0,0,0
5,5,0,0,0,0,0
5,6,0,0,0,0,0
5,7,0,0,0,0,0
5,8,0,0,0,0,0
5,9,0,0,0,0,0
5,10,0,0,0,0,0
5,11,0,0,0,0,0
5,12,0,0,0,0,0
5,13,0,0,0,0,0
5,14,0,0,0,0,0
5,15,0,0,0,0,0
5,16,0,0,0,0,0
5,17,0,0,0,0,0
5,18,0,0,0,0,0
5,19,0,0,0,0,0
5,20,0,0,0,0,0
5,21,0,0,0,0,0
5,22,0,0,0,0,0
5,23,0,0,0,0,0
5,24,0,0,0,0,0
5,25,0,0,0,0,0
5,26,0,0,0,0,0
5,27,0,0,0,0,0
5,28,0,0,0,0,0
5,29,0,0,0,0,0
5,30,0,0,0,0,0
5,31,0,0,0,0,0
5,32,0,0,0,0,0
5,33,0,0,0,0,0
5,34,0,0,0,0,0
5,35,0,0,0,0,0
5,36,0,0,0,0,0
5,37,0,0,0,0,0
5,38,0,0,0,0,0
5,39,0,0,0,0,0
5,40,0,0,0,0,0
5,41,0,0,0,0,0
5,42,0,0,0,0,0
5,43,0,0,0,0,0
5,44,0,0,0,0,0
5,45,0,0,0,0,0
5,46,0,0,0,0,0
5,47,0,0,0,0,0
5,48,0,0,0,0,0
5,49,0,0,0,0,0
5,50,0,0,0,0,0
5,51,0,0,0,0,0
5,52,0,0,0,0,0
5,53,0,0,0,0,0
5,54,0,0,0,0,0
5,55,0,0,0,0,0
5,56,0,0,0,0,0
5,57,0,0,0,0,0
5,58,0,0,0,0,0
5,59,0,0,0,0,0
5,60,0,0,0,0,0
5,61,0,0,0,0,0
5,62,0,0,0,0,0
5,63,0,0,0,0,0
5,64,0,0,0,0,0
5,65,0,0,0,0,0
5,66,0,0,0,0,0
5,67,0,0,0,0,0
5,68,0,0,0,0,0
5,69,0,0,0,0,0
5,70,0,0,0,0,0
5,71,0,0,0,0,0
5,72,0,0,0,0,0
5,73,0,0,0,0,0
5,74,0,0,0,0,0
5,75,0,0,0,0,0
5,76,0,0,0,0,0
5,77,0,0,0,0,0
5,78,0,0,0,0,0
5,79,0,0,0,0,0
5,80,0,0,0,0,0
5,81,0,0,0,0,0
5,82,0,0,0,0,0
5,83,0,0,0,0,0
5,84,0,0,0,0,0
5,85,0,0,0,0,0
5,86,0,0,0,0,0
5,87,0,0,0,0,0
5,88,0,0,0,0,0
5,89,0,0,0,0,0
5,90,0,0,0,0,0
5,91,0,0,0,0,0
5,92,0,0,0,0,0
5,93,0,0,0,0,0
5,94,0,0,0,0,0
5,95,0,0,0,0,0
5,96,0,0,0,0,0
5,97,0,0,0,0,0
5,98,0,0,0,0,0
5,99,0,0,0,0,0
5,100,0,0,0,0,0
5,101,0,0,0,0,0
5,102,0,0,0,0,0
5,103,0,0,0,0,0
5,104,0,0,0,0,0
5,105,0,0,0,0,0
5,106,0,0,0,0,0
5,107,0,0,0,0,0
5,108,0,0,0,0,0
5,109,0,0,0,0,0
5,110,0,0,0,0,0
5,111,0,0,0,0,0
5,112,0,0,0,0,0
5,113,0,0,0,0,0
5,114,0,0,0,0,0
5,115,0,0,0,0,0
5,116,0,0,0,0,0
5,117,0,0,0,0,0
5,118,0,0,0,0,0
5,119,0,0,0,0,0
5,120,0,0,0,0,0
5,121,0,0,0,0,0
5,122,0,0,0,0,0
5,123,0,0,0,0,0
5,124,0,0,0,0,0
5,125,0,0,0,0,0
5,126,0,0,0,0,0
5,127,0,0,0,0,0
5,128,0,0,0,0,0
5,129,0,0,0,0,0
5,130,0,0,0,0,0
5,131,0,0,0,0,0
5,132,0,0,0,0,0
5,133,0,0,0,0,0
5,134,0,0,0,0,0
5,135,0,0,0,0,0
5,136,0,0,0,0,0
5,137,0,0,0,0,0
5,138,0,0,0,0,0
5,139,0,0,0,0,0
5,140,0,0,0,0,0
5,141,0,0,0,0,0
5,142,0,0,0,0,0
5,143,0,0,0,0,0
5,144,0,0,0,0,0
5,145,0,0,0,0,0
5,146,0,0,0,0,0
5,147,0,0,0,0,0
5,148,0,0,0,0,0
5,149,0,0,0,0,0
5,150,0,0,0,0,0
5,151,0,0,0,0,0
5,152,0,0,0,0,0
5,153,0,0,0,0,0
5,154,0,0,0,0,0
5,155,0,0,0,0,0
5,156,0,0,0,0,0
5,157,0,0,0,0,0
5,158,0,0,0,0,0
5,159,0,0,0,0,0
5,160,0,0,0,0,0
5,161,0,0,0,0,0
5,162,0,0,0,0,0
5,163,0,0,0,0,0
5,164,0,0,0,0,0
5,165,0,0,0,0,0
5,166,0,0,0,0,0
5,167,0,0,0,0,0
5,168,0,0,0,0,0
5,169,0,0,0,0,0
5,170,0,0,0,0,0
5,171,0,0,0,0,0
5,172,0,0,0,0,0
5,173,0,0,0,0,0
5,174,0,0,0,0,0
5,175,0,0,0,0,0
5,176,0,0,0,0,0
5,177,0,0,0,0,0
5,178,0,0,0,0,0
5,179,0,0,0,0,0
5,180,0,0,0,0,0
5,181,0,0,0,0,0
5,182,0,0,0,0,0
5,183,0,0,0,0,0
5,184,0,0,0,0,0
5,185,0,0,0,0,0
5,186,0,0,0,0,0
5,187,0,0,0,0,0
5,188,0,0,0,0,0
5,189,0,0,0,0,0
5,190,0,0,0,0,0
5,191,0,0,0,0,0
5,192,0,0,0,0,0
5,193,0,0,0,0,0
5,194,0,0,0,0,0
5,195,0,0,0,0,0
5,196,0,0,0,0,0
5,197,0,0,0,0,0
5,198,0,0,0,0,0
5,199,0,0,0,0,0
5,200,0,0,0,0,0
5,201,0,0,0,0,0
5,202,0,0,0,0,0
5,203,0,0,0,0,0
5,204,0,0,0,0,0
5,205,0,0,0,0,0
5,206,0,0,0,0,0
5,207,0,0,0,0,0
5,208,0,0,0,0,0
5,209,0,0,0,0,0
5,210,0,0,0,0,0
5,211,0,0,0,0,0
5,212,0,0,0,0,0
5,213,0,0,0,0,0
5,214,0,0,0,0,0
5,215,0,0,0,0,0
5,216,0,0,0,0,0
5,217,0,0,0,0,0
5,218,0,0,0,0,0
5,219,0,0,0,0,0
5,220,0,0,0,0,0
5,221,0,0,0,0,0
5,222,0,0,0,0,0
5,223,0,0,0,0,0
5,224,0,0,0,0,0
5,225,0,0,0,0,0
5,226,0,0,0,0,0
5,227,0,0,0,0,0
5,228,0,0,0,0,0
5,229,0,0,0,0,0
5,230,0,0,0,0,0
5,231,0,0,0,0,0
5,232,0,0,0,0,0
5,233,0,0,0,0,0
5,234,0,0,0,0,0
5,235,0,0,0,0,0
5,236,0,0,0,0,0
5,237,0,0,0,0,0
5,238,0,0,0,0,0
5,239,0,0,0,0,0
5,240,0,0,0,0,0
5,241,0,0,0,0,0
5,242,0,0,0,0,0
5,243,0,0,0,0,0
5,244,0,0,0,0,0
5,245,0,0,0,0,0
5,246,0,0,0,0,0
5,247,0,0,0,0,0
5,248,0,0,0,0,0
5,249,0,0,0,0,0
5,250,0,0,0,0,0
5,251,0,0,0,0,0
5,252,0,0,0,0,0
5,253,0,0,0,0,0
5,254,0,0,0,0,0
5,255,0,0,0,0,0
5,256,0,0,0,0,0
5,257,0,0,0,0,0
5,258,0,0,0,0,0
5,259,0,0,0,0,0
5,260,0,0,0,0,0
5,261,0,0,0,0,0
5,262,0,0,0,0,0
5,263,0,0,0,0,0
5,264,0,0,0,0,0
5,265,0,0,0,0,0
5,266,0,0,0,0,0
5,267,0,0,0,0,0
5,268,0,0,0,0,0
5,269,0,0,0,0,0
5,270,0,0,0,0,0
5,271,0,0,0,0,0
5,272,0,0,0,0,0
5,273,0,0,0,0,0
5,274,0,0,0,0,0
5,275,0,0,0,0,0
5,276,0,0,0,0,0
5,277,0,0,0,0,0
5,278,0,0,0,0,0
5,279,0,0,0,0,0
5,280,0,0,0,0,0
5,281,0,0,0,0,0
5,282,0,0,0,0,0
5,283,0,0,0,0,0
5,284,0,0,0,0,0
5,285,0,0,0,0,0
5,286,0,0,0,0,0
5,287,0,0,0,0,0
5,288,0,0,0,0,0
5,289,0,0,0,0,0
5,290,0,0,0,0,0
5,291,0,0,0,0,0
5,292,0,0,0,0,0
5,293,0,0,0,0,0
5,294,0,0,0,0,0
5,295,0,0,0,0,0
5,296,0,0,0,0,0
5,297,0,0,0,0,0
5,298,0,0,0,0,0
5,299,0,0,0,0,0
5,300,0,0,0,0,0
5,301,0,0,0,0,0
5,302,0,0,0,0,0
5,303,0,0,0,0,0
5,304,0,0,0,0,0
5,305,0,0,0,0,0
5,306,0,0,0,0,0
5,307,0,0,0,0,0
5,308,0,0,0,0,0
5,309,0,0,0,0,0
5,310,0,0,0,0,0
5,311,0,0,0,0,0
5,312,0,0,0,0,0
5,313,0,0,0,0,0
5,314,0,0,0,0,0
5,315,0,0,0,0,0
5,316,0,0,0,0,0
5,317,0,0,0,0,0
5,318,0,0,0,0,0
5,319,0,0,0,0,0
5,320,0,0,0,0,0
5,321,0,0,0,0,0
5,322,0,0,0,0,0
5,323,0,0,0,0,0
5,324,0,0,0,0,0
5,325,0,0,0,0,0
5,326,0,0,0,0,0
5,327,0,0,0,0,0
5,328,0,0,0,0,0
5,329,0,0,0,0,0
5,330,0,0,0,0,0
5,331,0,0,0,0,0
5,332,0,0,0,0,0
5,333,0,0,0,0,0
5,334,0,0,0,0,0
5,335,0,0,0,0,0
5,336,0,0,0,0,0
5,337,0,0,0,0,0
5,338,0,0,0,0,0
5,339,0,0,0,0,0
5,340,0,0,0,0,0
5,341,0,0,0,0,0
5,342,0,0,0,0,0
5,343,0,0,0,0,0
5,344,0,0,0,0,0
5,345,0,0,0,0,0
5,346,0,0,0,0,0
5,347,0,0,0,0,0
5,348,0,0,0,0,0
5,349,0,0,0,0,0
5,350,0,0,0,0,0
5,351,0,0,0,0,0
5,352,0,0,0,0,0
5,353,0,0,0,0,0
5,354,0,0,0,0,0
5,355,0,0,0,0,0
5,356,0,0,0,0,0
5,357,0,0,0,0,0
5,358,0,0,0,0,0
5,359,0,0,0,0,0
5,360,0,0,0,0,0
5,361,0,0,0,0,0
5,362,0,0,0,0,0
5,363,0,0,0,0,0
5,364,0,0,0,0,0
5,365,0,0,0,0,0
5,366,0,0,0,0,0
5,367,0,0,0,0,0
5,368,0,0,0,0,0
5,369,0,0,0,0,0
5,370,0,0,0,0,0
5,371,0,0,0,0,0
5,372,0,0,0,0,0
5,373,0,0,0,0,0
5,374,0,0,0,0,0
5,375,0,0,0,0,0
5,376,0,0,0,0,0
5,377,0,0,0,0,0
5,378,0,0,0,0,0
5,379,0,0,0,0,0
5,380,0,0,0,0,0
5,381,0,0,0,0,0
5,382,0,0,0,0,0
5,383,0,0,0,0,0
5,384,0,0,0,0,0
5,385,0,0,0,0,0
5,386,0,0,0,0,0
5,387,0,0,0,0,0
5,388,0,0,0,0,0
5,389,0,0,0,0,0
5,390,0,0,0,0,0
5,391,0,0,0,0,0
5,392,0,0,0,0,0
5,393,0,0,0,0,0
5,394,0,0,0,0,0
5,395,0,0,0,0,0
5,396,0,0,0,0,0
5,397,0,0,0,0,0
5,398,0,0,0,0,0
5,399,0,0,0,0,0
5,400,0,0,0,0,0
5,401,0,0,0,0,0
5,402,0,0,0,0,0
5,403,0,0,0,0,0
5,404,0,0,0,0,0
5,405,0,0,0,0,0
5,406,0,0,0,0,0
5,407,0,0,0,0,0
5,408,0,0,0,0,0
5,409,0,0,0,0,0
5,410,0,0,0,0,0
5,411,0,0,0,0,0
5,412,0,0,0,0,0
5,413,0,0,0,0,0
5,414,0,0,0,0,0
5,415,0,0,0,0,0
5,416,0,0,0,0,0
5,417,0,0,0,0,0
5,418,0,0,0,0,0
5,419,0,0,0,0,0
5,420,0,0,0,0,0
5,421,0,0,0,0,0
5,422,0,0,0,0,0
5,423,0,0,0,0,0
5,424,0,0,0,0,0
5,425,0,0,0,0,0
5,426,0,0,0,0,0
5,427,0,0,0,0,0
5,428,0,0,0,0,0
5,429,0,0,0,0,0
5,430,0,0,0,0,0
5,431,0,0,0,0,0
5,432,0,0,0,0,0
5,433,0,0,0,0,0
5,434,0,0,0,0,0
5,435,0,0,0,0,0
5,436,0,0,0,0,0
5,437,0,0,0,0,0
5,438,0,0,0,0,0
5,439,0,0,0,0,0
5,440,0,0,0,0,0
5,441,0,0,0,0,0
5,442,0,0,0,0,0
5,443,0,0,0,0,0
5,444,0,0,0,0,0
5,445,0,0,0,0,0
5,446,0,0,0,0,0
5,447,0,0,0,0,0
5,448,0,0,0,0,0
5,449,0,0,0,0,0
5,450,0,0,0,0,0
5,451,0,0,0,0,0
5,452,0,0,0,0,0
5,453,0,0,0,0,0
5,454,0,0,0,0,0
5,455,0,0,0,0,0
5,456,0,0,0,0,0
5,457,0,0,0,0,0
5,458,0,0,0,0,0
5,459,0,0,0,0,0
5,460,0,0,0,0,0
5,461,0,0,0,0,0
5,462,0,0,0,0,0
5,463,0,0,0,0,0
5,464,0,0,0,0,0
5,465,0,0,0,0,0
5,466,0,0,0,0,0
5,467,0,0,0,0,0
5,468,0,0,0,0,0
5,469,0,0,0,0,0
5,470,0,0,0,0,0
5,471,0,0,0,0,0
5,472,0,0,0,0,0
5,473,0,0,0,0,0
5,474,0,0,0,0,0
5,475,0,0,0,0,0
5,476,0,0,0,0,0
5,477,0,0,0,0,0
5,478,0,0,0,0,0
5,479,0,0,0,0,0
5,480,0,0,0,0,0
5,481,0,0,0,0,0
5,482,0,0,0,0,0
5,483,0,0,0,0,0
5,484,0,0,0,0,0
5,485,0,0,0,0,0
5,486,0,0,0,0,0
5,487,0,0,0,0,0
5,488,0,0,0,0,0
5,489,0,0,0,0,0
5,490,0,0,0,0,0
5,491,0,0,0,0,0
5,492,0,0,0,0,0
5,493,0,0,0,0,0
5,494,0,0,0,0,0
5,495,0,0,0,0,0
5,496,0,0,0,0,0
5,497,0,0,0,0,0
5,498,0,0,0,0,0
5,499,0,0,0,0,0
5,500,0,0,0,0,0
5,501,0,0,0,0,0
5,502,0,0,0,0,0
5,503,0,0,0,0,0
5,504,0,0,0,0,0
5,505,0,0,0,0,0
5,506,0,0,0,0,0
5,507,0,0,0,0,0
5,508,0,0,0,0,0
5,509,0,0,0,0,0
5,510,0,0,0,0,0
5,511,0,0,0,0,0
5,512,0,0,0,0,0
5,513,0,0,0,0,0
5,514,0,0,0,0,0
5,515,0,0,0,0,0
5,516,0,0,0,0,0
5,517,0,0,0,0,0
5,518,0,0,0,0,0
5,519,0,0,0,0,0
5,520,0,0,0,0,0
5,521,0,0,0,0,0
5,522,0,0,0,0,0
5,523,0,0,0,0,0
5,524,0,0,0,0,0
5,525,0,0,0,0,0
5,526,0,0,0,0,0
5,527,0,0,0,0,0
5,528,0,0,0,0,0
5,529,0,0,0,0,0
5,530,0,0,0,0,0
5,531,0,0,0,0,0
5,532,0,0,0,0,0
5,533,0,0,0,0,0
5,534,0,0,0,0,0
5,535,0,0,0,0,0
5,536,0,0,0,0,0
5,537,0,0,0,0,0
5,538,0,0,0,0,0
5,539,0,0,0,0,0
5,540,0,0,0,0,0
5,541,0,0,0,0,0
5,542,0,0,0,0,0
5,543,0,0,0,0,0
5,544,0,0,0,0,0
5,545,0,0,0,0,0
5,546,0,0,0,0,0
5,547,0,0,0,0,0
5,548,0,0,0,0,0
5,549,0,0,0,0,0
5,550,0,0,0,0,0
5,551,0,0,0,0,0
5,552,0,0,0,0,0
5,553,0,0,0,0,0
5,554,0,0,0,0,0
5,555,0,0,0,0,0
5,556,0,0,0,0,0
5,557,0,0,0,0,0
5,558,0,0,0,0,0
5,559,0,0,0,0,0
5,560,0,0,0,0,0
5,561,0,0,0,0,0
5,562,0,0,0,0,0
5,563,0,0,0,0,0
5,564,0,0,0,0,0
5,565,0,0,0,0,0
5,566,0,0,0,0,0
5,567,0,0,0,0,0
5,568,0,0,0,0,0
5,569,0,0,0,0,0
5,570,0,0,0,0,0
5,571,0,0,0,0,0
5,572,0,0,0,0,0
5,573,0,0,0,0,0
5,574,0,0,0,0,0
5,575,0,0,0,0,0
5,576,0,0,0,0,0
5,577,0,0,0,0,0
5,578,0,0,0,0,0
5,579,0,0,0,0,0
5,580,0,0,0,0,0
5,581,0,0,0,0,0
5,582,0,0,0,0,0
5,583,0,0,0,0,0
5,584,0,0,0,0,0
5,585,0,0,0,0,0
5,586,0,0,0,0,0
5,587,0,0,0,0,0
5,588,0,0,0,0,0
5,589,0,0,0,0,0
5,590,0,0,0,0,0
5,591,0,0,0,0,0
5,592,0,0,0,0,0
5,593,0,0,0,0,0
5,594,0,0,0,0,0
5,595,0,0,0,0,0
5,596,0,0,0,0,0
5,597,0,0,0,0,0
5,598,0,0,0,0,0
5,599,0,0,0,0,0
5,600,0,0,0,0,0
5,601,0,0,0,0,0
5,602,0,0,0,0,0
5,603,0,0,0,0,0
5,604,0,0,0,0,0
5,605,0,0,0,0,0
5,606,0,0,0,0,0
5,607,0,0,0,0,0
5,608,0,0,0,0,0
5,609,0,0,0,0,0
5,610,0,0,0,0,0
5,611,0,0,0,0,0
5,612,0,0,0,0,0
5,613,0,0,0,0,0
5,614,0,0,0,0,0
5,615,0,0,0,0,0
5,616,0,0,0,0,0
5,617,0,0,0,0,0
5,618,0,0,0,0,0
5,619,0,0,0,0,0
5,620,0,0,0,0,0
5,621,0,0,0,0,0
5,622,0,0,0,0,0
5,623,0,0,0,0,0
5,624,0,0,0,0,0
5,625,0,0,0,0,0
5,626,0,0,0,0,0
5,627,0,0,0,0,0
5,628,0,0,0,0,0
5,629,0,0,0,0,0
5,630,0,0,0,0,0
5,631,0,0,0,0,0
5,632,0,0,0,0,0
5,633,0,0,0,0,0
5,634,0,0,0,0,0
5,635,0,0,0,0,0
5,636,0,0,0,0,0
5,637,0,0,0,0,0
5,638,0,0,0,0,0
5,639,0,0,0,0,0
5,640,0,0,0,0,0
5,641,0,0,0,0,0
5,642,0,0,0,0,0
5,643,0,0,0,0,0
5,644,0,0,0,0,0
5,645,0,0,0,0,0
5,646,0,0,0,0,0
5,647,0,0,0,0,0
5,648,0,0,0,0,0
5,649,0,0,0,0,0
5,650,0,0,0,0,0
5,651,0,0,0,0,0
5,652,0,0,0,0,0
5,653,0,0,0,0,0
5,654,0,0,0,0,0
5,655,0,0,0,0,0
5,656,0,0,0,0,0
5,657,0,0,0,0,0
5,658,0,0,0,0,0
5,659,0,0,0,0,0
5,660,0,0,0,0,0
5,661,0,0,0,0,0
5,662,0,0,0,0,0
5,663,0,0,0,0,0
5,664,0,0,0,0,0
5,665,0,0,0,0,0
5,666,0,0,0,0,0
5,667,0,0,0,0,0
5,668,0,0,0,0,0
5,669,0,0,0,0,0
5,670,0,0,0,0,0
5,671,0,0,0,0,0
5,672,0,0,0,0,0
5,673,0,0,0,0,0
5,674,0,0,0,0,0
5,675,0,0,0,0,0
5,676,0,0,0,0,0
5,677,0,0,0,0,0
5,678,0,0,0,0,0
5,679,0,0,0,0,0
5,680,0,0,0,0,0
5,681,0,0,0,0,0
5,682,0,0,0,0,0
5,683,0,0,0,0,0
5,684,0,0,0,0,0
5,685,0,0,0,0,0
5,686,0,0,0,0,0
5,687,0,0,0,0,0
5,688,0,0,0,0,0
5,689,0,0,0,0,0
5,690,0,0,0,0,0
5,691,0,0,0,0,0
5,692,0,0,0,0,0
5,693,0,0,0,0,0
5,694,0,0,0,0,0
5,695,0,0,0,0,0
5,696,0,0,0,0,0
5,697,0,0,0,0,0
5,698,0,0,0,0,0
5,699,0,0,0,0,0
5,700,0,0,0,0,0
5,701,0,0,0,0,0
5,702,0,0,0,0,0
5,703,0,0,0,0,0
5,704,0,0,0,0,0
5,705,0,0,0,0,0
5,706,0,0,0,0,0
5,707,0,0,0,0,0
5,708,0,0,0,0,0
5,709,0,0,0,0,0
5,710,0,0,0,0,0
5,711,0,0,0,0,0
5,712,0,0,0,0,0
5,713,0,0,0,0,0
5,714,0,0,0,0,0
5,715,0,0,0,0,0
5,716,0,0,0,0,0
5,717,0,0,0,0,0
5,718,0,0,0,0,0
5,719,0,0,0,0,0
5,720,0,0,0,0,0
5,721,0,0,0,0,0
5,722,0,0,0,0,0
5,723,0,0,0,0,0
5,724,0,0,0,0,0
5,725,0,0,0,0,0
5,726,0,0,0,0,0
5,727,0,0,0,0,0
5,728,0,0,0,0,0
5,729,0,0,0,0,0
5,730,0,0,0,0,0
5,731,0,0,0,0,0
5,732,0,0,0,0,0
5,733,0,0,0,0,0
5,734,0,0,0,0,0
5,735,0,0,0,0,0
5,736,0,0,0,0,0
5,737,0,0,0,0,0
5,738,0,0,0,0,0
5,739,0,0,0,0,0
5,740,0,0,0,0,0
5,741,0,0,0,0,0
5,742,0,0,0,0,0
5,743,0,0,0,0,0
5,744,0,0,0,0,0
5,745,0,0,0,0,0
5,746,0,0,0,0,0
5,747,0,0,0,0,0
5,748,0,0,0,0,0
5,749,0,0,0,0,0
5,750,0,0,0,0,0
5,751,0,0,0,0,0
5,752,0,0,0,0,0
5,753,0,0,0,0,0
5,754,0,0,0,0,0
5,755,0,0,0,0,0
5,756,0,0,0,0,0
5,757,0,0,0,0,0
5,758,0,0,0,0,0
5,759,0,0,0,0,0
5,760,0,0,0,0,0
5,761,0,0,0,0,0
5,762,0,0,0,0,0
5,763,0,0,0,0,0
5,764,0,0,0,0,0
5,765,0,0,0,0,0
5,766,0,0,0,0,0
5,767,0,0,0,0,0
5,768,0,0,0,0,0
5,769,0,0,0,0,0
5,770,0,0,0,0,0
5,771,0,0,0,0,0
5,772,0,0,0,0,0
5,773,0,0,0,0,0
5,774,0,0,0,0,0
5,775,0,0,0,0,0
5,776,0,0,0,0,0
5,777,0,0,0,0,0
5,778,0,0,0,0,0
5,779,0,0,0,0,0
5,780,0,0,0,0,0
5,781,0,0,0,0,0
5,782,0,0,0,0,0
5,783,0,0,0,0,0
5,784,0,0,0,0,0
5,785,0,0,0,0,0
5,786,0,0,0,0,0
5,787,0,0,0,0,0
5,788,0,0,0,0,0
5,789,0,0,0,0,0
5,790,0,0,0,0,0
5,791,0,0,0,0,0
5,792,0,0,0,0,0
5,793,0,0,0,0,0
5,794,0,0,0,0,0
5,795,0,0,0,0,0
5,796,0,0,0,0,0
5,797,0,0,0,0,0
5,798,0,0,0,0,0
5,799,0,0,0,0,0
5,800,0,0,0,0,0
5,801,0,0,0,0,0
5,802,0,0,0,0,0
5,803,0,0,0,0,0
5,804,0,0,0,0,0
5,805,0,0,0,0,0
5,806,0,0,0,0,0
5,807,0,0,0,0,0
5,808,0,0,0,0,0
5,809,0,0,0,0,0
5,810,0,0,0,0,0
5,811,0,0,0,0,0
5,812,0,0,0,0,0
5,813,0,0,0,0,0
5,814,0,0,0,0,0
5,815,0,0,0,0,0
5,816,0,0,0,0,0
5,817,0,0,0,0,0
5,818,0,0,0,0,0
5,819,0,0,0,0,0
5,820,0,0,0,0,0
5,821,0,0,0,0,0
5,822,0,0,0,0,0
5,823,0,0,0,0,0
5,824,0,0,0,0,0
5,825,0,0,0,0,0
5,826,0,0,0,0,0
5,827,0,0,0,0,0
5,828,0,0,0,0,0
5,829,0,0,0,0,0
5,830,0,0,0,0,0
5,831,0,0,0,0,0
5,832,0,0,0,0,0
5,833,0,0,0,0,0
5,834,0,0,0,0,0
5,835,0,0,0,0,0
5,836,0,0,0,0,0
5,837,0,0,0,0,0
5,838,0,0,0,0,0
5,839,0,0,0,0,0
5,840,0,0,0,0,0
5,841,0,0,0,0,0
5,842,0,0,0,0,0
5,843,0,0,0,0,0
5,844,0,0,0,0,0
5,845,0,0,0,0,0
5,846,0,0,0,0,0
5,847,0,0,0,0,0
5,848,0,0,0,0,0
5,849,0,0,0,0,0
5,850,0,0,0,0,0
5,851,0,0,0,0,0
5,852,0,0,0,0,0
5,853,0,0,0,0,0
5,854,0,0,0,0,0
5,855,0,0,0,0,0
5,856,0,0,0,0,0
5,857,0,0,0,0,0
5,858,0,0,0,0,0
5,859,0,0,0,0,0
5,860,0,0,0,0,0
5,861,0,0,0,0,0
5,862,0,0,0,0,0
5,863,0,0,0,0,0
5,864,0,0,0,0,0
5,865,0,0,0,0,0
5,866,0,0,0,0,0
5,867,0,0,0,0,0
5,868,0,0,0,0,0
5,869,0,0,0,0,0
5,870,0,0,0,0,0
5,871,0,0,0,0,0
5,872,0,0,0,0,0
5,873,0,0,0,0,0
5,874,0,0,0,0,0
5,875,0,0,0,0,0
5,876,0,0,0,0,0
5,877,0,0,0,0,0
5,878,0,0,0,0,0
5,879,0,0,0,0,0
5,880,0,0,0,0,0
5,881,0,0,0,0,0
5,882,0,0,0,0,0
5,883,0,0,0,0,0
5,884,0,0,0,0,0
5,885,0,0,0,0,0
5,886,0,0,0,0,0
5,887,0,0,0,0,0
5,888,0,0,0,0,0
5,889,0,0,0,0,0
5,890,0,0,0,0,0
5,891,0,0,0,0,0
5,892,0,0,0,0,0
5,893,0,0,0,0,0
5,894,0,0,0,0,0
5,895,0,0,0,0,0
5,896,0,0,0,0,0
5,897,0,0,0,0,0
5,898,0,0,0,0,0
5,899,0,0,0,0,0
5,900,0,0,0,0,0
5,901,0,0,0,0,0
5,902,0,0,0,0,0
5,903,0,0,0,0,0
5,904,0,0,0,0,0
5,905,0,0,0,0,0
5,906,0,0,0,0,0
5,907,0,0,0,0,0
5,908,0,0,0,0,0
5,909,0,0,0,0,0
5,910,0,0,0,0,0
5,911,0,0,0,0,0
5,912,0,0,0,0,0
5,913,0,0,0,0,0
5,914,0,0,0,0,0
5,915,0,0,0,0,0
5,916,0,0,0,0,0
5,917,0,0,0,0,0
5,918,0,0,0,0,0
5,919,0,0,0,0,0
5,920,0,0,0,0,0
5,921,0,0,0,0,0
5,922,0,0,0,0,0
5,923,0,0,0,0,0
5,924,0,0,0,0,0
5,925,0,0,0,0,0
5,926,0,0,0,0,0
5,927,0,0,0,0,0
5,928,0,0,0,0,0
5,929,0,0,0,0,0
5,930,0,0,0,0,0
5,931,0,0,0,0,0
5,932,0,0,0,0,0
5,933,0,0,0,0,0
5,934,0,0,0,0,0
5,935,0,0,0,0,0
5,936,0,0,0,0,0
5,937,0,0,0,0,0
5,938,0,0,0,0,0
5,939,0,0,0,0,0
5,940,0,0,0,0,0
5,941,0,0,0,0,0
5,942,0,0,0,0,0
5,943,0,0,0,0,0
5,944,0,0,0,0,0
5,945,0,0,0,0,0
5,946,0,0,0,0,0
5,947,0,0,0,0,0
5,948,0,0,0,0,0
5,949,0,0,0,0,0
5,950,0,0,0,0,0
5,951,0,0,0,0,0
5,952,0,0,0,0,0
5,953,0,0,0,0,0
5,954,0,0,0,0,0
5,955,0,0,0,0,0
5,956,0,0,0,0,0
5,957,0,0,0,0,0
5,958,0,0,0,0,0
5,959,0,0,0,0,0
5,960,0,0,0,0,0
5,961,0,0,0,0,0
5,962,0,0,0,0,0
5,963,0,0,0,0,0
5,964,0,0,0,0,0
5,965,0,0,0,0,0
5,966,0,0,0,0,0
5,967,0,0,0,0,0
5,968,0,0,0,0,0
5,969,0,0,0,0,0
5,970,0,0,0,0,0
5,971,0,0,0,0,0
5,972,0,0,0,0,0
5,973,0,0,0,0,0
5,974,0,0,0,0,0
5,975,0,0,0,0,0
5,976,0,0,0,0,0
5,977,0,0,0,0,0
5,978,0,0,0,0,0
5,979,0,0,0,0,0
5,980,0,0,0,0,0
5,981,0,0,0,0,0
5,982,0,0,0,0,0
5,983,0,0,0,0,0
5,984,0,0,0,0,0
5,985,0,0,0,0,0
5,986,0,0,0,0,0
5,987,0,0,0,0,0
5,988,0,0,0,0,0
5,989,0,0,0,0,0
5,990,0,0,0,0,0
5,991,0,0,0,0,0
5,992,0,0,0,0,0
5,993,0,0,0,0,0
5,994,0,0,0,0,0
5,995,0,0,0,0,0
5,996,0,0,0,0,0
5,997,0,0,0,0,0
5,998,0,0,0,0,0
5,999,0,0,0,0,0
6,0,0,0,0,0,0
6,1,0,0,0,1,0
6,2,0,1,1,0,0
6,3,0,1,0,1,1
6,4,1,0,1,0,0
6,5,0,0,0,1,1
6,6,1,1,1,0,0
6,7,0,1,0,0,1
6,8,1,0,0,1,1
6,9,0,1,0,1,1
6,10,0,0,0,0,0
6,11,1,1,0,1,1
6,12,0,1,1,0,0
6,13,1,0,1,0,1
6,14,1,0,0,0,1
6,15,1,1,0,1,1
6,16,1,1,0,0,0
6,17,0,1,0,0,0
6,18,0,0,0,1,0
6,19,0,1,1,0,0
6,20,1,1,1,0,1
6,21,1,0,0,1,1
6,22,0,0,0,1,1
6,23,0,0,0,1,1
6,24,0,1,0,0,1
6,25,0,1,0,1,1
6,26,0,0,0,1,0
6,27,0,1,0,0,1
6,28,1,0,0,0,1
6,29,1,0,0,0,0
6,30,0,1,0,0,1
6,31,1,1,1,1,0
6,32,1,1,0,1,1
6,33,0,0,0,1,0
6,34,1,1,0,1,0
6,35,0,1,1,1,0
6,36,1,1,0,1,1
6,37,1,1,0,0,1
6,38,1,1,1,1,1
6,39,1,1,0,0,0
6,40,0,0,0,1,1
6,41,0,0,0,1,0
6,42,1,1,0,0,0
6,43,0,1,0,1,1
6,44,0,1,0,0,1
6,45,0,0,0,0,1
6,46,1,0,0,1,0
6,47,0,1,1,1,1
6,48,1,1,0,1,1
6,49,1,0,1,1,1
6,50,0,1,0,1,1
6,51,1,1,0,0,0
6,52,1,0,0,0,0
6,53,1,0,0,0,0
6,54,1,1,1,0,0
6,55,0,1,0,0,1
6,56,1,1,1,0,0
6,57,1,0,0,1,1
6,58,0,0,0,0,1
6,59,1,1,0,1,0
6,60,0,0,0,0,1
6,61,1,0,1,1,0
6,62,0,0,0,0,0
6,63,0,1,0,0,1
6,64,1,1,1,1,1
6,65,0,1,1,0,0
6,66,1,0,0,0,0
6,67,1,1,0,1,0
6,68,0,1,0,1,0
6,69,1,1,0,0,0
6,70,0,0,1,0,0
6,71,1,1,0,1,0
6,72,1,1,1,1,1
6,73,1,0,0,0,1
6,74,0,1,1,0,0
6,75,0,1,0,0,0
6,76,1,0,1,0,0
6,77,0,0,0,0,1
6,78,0,1,0,1,1
6,79,1,0,0,0,0
6,80,1,0,1,0,0
6,81,1,1,0,0,0
6,82,0,0,1,0,0
6,83,1,1,0,1,1
6,84,1,0,1,1,0
6,85,1,0,1,1,0
6,86,1,0,1,0,0
6,87,0,1,1,0,0
6,88,0,0,0,0,1
6,89,1,0,0,1,0
6,90,1,1,0,0,0
6,91,0,1,1,1,1
6,92,1,0,1,0,0
6,93,0,0,0,0,0
6,94,0,1,1,0,1
6,95,0,0,0,0,1
6,96,0,0,0,0,1
6,97,1,0,0,0,0
6,98,0,0,0,1,1
6,99,0,0,0,0,1
6,100,1,0,0,0,1
6,101,0,1,1,1,0
6,102,1,1,1,1,1
6,103,1,0,0,0,1
6,104,0,0,0,1,0
6,105,1,0,0,1,1
6,106,0,1,0,1,1
6,107,1,0,0,0,0
6,108,0,1,0,0,0
6,109,0,1,1,0,0
6,110,0,0,0,0,0
6,111,1,1,1,1,0
6,112,0,0,0,0,1
6,113,0,1,1,1,0
6,114,0,0,0,0,0
6,115,1,0,0,0,0
6,116,1,1,0,0,1
6,117,1,1,0,0,1
6,118,0,0,0,1,1
6,119,1,0,1,0,1
6,120,0,1,0,0,0
6,121,0,1,0,1,0
6,122,1,1,0,1,1
6,123,0,0,1,0,0
6,124,0,0,1,1,0
6,125,0,0,0,1,1
6,126,1,0,1,1,0
6,127,1,0,1,1,0
6,128,0,0,1,1,0
6,129,1,1,0,1,0
6,130,0,0,1,1,0
6,131,1,1,0,0,0
6,132,0,1,1,0,0
6,133,1,0,0,1,0
6,134,0,0,1,0,0
6,135,1,0,0,1,1
6,136,0,1,0,1,0
6,137,1,1,1,1,0
6,138,1,1,1,1,1
6,139,1,0,1,1,0
6,140,0,0,0,1,0
6,141,1,0,1,0,1
6,142,0,0,0,0,0
6,143,0,0,1,1,1
6,144,0,0,1,0,0
6,145,0,1,1,1,1
6,146,0,0,1,1,1
6,147,0,1,0,0,0
6,148,1,0,0,1,1
6,149,1,0,1,1,0
6,150,1,0,1,0,0
6,151,0,0,0,1,1
6,152,1,0,0,1,0
6,153,1,0,1,1,1
6,154,1,0,1,0,1
6,155,1,1,0,1,1
6,156,1,0,0,1,0
6,157,1,1,0,0,0
6,158,0,0,0,0,1
6,159,1,1,1,0,1
6,160,0,0,0,0,1
6,161,1,1,1,1,0
6,162,0,1,0,1,0
6,163,0,0,1,0,0
6,164,0,1,0,1,1
6,165,1,0,1,0,0
6,166,1,1,0,0,0
6,167,0,0,0,0,0
6,168,1,0,1,0,1
6,169,1,0,0,1,0
6,170,0,1,1,1,0
6,171,1,0,1,0,0
6,172,0,0,0,0,0
6,173,0,1,0,1,0
6,174,0,1,0,1,0
6,175,1,1,1,1,1
6,176,1,0,0,0,0
6,177,1,1,0,1,1
6,178,0,0,1,0,0
6,179,1,1,0,1,0
6,180,0,1,1,0,0
6,181,0,0,1,0,1
6,182,0,0,0,0,0
6,183,0,1,0,0,0
6,184,1,1,0,0,1
6,185,1,1,0,1,0
6,186,0,0,1,1,0
6,187,1,0,1,0,0
6,188,0,0,0,1,1
6,189,1,0,0,1,0
6,190,1,1,1,0,0
6,191,0,1,1,0,0
6,192,0,1,0,1,1
6,193,1,1,0,1,0
6,194,0,0,0,0,0
6,195,1,0,0,1,0
6,196,1,0,1,0,1
6,197,0,1,0,0,1
6,198,0,1,1,0,0
6,199,1,0,0,1,0
6,200,1,0,1,0,0
6,201,0,0,0,1,0
6,202,1,1,0,0,1
6,203,0,1,0,1,0
6,204,1,0,1,1,1
6,205,0,0,1,0,0
6,206,1,1,1,0,1
6,207,0,0,1,0,0
6,208,1,0,0,1,0
6,209,1,0,0,0,1
6,210,0,1,0,1,0
6,211,1,1,1,0,1
6,212,0,1,1,1,1
6,213,0,0,0,0,0
6,214,0,1,1,1,0
6,215,1,0,1,1,0
6,216,0,1,0,0,0
6,217,1,1,0,1,1
6,218,0,0,0,1,0
6,219,0,0,0,0,0
6,220,1,0,1,1,1
6,221,0,0,0,0,1
6,222,1,1,0,0,1
6,223,1,1,1,0,0
6,224,0,1,0,1,0
6,225,0,1,0,0,1
6,226,0,0,1,1,0
6,227,0,0,1,1,0
6,228,1,0,1,0,1
6,229,0,0,0,0,0
6,230,1,0,0,1,1
6,231,0,1,1,1,0
6,232,0,1,0,0,0
6,233,1,1,1,1,1
6,234,0,0,0,0,1
6,235,0,0,1,0,1
6,236,0,1,1,0,0
6,237,0,1,0,1,0
6,238,0,1,0,0,0
6,239,1,1,0,0,0
6,240,1,0,0,1,0
6,241,1,1,1,0,0
6,242,0,1,1,0,0
6,243,0,0,0,0,0
6,244,0,1,1,1,0
6,245,0,0,0,0,0
6,246,0,1,1,1,1
6,247,0,1,0,1,0
6,248,0,1,1,0,1
6,249,1,1,0,0,0
6,250,1,0,1,1,0
6,251,0,0,0,0,0
6,252,0,1,0,1,1
6,253,0,0,1,0,1
6,254,1,0,1,0,0
6,255,1,0,1,0,1
6,256,0,0,0,1,0
6,257,0,0,1,1,0
6,258,0,0,1,0,0
6,259,0,0,0,0,1
6,260,1,0,0,0,1
6,261,0,0,1,1,1
6,262,1,0,1,0,0
6,263,1,0,0,0,1
6,264,1,0,0,1,0
6,265,0,0,1,0,0
6,266,0,1,0,1,0
6,267,1,0,0,1,0
6,268,1,0,0,1,1
6,269,0,1,1,0,0
6,270,0,0,1,0,1
6,271,1,1,1,1,1
6,272,0,0,1,0,1
6,273,0,1,1,1,1
6,274,0,1,0,0,1
6,275,1,1,1,1,0
6,276,0,0,1,1,1
6,277,1,0,0,1,1
6,278,1,1,0,0,0
6,279,0,0,1,1,1
6,280,0,0,1,1,0
6,281,1,1,0,1,1
6,282,0,0,0,1,0
6,283,1,0,0,1,0
6,284,0,1,0,1,0
6,285,0,1,1,1,1
6,286,0,0,1,1,0
6,287,0,1,0,0,1
6,288,1,0,1,0,1
6,289,0,1,1,1,1
6,290,0,0,0,1,0
6,291,1,0,0,1,0
6,292,1,1,1,1,1
6,293,0,0,0,0,1
6,294,0,1,1,0,0
6,295,0,0,1,0,0
6,296,0,0,0,0,0
6,297,1,0,0,1,0
6,298,1,1,0,1,1
6,299,1,0,0,0,0
6,300,1,0,1,1,0
6,301,1,0,0,0,1
6,302,0,1,0,0,1
6,303,1,0,0,0,1
6,304,0,1,1,1,0
6,305,0,1,1,0,1
6,306,1,1,1,1,1
6,307,1,1,1,0,0
6,308,1,0,1,0,1
6,309,0,0,0,1,0
6,310,0,1,0,0,0
6,311,0,0,1,0,0
6,312,1,0,1,0,0
6,313,0,0,1,0,0
6,314,0,0,0,1,0
6,315,0,1,1,1,0
6,316,0,1,0,0,1
6,317,0,0,0,1,0
6,318,1,0,1,1,1
6,319,1,0,1,0,1
6,320,0,0,0,0,1
6,321,1,0,0,0,0
6,322,0,0,1,0,1
6,323,1,1,0,1,0
6,324,1,0,1,1,0
6,325,0,1,0,0,0
6,326,1,1,0,0,0
6,327,1,0,0,1,0
6,328,1,1,0,0,1
6,329,0,1,1,0,0
6,330,0,1,1,0,0
6,331,0,0,0,0,1
6,332,1,0,0,0,1
6,333,1,0,0,1,0
6,334,0,1,1,1,0
6,335,1,0,0,1,1
6,336,0,1,1,0,0
6,337,1,0,0,0,0
6,338,1,0,0,1,0
6,339,0,0,0,0,0
6,340,1,0,1,0,0
6,341,0,0,1,0,1
6,342,1,0,0,0,0
6,343,0,0,0,1,1
6,344,0,0,0,0,1
6,345,0,0,0,1,1
6,346,1,1,0,1,0
6,347,0,0,0,0,0
6,348,0,1,0,0,0
6,349,1,0,1,0,1
6,350,0,1,1,0,1
6,351,0,1,1,0,0
6,352,1,1,0,1,0
6,353,0,0,1,0,1
6,354,1,1,1,1,0
6,355,0,0,0,0,1
6,356,0,0,0,0,0
6,357,1,1,1,0,0
6,358,0,0,1,0,0
6,359,1,1,0,1,0
6,360,1,1,0,0,0
6,361,1,0,1,1,0
6,362,1,1,0,1,0
6,363,1,1,0,0,0
6,364,0,1,0,1,1
6,365,1,1,1,0,0
6,366,1,1,1,0,1
6,367,0,0,0,1,0
6,368,0,0,0,1,1
6,369,1,1,0,0,0
6,370,1,1,0,0,0
6,371,0,1,0,1,1
6,372,0,0,0,0,0
6,373,0,0,0,0,1
6,374,1,1,1,1,0
6,375,1,0,1,1,1
6,376,1,0,1,1,0
6,377,1,1,1,1,0
6,378,0,1,1,0,0
6,379,0,0,1,1,0
6,380,0,1,0,1,1
6,381,0,0,0,0,0
6,382,1,0,0,1,0
6,383,0,1,1,1,0
6,384,0,0,1,0,0
6,385,0,1,0,0,0
6,386,1,1,1,1,0
6,387,1,0,0,1,0
6,388,0,0,1,0,0
6,389,0,0,0,1,1
6,390,1,0,1,1,0
6,391,1,0,1,1,0
6,392,1,0,0,0,0
6,393,1,1,1,0,0
6,394,1,0,1,1,0
6,395,0,1,1,1,0
6,396,0,0,0,0,0
6,397,0,1,0,1,0
6,398,0,1,0,0,0
6,399,0,0,0,0,1
6,400,0,1,0,0,0
6,401,0,1,0,0,0
6,402,1,0,0,0,1
6,403,1,0,1,1,0
6,404,1,1,1,1,0
6,405,0,1,1,1,0
6,406,0,1,1,0,0
6,407,1,1,0,0,0
6,408,1,0,1,1,0
6,409,0,1,1,0,0
6,410,0,0,0,1,0
6,411,1,1,0,1,0
6,412,0,1,0,0,1
6,413,0,1,0,0,0
6,414,0,0,0,1,0
6,415,1,1,1,0,0
6,416,0,0,0,0,0
6,417,0,1,0,1,1
6,418,0,0,1,0,0
6,419,1,1,1,1,1
6,420,1,1,1,1,0
6,421,0,1,1,0,0
6,422,0,1,1,0,0
6,423,1,1,1,1,0
6,424,0,0,0,0,0
6,425,0,0,0,1,0
6,426,1,0,1,1,0
6,427,0,0,0,1,0
6,428,0,0,0,0,0
6,429,1,0,1,0,0
6,430,1,0,0,1,0
6,431,1,1,0,1,0
6,432,0,1,0,0,0
6,433,0,0,0,0,0
6,434,1,1,0,1,1
6,435,1,1,0,1,0
6,436,0,1,0,0,1
6,437,1,0,0,1,0
6,438,1,0,0,0,0
6,439,0,0,1,0,1
6,440,0,1,0,0,0
6,441,1,0,0,0,0
6,442,0,1,0,0,0
6,443,0,1,0,1,0
6,444,0,1,0,0,1
6,445,0,1,1,0,0
6,446,0,0,0,1,1
6,447,1,1,0,1,0
6,448,0,0,1,0,0
6,449,0,1,1,0,1
6,450,0,0,1,0,0
6,451,0,0,0,1,0
6,452,0,1,0,1,0
6,453,0,0,0,1,1
6,454,0,0,0,0,1
6,455,0,0,0,0,1
6,456,0,1,1,1,0
6,457,1,0,0,0,1
6,458,0,1,0,0,0
6,459,1,0,0,0,0
6,460,1,0,1,0,0
6,461,0,1,1,1,0
6,462,0,0,0,0,0
6,463,0,0,0,0,0
6,464,0,0,0,0,1
6,465,1,1,1,0,1
6,466,1,1,0,0,0
6,467,1,1,0,0,0
6,468,1,1,1,0,0
6,469,0,1,1,1,1
6,470,0,0,1,1,0
6,471,1,0,1,1,1
6,472,0,1,0,1,1
6,473,1,0,0,0,1
6,474,0,0,0,0,0
6,475,1,0,0,1,0
6,476,1,1,0,0,0
6,477,1,1,0,0,0
6,478,1,1,1,0,0
6,479,1,0,0,1,1
6,480,1,0,0,0,1
6,481,0,0,1,0,0
6,482,0,1,0,0,1
6,483,0,1,1,1,0
6,484,1,0,0,0,1
6,485,1,0,0,1,0
6,486,1,0,0,0,0
6,487,0,0,1,0,1
6,488,0,0,0,0,0
6,489,0,1,0,0,0
6,490,0,0,1,0,1
6,491,0,1,1,0,0
6,492,1,0,1,1,0
6,493,0,0,0,0,1
6,494,0,1,1,1,0
6,495,0,0,1,0,0
6,496,1,1,1,1,1
6,497,0,1,1,0,1
6,498,0,1,0,0,1
6,499,0,1,1,1,0
6,500,0,1,1,1,0
6,501,0,0,1,0,1
6,502,1,1,0,1,1
6,503,1,0,1,0,1
6,504,1,0,0,1,1
6,505,0,0,1,0,1
6,506,0,0,1,0,0
6,507,0,0,0,0,0
6,508,1,0,1,0,1
6,509,0,0,0,0,1
6,510,1,0,1,1,0
6,511,0,0,1,0,0
6,512,0,1,1,0,1
6,513,1,0,1,0,0
6,514,0,1,0,0,0
6,515,0,1,0,0,0
6,516,0,0,1,0,1
6,517,0,0,1,0,1
6,518,0,0,1,0,1
6,519,0,0,0,0,0
6,520,0,1,0,0,1
6,521,1,1,0,0,0
6,522,1,0,0,0,0
6,523,0,0,1,1,0
6,524,0,1,0,0,0
6,525,0,0,0,1,0
6,526,0,0,0,0,0
6,527,1,1,0,1,0
6,528,1,0,0,0,0
6,529,0,0,0,1,0
6,530,0,0,1,1,1
6,531,1,0,0,0,1
6,532,1,1,0,0,1
6,533,0,0,1,0,1
6,534,1,1,1,1,1
6,535,0,0,0,1,0
6,536,1,0,1,1,1
6,537,0,1,1,1,0
6,538,1,1,0,1,0
6,539,1,1,1,0,0
6,540,1,0,0,1,1
6,541,0,0,1,0,1
6,542,0,1,0,1,0
6,543,0,1,1,0,0
6,544,0,1,1,1,0
6,545,1,0,1,1,0
6,546,0,1,0,1,0
6,547,0,1,0,1,0
6,548,0,1,0,0,0
6,549,0,1,1,0,0
6,550,1,1,1,0,0
6,551,0,1,0,1,0
6,552,1,1,0,1,0
6,553,0,0,1,1,0
6,554,1,0,0,1,1
6,555,0,0,0,0,0
6,556,1,0,1,0,1
6,557,0,1,1,1,0
6,558,0,0,1,0,0
6,559,0,0,0,0,0
6,560,0,1,1,0,0
6,561,0,1,1,0,0
6,562,0,1,1,1,0
6,563,1,0,1,1,1
6,564,1,1,1,1,1
6,565,0,1,0,0,1
6,566,0,0,1,1,1
6,567,1,1,1,1,0
6,568,1,0,1,0,1
6,569,1,0,0,0,0
6,570,1,1,0,0,1
6,571,1,0,0,1,1
6,572,1,1,0,0,1
6,573,1,1,0,0,0
6,574,1,1,0,0,1
6,575,0,1,0,0,1
6,576,0,1,0,0,1
6,577,1,0,0,0,1
6,578,0,0,0,0,0
6,579,1,1,1,1,0
6,580,1,1,1,1,1
6,581,1,1,0,0,1
6,582,0,0,1,1,1
6,583,1,1,0,1,1
6,584,1,1,0,0,1
6,585,0,0,1,0,0
6,586,0,1,0,1,1
6,587,1,1,0,1,1
6,588,0,1,1,0,0
6,589,1,1,0,1,0
6,590,0,1,1,0,1
6,591,1,1,1,0,0
6,592,1,1,1,0,1
6,593,1,1,0,1,1
6,594,1,0,1,1,0
6,595,1,0,1,1,1
6,596,1,1,1,1,1
6,597,1,1,0,1,1
6,598,0,0,0,1,0
6,599,1,0,0,1,1
6,600,1,1,1,0,0
6,601,1,1,1,1,0
6,602,1,0,1,1,0
6,603,0,0,1,0,0
6,604,1,0,1,1,0
6,605,1,0,0,0,0
6,606,1,1,1,1,0
6,607,1,1,0,0,1
6,608,1,0,0,1,1
6,609,0,0,0,0,1
6,610,1,1,1,0,1
6,611,0,0,0,0,1
6,612,1,1,1,0,1
6,613,1,0,0,0,1
6,614,1,1,0,1,1
6,615,0,1,1,0,1
6,616,0,1,0,0,0
6,617,0,1,0,1,0
6,618,1,1,0,0,1
6,619,1,0,0,1,1
6,620,1,0,0,0,0
6,621,0,0,1,1,0
6,622,0,0,0,1,0
6,623,0,1,1,0,0
6,624,1,1,0,1,0
6,625,0,0,1,0,1
6,626,1,0,0,0,1
6,627,1,1,0,0,1
6,628,0,1,0,0,1
6,629,0,1,1,0,1
6,630,1,1,0,0,0
6,631,0,0,1,1,1
6,632,1,0,1,0,1
6,633,1,1,1,0,1
6,634,0,1,0,1,1
6,635,0,0,0,1,0
6,636,0,0,0,1,0
6,637,0,0,0,1,0
6,638,0,1,0,0,1
6,639,1,1,1,1,1
6,640,1,1,0,0,1
6,641,1,0,1,1,1
6,642,1,0,1,0,0
6,643,1,1,1,0,1
6,644,0,1,0,0,0
6,645,0,1,0,1,0
6,646,0,0,1,1,0
6,647,1,0,0,1,0
6,648,0,0,1,0,0
6,649,0,1,1,1,0
6,650,0,0,0,0,1
6,651,0,1,1,1,0
6,652,0,1,0,0,0
6,653,1,1,0,0,0
6,654,1,0,0,1,1
6,655,0,1,0,0,0
6,656,0,0,1,0,0
6,657,0,1,1,1,1
6,658,0,0,1,0,1
6,659,1,1,0,0,0
6,660,0,1,0,0,0
6,661,1,1,0,1,0
6,662,1,0,1,1,0
6,663,1,0,1,1,0
6,664,1,1,0,1,0
6,665,0,1,1,1,0
6,666,1,0,0,1,0
6,667,0,0,1,0,1
6,668,1,0,1,0,1
6,669,0,0,0,0,1
6,670,0,1,1,0,1
6,671,1,1,0,1,1
6,672,1,1,1,0,1
6,673,1,1,1,0,0
6,674,0,1,1,1,1
6,675,0,0,1,1,1
6,676,1,1,0,0,1
6,677,1,0,0,1,0
6,678,1,0,0,1,1
6,679,0,0,0,0,0
6,680,1,0,0,0,0
6,681,0,1,0,1,1
6,682,1,1,1,1,1
6,683,1,0,1,0,1
6,684,1,1,0,0,0
6,685,1,0,1,0,1
6,686,1,1,1,1,1
6,687,0,0,0,1,0
6,688,0,0,1,1,1
6,689,0,1,0,0,1
6,690,1,0,1,0,0
6,691,1,1,1,0,1
6,692,1,0,0,0,0
6,693,1,0,0,0,0
6,694,1,0,1,0,0
6,695,0,0,0,0,1
6,696,1,1,1,0,1
6,697,1,0,1,0,0
6,698,0,0,0,0,0
6,699,0,0,1,0,0
6,700,0,1,1,0,0
6,701,1,0,1,0,1
6,702,0,0,0,1,1
6,703,1,0,1,0,0
6,704,1,0,1,0,1
6,705,1,0,0,1,1
6,706,1,1,0,1,0
6,707,0,0,1,0,0
6,708,1,1,0,0,1
6,709,0,0,1,0,1
6,710,1,0,1,1,1
6,711,1,0,1,0,1
6,712,0,0,1,1,1
6,713,1,1,0,0,0
6,714,1,1,1,0,0
6,715,0,1,1,1,1
6,716,0,1,1,1,1
6,717,0,0,1,1,1
6,718,0,1,0,0,1
6,719,1,1,0,1,0
6,720,1,1,0,1,0
6,721,1,1,0,1,0
6,722,0,1,1,0,1
6,723,1,0,0,1,1
6,724,1,0,1,1,1
6,725,1,0,0,0,0
6,726,1,0,1,0,0
6,727,1,0,1,1,0
6,728,0,0,0,1,0
6,729,0,0,1,1,0
6,730,0,0,1,1,1
6,731,1,0,0,0,1
6,732,1,0,1,1,1
6,733,0,0,0,1,0
6,734,0,1,1,1,1
6,735,0,0,1,0,0
6,736,1,0,1,0,0
6,737,0,1,0,1,1
6,738,0,0,0,1,1
6,739,1,1,0,0,1
6,740,1,0,0,0,1
6,741,0,0,1,0,1
6,742,1,0,1,0,0
6,743,0,0,0,0,1
6,744,1,1,1,1,0
6,745,0,1,1,1,1
6,746,0,1,0,0,1
6,747,0,1,1,1,1
6,748,1,0,1,0,1
6,749,1,0,1,1,0
6,750,0,0,1,0,1
6,751,1,0,1,1,1
6,752,1,1,0,1,1
6,753,1,1,0,0,0
6,754,1,0,1,1,1
6,755,1,1,1,1,0
6,756,1,1,1,0,1
6,757,0,0,1,0,0
6,758,1,0,1,1,1
6,759,1,1,1,1,1
6,760,1,1,0,0,1
6,761,1,0,0,1,1
6,762,0,1,1,1,1
6,763,0,0,1,1,0
6,764,0,0,1,0,1
6,765,1,1,0,1,0
6,766,0,1,1,0,1
6,767,1,0,1,0,1
6,768,0,1,1,0,0
6,769,0,0,0,1,1
6,770,1,1,0,1,1
6,771,0,0,0,1,0
6,772,1,0,1,1,0
6,773,1,0,1,0,1
6,774,1,1,1,1,0
6,775,1,1,0,1,0
6,776,1,1,1,0,0
6,777,1,0,1,1,1
6,778,0,0,1,1,1
6,779,0,0,0,1,1
6,780,1,1,0,0,1
6,781,0,0,0,1,1
6,782,0,0,1,0,0
6,783,1,0,1,1,1
6,784,1,1,0,1,0
6,785,0,0,0,0,1
6,786,0,1,1,0,0
6,787,1,0,0,1,1
6,788,0,0,0,0,0
6,789,0,1,0,0,0
6,790,1,0,1,1,0
6,791,1,1,0,0,1
6,792,1,0,1,1,0
6,793,0,0,0,0,1
6,794,1,1,0,1,1
6,795,1,0,0,0,0
6,796,0,0,1,1,1
6,797,1,0,0,1,0
6,798,0,1,1,0,1
6,799,1,1,0,1,1
6,800,1,0,1,1,0
6,801,1,0,0,0,1
6,802,1,0,1,1,0
6,803,1,1,0,1,1
6,804,1,0,1,0,0
6,805,0,0,1,1,0
6,806,0,1,0,0,1
6,807,1,0,0,1,0
6,808,0,1,0,1,1
6,809,1,1,0,1,1
6,810,0,0,1,1,0
6,811,1,0,1,1,0
6,812,0,1,0,1,0
6,813,1,0,1,0,1
6,814,1,0,1,1,0
6,815,1,0,1,0,1
6,816,1,1,1,1,0
6,817,0,0,1,0,0
6,818,0,1,1,0,1
6,819,0,1,0,0,0
6,820,0,1,1,0,1
6,821,1,1,1,0,1
6,822,1,0,0,0,0
6,823,1,0,0,1,1
6,824,0,0,0,0,1
6,825,0,1,0,1,0
6,826,0,0,1,1,1
6,827,1,0,1,1,0
6,828,1,0,0,1,1
6,829,1,0,1,0,0
6,830,1,1,0,0,1
6,831,1,0,1,1,1
6,832,1,0,0,1,1
6,833,0,0,0,0,0
6,834,1,0,1,1,1
6,835,1,0,0,0,1
6,836,1,1,1,1,0
6,837,1,1,0,0,1
6,838,1,1,0,0,1
6,839,0,0,1,0,1
6,840,1,0,1,0,1
6,841,0,1,0,0,0
6,842,0,1,0,1,0
6,843,1,0,0,0,0
6,844,1,1,1,1,0
6,845,1,1,0,0,0
6,846,1,0,1,1,0
6,847,0,0,0,0,0
6,848,0,0,1,0,0
6,849,0,1,1,1,1
6,850,1,0,0,0,1
6,851,0,0,0,1,1
6,852,0,0,1,0,1
6,853,0,0,1,0,1
6,854,0,1,1,1,0
6,855,1,0,1,1,1
6,856,0,0,1,0,1
6,857,0,1,1,0,0
6,858,1,1,0,0,1
6,859,1,1,1,0,1
6,860,0,1,1,1,0
6,861,1,1,1,1,1
6,862,0,1,1,1,0
6,863,1,1,0,0,1
6,864,1,1,1,1,1
6,865,1,0,1,1,1
6,866,0,1,0,1,0
6,867,0,1,1,1,0
6,868,1,0,0,1,1
6,869,1,1,0,1,1
6,870,0,0,0,0,1
6,871,0,1,0,0,1
6,872,1,1,1,1,1
6,873,0,1,1,1,1
6,874,0,1,0,0,1
6,875,1,1,1,1,1
6,876,1,1,1,1,0
6,877,1,1,0,0,0
6,878,1,1,1,0,1
6,879,0,0,0,0,1
6,880,1,1,0,1,0
6,881,1,0,1,1,0
6,882,0,0,1,1,1
6,883,1,0,1,1,1
6,884,1,0,0,0,1
6,885,0,1,1,0,0
6,886,1,0,1,1,0
6,887,1,1,1,0,0
6,888,1,1,1,0,1
6,889,1,0,0,0,0
6,890,0,0,1,0,1
6,891,1,1,1,0,0
6,892,1,1,0,0,1
6,893,0,1,1,1,0
6,894,1,0,1,0,0
6,895,0,0,1,1,1
6,896,0,0,1,1,0
6,897,0,0,0,0,1
6,898,0,1,1,1,0
6,899,1,0,0,1,0
6,900,1,0,0,0,1
6,901,1,0,1,0,0
6,902,1,1,1,1,1
6,903,1,1,0,1,0
6,904,1,1,0,1,1
6,905,1,1,1,0,0
6,906,1,0,0,1,0
6,907,0,1,0,1,1
6,908,0,1,0,0,0
6,909,0,0,1,0,1
6,910,0,1,0,1,0
6,911,1,0,0,1,0
6,912,1,0,1,0,1
6,913,0,0,1,0,0
6,914,0,1,1,1,0
6,915,1,0,0,0,0
6,916,0,0,0,1,1
6,917,0,1,1,1,1
6,918,0,1,1,0,1
6,919,0,1,1,1,0
6,920,1,0,1,0,0
6,921,1,0,1,1,1
6,922,0,0,1,0,1
6,923,1,0,0,0,0
6,924,1,0,1,1,1
6,925,0,0,1,0,1
6,926,0,0,0,0,0
6,927,1,0,1,1,1
6,928,0,0,1,1,0
6,929,1,1,0,1,1
6,930,1,0,0,1,1
6,931,0,1,1,0,1
6,932,1,1,1,0,0
6,933,1,0,1,1,0
6,934,1,0,0,0,1
6,935,1,1,0,0,1
6,936,1,1,0,1,0
6,937,1,1,0,1,1
6,938,1,0,1,0,1
6,939,1,0,1,0,1
6,940,1,1,1,0,0
6,941,0,1,1,0,0
6,942,1,1,1,1,1
6,943,1,1,1,0,1
6,944,1,1,1,0,1
6,945,1,0,1,1,1
6,946,0,1,1,1,1
6,947,0,0,0,1,0
6,948,0,0,1,1,0
6,949,1,1,0,1,0
6,950,0,0,1,1,1
6,951,1,0,1,1,1
6,952,0,0,1,0,0
6,953,1,0,1,1,1
6,954,1,0,0,0,0
6,955,1,0,1,1,0
6,956,0,1,0,0,1
6,957,1,1,0,0,1
6,958,1,1,0,0,1
6,959,1,1,1,1,0
6,960,0,0,1,0,1
6,961,1,1,1,0,0
6,962,0,0,1,1,1
6,963,1,1,1,0,0
6,964,0,0,1,1,1
6,965,0,0,0,0,0
6,966,1,1,1,1,0
6,967,0,0,1,0,1
6,968,0,1,0,0,0
6,969,0,1,1,0,1
6,970,0,0,1,0,1
6,971,0,0,1,0,1
6,972,1,0,1,1,1
6,973,1,1,1,0,1
6,974,1,1,1,0,1
6,975,1,1,1,1,1
6,976,1,0,1,1,1
6,977,1,0,0,0,1
6,978,1,1,1,1,1
6,979,0,0,0,1,0
6,980,1,0,1,0,1
6,981,1,0,0,0,0
6,982,1,1,1,0,1
6,983,1,0,1,1,1
6,984,0,1,1,0,0
6,985,0,0,1,1,1
6,986,0,0,1,1,1
6,987,0,0,1,1,0
6,988,1,0,1,0,0
6,989,1,1,0,1,1
6,990,0,1,1,0,1
6,991,1,1,1,0,1
6,992,1,1,1,0,1
6,993,0,1,1,0,0
6,994,1,1,1,1,0
6,995,1,0,1,1,1
6,996,1,0,1,1,0
6,997,1,0,1,0,0
6,998,0,1,1,0,0
6,999,1,1,1,0,1
7,0,0,0,1,0,1
7,1,1,0,0,1,0
7,2,1,1,1,1,1
7,3,1,1,0,0,0
7,4,0,0,1,1,1
7,5,0,0,1,1,0
7,6,1,0,0,0,0
7,7,0,0,1,1,0
7,8,0,1,1,0,1
7,9,1,0,0,1,0
7,10,0,1,1,1,1
7,11,1,0,1,1,1
7,12,1,1,1,0,1
7,13,1,0,0,0,0
7,14,0,1,0,1,1
7,15,0,1,0,0,1
7,16,0,1,1,1,0
7,17,1,0,1,1,1
7,18,1,0,1,0,1
7,19,1,1,1,1,1
7,20,0,0,1,0,1
7,21,0,0,1,0,1
7,22,0,1,1,0,1
7,23,1,1,0,1,0
7,24,1,0,1,1,0
7,25,1,1,1,0,1
7,26,0,1,0,0,0
7,27,1,0,1,0,1
7,28,1,1,1,1,1
7,29,0,1,1,0,0
7,30,0,1,1,1,0
7,31,1,0,1,1,1
7,32,1,0,0,0,0
7,33,0,1,0,0,1
7,34,1,1,0,0,1
7,35,1,0,1,1,1
7,36,1,1,1,1,0
7,37,1,1,1,0,1
7,38,1,0,1,0,1
7,39,1,0,0,0,0
7,40,1,1,1,0,1
7,41,0,1,0,0,0
7,42,0,1,1,1,1
7,43,0,0,1,1,1
7,44,0,0,0,1,1
7,45,1,0,1,1,1
7,46,0,1,0,0,1
7,47,1,1,0,1,1
7,48,1,1,0,0,1
7,49,1,1,1,1,1
7,50,1,1,1,1,1
7,51,0,0,1,1,0
7,52,0,1,0,1,1
7,53,0,0,1,0,0
7,54,1,0,0,1,0
7,55,0,1,1,0,0
7,56,1,1,0,1,1
7,57,0,0,1,1,1
7,58,1,0,0,0,0
7,59,0,0,0,1,0
7,60,0,0,0,0,1
7,61,0,0,0,0,1
7,62,0,0,0,1,0
7,63,0,1,0,1,1
7,64,0,1,1,1,0
7,65,0,0,0,1,1
7,66,1,0,1,1,0
7,67,0,1,0,1,0
7,68,0,0,0,0,1
7,69,1,1,1,1,1
7,70,0,1,1,0,1
7,71,0,1,0,0,0
7,72,1,1,1,1,1
7,73,0,1,0,0,1
7,74,0,1,0,0,0
7,75,1,1,0,0,0
7,76,0,1,0,0,0
7,77,0,0,0,0,1
7,78,1,0,1,0,1
7,79,1,0,0,0,0
7,80,0,0,0,1,0
7,81,0,1,1,1,1
7,82,1,0,0,0,1
7,83,1,0,0,0,0
7,84,0,1,1,1,0
7,85,1,1,0,0,1
7,86,1,0,1,0,1
7,87,1,1,1,1,1
7,88,1,0,1,1,1
7,89,1,1,0,1,1
7,90,0,1,1,0,1
7,91,1,1,0,1,0
7,92,0,1,0,0,0
7,93,1,0,0,1,1
7,94,0,1,0,1,1
7,95,1,1,1,0,0
7,96,1,1,1,0,0
7,97,1,1,1,1,1
7,98,1,0,1,0,0
7,99,1,0,1,1,1
7,100,0,0,1,1,1
7,101,0,0,1,1,1
7,102,1,1,0,0,0
7,103,1,1,1,0,1
7,104,0,0,0,1,0
7,105,1,1,0,1,0
7,106,1,1,1,0,0
7,107,1,0,1,0,1
7,108,0,0,1,0,0
7,109,0,0,1,1,1
7,110,0,1,0,1,0
7,111,0,0,0,1,1
7,112,1,1,0,1,1
7,113,1,1,1,1,0
7,114,1,1,1,1,0
7,115,1,0,1,1,0
7,116,0,0,0,1,0
7,117,0,1,1,1,0
7,118,0,1,1,1,1
7,119,1,1,1,0,1
7,120,1,1,1,1,1
7,121,0,1,1,1,1
7,122,1,1,1,0,1
7,123,0,1,1,0,0
7,124,1,0,0,1,1
7,125,0,1,0,0,1
7,126,1,0,1,1,1
7,127,0,1,1,0,0
7,128,0,1,1,1,1
7,129,1,1,1,1,0
7,130,1,1,0,0,0
7,131,0,0,1,0,0
7,132,0,1,1,0,1
7,133,1,1,1,1,1
7,134,0,1,0,1,0
7,135,0,1,0,0,1
7,136,1,1,0,0,1
7,137,0,1,0,0,1
7,138,1,0,1,1,0
7,139,1,0,0,0,0
7,140,1,0,0,1,1
7,141,1,0,0,0,1
7,142,0,0,1,0,1
7,143,1,1,1,1,1
7,144,0,1,0,1,1
7,145,1,0,1,1,0
7,146,1,1,1,1,1
7,147,1,1,0,1,1
7,148,1,1,0,1,1
7,149,1,1,0,0,1
7,150,1,0,1,0,0
7,151,1,0,1,0,1
7,152,1,1,1,1,1
7,153,0,1,1,1,1
7,154,0,1,0,1,1
7,155,1,1,1,1,0
7,156,0,0,1,1,0
7,157,0,1,0,1,0
7,158,1,1,1,0,1
7,159,0,0,0,1,0
7,160,0,1,1,0,1
7,161,0,1,0,1,1
7,162,1,1,1,0,0
7,163,1,0,0,1,1
7,164,1,1,1,1,1
7,165,0,0,1,1,1
7,166,1,1,0,1,0
7,167,1,1,1,0,0
7,168,1,1,0,1,1
7,169,0,1,0,0,0
7,170,0,1,1,1,1
7,171,1,0,1,1,0
7,172,0,0,0,0,0
7,173,1,1,1,0,0
7,174,0,1,1,1,1
7,175,1,1,0,0,0
7,176,0,0,1,1,1
7,177,1,1,1,1,1
7,178,1,1,0,0,1
7,179,0,1,1,1,0
7,180,1,1,1,0,1
7,181,1,1,1,0,1
7,182,1,1,1,0,1
7,183,0,1,0,1,1
7,184,1,1,1,1,1
7,185,1,1,0,1,1
7,186,0,0,0,0,0
7,187,1,1,0,0,0
7,188,0,1,1,1,0
7,189,0,1,1,0,0
7,190,0,0,0,0,1
7,191,0,1,0,0,1
7,192,0,1,0,1,1
7,193,1,0,1,1,1
7,194,1,1,0,0,1
7,195,1,1,0,1,1
7,196,0,0,1,1,1
7,197,1,0,1,0,0
7,198,1,0,0,0,0
7,199,1,0,1,1,0
7,200,1,1,1,0,0
7,201,1,1,1,1,0
7,202,1,1,0,0,0
7,203,1,1,1,0,0
7,204,0,1,1,0,1
7,205,1,1,1,0,0
7,206,1,1,0,0,0
7,207,0,0,1,1,0
7,208,0,0,0,1,0
7,209,1,0,0,1,0
7,210,0,1,0,0,0
7,211,0,0,0,0,1
7,212,1,0,1,1,0
7,213,1,1,1,1,0
7,214,1,1,1,1,1
7,215,0,1,1,1,0
7,216,0,1,1,1,0
7,217,0,1,0,0,1
7,218,0,1,0,1,1
7,219,1,1,1,0,0
7,220,1,0,0,1,1
7,221,0,0,0,1,0
7,222,1,1,0,0,1
7,223,1,1,1,0,1
7,224,0,0,1,1,1
7,225,1,1,1,1,1
7,226,1,1,0,1,0
7,227,1,0,0,1,1
7,228,0,1,1,1,0
7,229,1,1,0,1,0
7,230,0,1,0,1,1
7,231,0,0,1,1,0
7,232,0,0,0,1,1
7,233,0,1,0,1,1
7,234,0,1,1,0,0
7,235,1,1,1,1,1
7,236,0,1,1,1,0
7,237,1,1,1,1,1
7,238,1,0,1,1,1
7,239,1,1,0,1,0
7,240,0,1,1,1,1
7,241,0,0,0,0,1
7,242,1,1,0,0,1
7,243,1,1,1,0,0
7,244,0,1,1,1,0
7,245,1,1,1,1,1
7,246,1,1,1,0,1
7,247,1,1,0,1,1
7,248,0,0,0,1,0
7,249,0,1,0,0,1
7,250,0,0,1,0,0
7,251,0,0,1,1,1
7,252,0,0,1,0,1
7,253,1,1,1,0,0
7,254,0,0,1,0,0
7,255,1,0,1,1,0
7,256,1,1,1,1,0
7,257,0,1,1,1,1
7,258,1,1,1,0,1
7,259,1,0,1,0,1
7,260,1,0,0,1,1
7,261,1,1,0,0,1
7,262,0,1,1,1,0
7,263,1,0,0,0,1
7,264,1,0,1,0,0
7,265,1,0,1,1,1
7,266,0,0,1,0,0
7,267,1,1,1,1,1
7,268,0,1,1,0,0
7,269,0,0,1,1,0
7,270,0,1,1,1,1
7,271,1,1,0,1,1
7,272,0,1,0,0,1
7,273,0,0,0,0,0
7,274,0,0,1,1,1
7,275,0,1,1,1,0
7,276,1,0,1,1,0
7,277,0,1,0,1,1
7,278,0,1,1,1,1
7,279,0,0,1,0,1
7,280,1,1,1,1,1
7,281,1,0,1,0,1
7,282,0,0,0,0,0
7,283,0,0,1,1,1
7,284,0,0,1,1,1
7,285,0,1,1,0,1
7,286,1,0,0,1,0
7,287,0,0,0,1,0
7,288,0,1,0,0,1
7,289,0,1,1,0,1
7,290,0,1,0,0,1
7,291,0,0,0,0,0
7,292,0,1,1,1,1
7,293,1,1,1,1,1
7,294,1,0,0,1,1
7,295,1,1,1,0,0
7,296,0,1,1,0,0
7,297,0,0,1,0,1
7,298,1,1,1,0,0
7,299,1,1,0,0,0
7,300,0,1,1,0,1
7,301,1,0,0,1,0
7,302,1,1,0,1,0
7,303,1,0,1,1,0
7,304,1,1,1,0,0
7,305,0,0,1,1,1
7,306,1,1,1,0,1
7,307,1,0,1,0,1
7,308,1,1,0,1,0
7,309,1,1,0,1,0
7,310,1,1,1,0,0
7,311,0,1,1,0,0
7,312,0,0,1,1,0
7,313,1,0,1,1,1
7,314,1,1,1,0,1
7,315,1,1,1,1,0
7,316,0,0,0,1,0
7,317,0,1,1,0,1
7,318,0,1,1,0,0
7,319,1,1,0,1,0
7,320,1,0,1,0,0
7,321,1,0,0,1,1
7,322,1,1,1,1,1
7,323,0,1,1,0,0
7,324,1,1,0,0,0
7,325,1,1,1,1,1
7,326,1,0,0,1,0
7,327,1,1,0,0,0
7,328,1,1,0,1,0
7,329,1,1,1,0,1
7,330,0,1,0,0,1
7,331,0,1,1,0,0
7,332,0,0,0,1,0
7,333,1,1,0,1,0
7,334,0,1,0,1,1
7,335,0,1,1,0,0
7,336,1,0,1,0,0
7,337,1,1,1,0,0
7,338,1,1,0,1,1
7,339,1,0,1,1,0
7,340,1,0,1,1,1
7,341,1,1,0,1,0
7,342,1,0,1,1,1
7,343,1,0,1,0,0
7,344,1,0,1,0,1
7,345,1,1,1,0,1
7,346,0,0,1,0,0
7,347,0,0,0,0,0
7,348,0,1,1,1,1
7,349,0,1,1,1,1
7,350,0,0,1,1,0
7,351,1,0,0,1,0
7,352,0,1,1,1,1
7,353,0,0,0,1,0
7,354,1,1,1,1,1
7,355,1,1,0,1,0
7,356,1,0,1,1,0
7,357,1,1,1,0,0
7,358,0,1,0,0,0
7,359,1,0,0,1,0
7,360,1,0,0,0,0
7,361,0,0,1,0,0
7,362,1,0,1,1,0
7,363,0,1,1,0,0
7,364,0,1,1,1,0
7,365,0,1,0,1,0
7,366,1,1,1,0,0
7,367,0,1,1,0,0
7,368,0,0,0,0,0
7,369,1,0,0,1,1
7,370,0,1,0,0,0
7,371,0,1,1,1,0
7,372,0,1,1,1,0
7,373,1,1,1,1,0
7,374,1,1,0,1,1
7,375,1,1,0,0,0
7,376,1,1,0,1,0
7,377,1,0,0,0,0
7,378,0,0,1,1,0
7,379,1,0,0,1,0
7,380,0,1,0,0,0
7,381,0,0,0,0,0
7,382,1,0,0,0,0
7,383,1,0,0,1,1
7,384,0,1,1,0,0
7,385,1,0,1,0,1
7,386,0,0,1,1,1
7,387,1,0,1,0,0
7,388,1,0,1,0,1
7,389,1,0,1,0,0
7,390,1,0,0,0,1
7,391,0,0,1,1,0
7,392,1,0,1,1,1
7,393,0,1,0,1,0
7,394,0,0,0,1,0
7,395,1,1,0,0,0
7,396,0,0,0,0,1
7,397,0,0,1,0,0
7,398,1,0,1,1,0
7,399,1,0,1,0,1
7,400,0,1,0,0,0
7,401,1,1,0,1,1
7,402,0,1,0,1,0
7,403,1,0,0,0,0
7,404,0,1,0,1,0
7,405,0,0,0,1,0
7,406,1,0,1,1,1
7,407,0,1,0,0,0
7,408,0,1,0,1,1
7,409,0,1,1,1,0
7,410,0,0,0,0,1
7,411,1,0,0,0,1
7,412,1,0,1,1,1
7,413,0,0,1,1,0
7,414,0,1,1,1,0
7,415,1,1,0,0,0
7,416,1,0,0,0,0
7,417,1,0,0,1,1
7,418,1,0,1,0,1
7,419,0,1,1,0,0
7,420,0,1,0,1,1
7,421,0,1,0,0,0
7,422,0,0,0,0,0
7,423,1,0,0,1,0
7,424,1,1,0,1,1
7,425,1,1,0,0,0
7,426,1,0,1,0,0
7,427,0,1,1,0,1
7,428,1,1,0,1,0
7,429,1,0,1,0,0
7,430,1,1,1,0,0
7,431,0,0,0,1,0
7,432,0,1,0,1,1
7,433,0,1,0,0,1
7,434,1,0,0,0,1
7,435,0,0,1,0,1
7,436,0,0,0,0,1
7,437,0,1,0,1,1
7,438,0,0,0,1,0
7,439,0,0,0,1,1
7,440,0,0,0,0,1
7,441,1,0,1,0,0
7,442,0,0,0,1,0
7,443,1,1,0,1,0
7,444,1,0,1,1,1
7,445,1,1,1,0,0
7,446,0,1,0,1,1
7,447,0,1,0,1,0
7,448,0,0,1,0,0
7,449,1,0,0,1,1
7,450,1,1,0,1,1
7,451,0,1,0,1,1
7,452,1,0,1,1,0
7,453,1,0,0,1,1
7,454,0,0,0,1,0
7,455,0,0,0,0,1
7,456,0,0,0,1,0
7,457,0,0,1,1,0
7,458,0,0,1,0,0
7,459,1,1,1,1,1
7,460,1,1,0,0,1
7,461,0,1,1,0,1
7,462,1,0,0,0,1
7,463,1,1,0,1,1
7,464,1,0,1,1,1
7,465,1,1,1,0,0
7,466,1,0,1,0,1
7,467,1,1,1,0,0
7,468,1,0,0,1,0
7,469,0,1,0,1,0
7,470,0,1,0,1,0
7,471,1,0,0,1,1
7,472,0,1,0,1,1
7,473,0,0,0,1,1
7,474,0,1,0,1,0
7,475,0,1,0,1,1
7,476,0,1,0,0,1
7,477,1,0,0,1,0
7,478,0,1,1,0,1
7,479,0,0,1,0,0
7,480,1,1,0,0,0
7,481,0,0,1,1,1
7,482,0,1,0,1,0
7,483,1,0,0,1,1
7,484,1,0,0,1,0
7,485,1,0,0,1,1
7,486,0,1,1,0,1
7,487,0,0,0,1,0
7,488,1,0,1,0,0
7,489,1,1,0,0,0
7,490,0,0,1,1,1
7,491,0,1,0,1,1
7,492,0,1,0,1,1
7,493,1,1,0,0,1
7,494,1,0,1,1,1
7,495,0,1,0,1,0
7,496,1,1,0,1,1
7,497,1,1,1,1,0
7,498,0,0,0,1,1
7,499,0,0,1,1,1
7,500,1,1,1,1,1
7,501,0,1,1,0,0
7,502,1,1,1,0,0
7,503,1,1,1,1,0
7,504,1,1,0,1,1
7,505,0,0,1,0,1
7,506,1,1,1,1,0
7,507,1,1,1,0,1
7,508,0,0,0,0,0
7,509,1,0,1,0,1
7,510,1,1,1,1,1
7,511,0,0,0,1,1
7,512,1,1,1,0,0
7,513,0,0,0,0,1
7,514,0,1,1,0,0
7,515,0,1,0,0,0
7,516,0,1,0,0,1
7,517,1,1,0,1,0
7,518,1,0,1,1,1
7,519,1,1,0,0,1
7,520,1,1,1,0,0
7,521,1,0,1,1,1
7,522,0,1,0,1,1
7,523,1,0,0,0,1
7,524,1,0,1,1,1
7,525,1,0,0,1,0
7,526,1,0,1,0,1
7,527,0,0,1,0,0
7,528,0,1,0,1,1
7,529,0,1,1,0,0
7,530,0,1,1,0,1
7,531,0,0,0,1,1
7,532,0,1,0,0,1
7,533,1,1,0,1,1
7,534,1,1,1,1,0
7,535,1,1,0,1,0
7,536,1,1,1,1,1
7,537,0,0,1,1,0
7,538,0,1,0,1,0
7,539,1,0,1,1,0
7,540,0,1,1,0,1
7,541,1,0,1,1,0
7,542,1,0,1,1,1
7,543,1,0,0,1,1
7,544,0,1,1,0,1
7,545,0,0,1,1,1
7,546,1,1,0,0,1
7,547,1,1,1,0,1
7,548,1,0,1,0,0
7,549,1,0,1,0,0
7,550,1,0,0,1,0
7,551,1,0,0,0,1
7,552,1,1,0,0,0
7,553,0,0,0,1,1
7,554,1,0,0,0,1
7,555,1,0,1,0,1
7,556,0,0,0,1,0
7,557,0,1,1,1,1
7,558,1,0,1,0,1
7,559,0,0,1,0,0
7,560,0,1,1,0,0
7,561,1,1,0,0,1
7,562,0,0,0,1,1
7,563,1,0,0,0,1
7,564,1,0,1,1,0
7,565,1,1,1,1,0
7,566,0,1,0,1,1
7,567,0,1,0,0,1
7,568,1,0,1,0,1
7,569,1,1,1,1,1
7,570,1,1,1,0,0
7,571,1,0,0,1,0
7,572,1,0,1,0,0
7,573,1,1,0,1,1
7,574,1,1,1,0,1
7,575,1,0,1,1,0
7,576,0,0,0,1,0
7,577,0,0,0,1,1
7,578,0,1,0,1,0
7,579,0,0,1,1,0
7,580,1,0,0,1,1
7,581,1,0,1,1,0
7,582,1,0,0,0,1
7,583,0,0,0,0,1
7,584,1,0,0,1,0
7,585,1,0,0,1,0
7,586,0,1,1,1,1
7,587,1,0,0,1,1
7,588,0,0,0,1,0
7,589,1,1,0,1,1
7,590,0,1,1,0,0
7,591,0,1,0,0,0
7,592,0,0,1,0,0
7,593,0,0,0,1,1
7,594,0,1,0,0,1
7,595,1,1,1,1,1
7,596,0,1,1,1,1
7,597,1,1,0,0,0
7,598,0,1,0,1,1
7,599,1,1,0,1,1
7,600,1,0,1,1,1
7,601,1,1,0,1,0
7,602,0,0,0,0,1
7,603,1,1,0,1,1
7,604,1,0,0,1,0
7,605,0,1,1,0,1
7,606,0,0,1,1,1
7,607,0,0,1,1,0
7,608,0,0,1,1,1
7,609,0,0,1,0,0
7,610,0,0,1,1,0
7,611,0,1,0,1,0
7,612,0,0,0,1,0
7,613,1,0,0,0,0
7,614,0,1,1,0,1
7,615,1,1,0,1,1
7,616,1,0,0,1,1
7,617,0,0,0,0,0
7,618,1,0,1,1,0
7,619,0,1,1,1,1
7,620,1,1,1,1,0
7,621,1,1,0,1,0
7,622,0,0,1,0,0
7,623,1,1,0,1,1
7,624,0,0,0,1,0
7,625,1,0,0,0,0
7,626,1,0,0,0,0
7,627,1,0,1,0,0
7,628,0,0,1,1,1
7,629,0,1,1,0,1
7,630,1,1,0,0,1
7,631,0,1,0,1,1
7,632,1,0,0,1,1
7,633,1,0,0,0,1
7,634,0,0,0,0,1
7,635,0,1,1,0,0
7,636,1,0,1,1,0
7,637,1,1,0,1,1
7,638,1,0,1,1,1
7,639,0,1,1,1,0
7,640,0,0,1,0,1
7,641,0,1,0,0,0
7,642,1,0,1,1,0
7,643,0,0,1,0,1
7,644,0,1,1,1,0
7,645,1,1,0,0,0
7,646,1,1,1,1,0
7,647,1,0,0,0,0
7,648,0,1,0,1,1
7,649,1,1,0,1,1
7,650,0,0,0,1,1
7,651,1,1,0,1,1
7,652,0,1,0,1,1
7,653,0,0,1,1,0
7,654,1,0,0,1,1
7,655,1,1,0,0,0
7,656,1,0,1,1,0
7,657,0,1,0,1,1
7,658,0,0,1,0,0
7,659,0,1,1,1,1
7,660,1,1,1,0,0
7,661,1,0,0,1,0
7,662,0,1,1,0,1
7,663,0,0,0,1,1
7,664,1,0,0,1,1
7,665,0,0,1,1,1
7,666,0,1,1,1,1
7,667,1,0,0,1,0
7,668,1,0,1,1,1
7,669,1,1,0,1,0
7,670,1,1,1,1,1
7,671,1,0,0,1,0
7,672,0,1,0,0,1
7,673,1,1,0,1,1
7,674,0,1,1,1,1
7,675,1,0,1,0,0
7,676,1,0,0,1,1
7,677,1,0,1,0,0
7,678,1,0,1,1,1
7,679,1,0,1,1,0
7,680,0,0,1,1,0
7,681,1,1,0,0,0
7,682,0,1,1,1,1
7,683,1,1,0,1,1
7,684,1,1,0,0,1
7,685,0,1,0,1,1
7,686,1,0,0,1,0
7,687,1,1,1,0,0
7,688,1,1,0,1,0
7,689,1,0,1,0,0
7,690,0,1,1,0,1
7,691,0,1,1,0,1
7,692,1,1,1,0,0
7,693,1,1,0,0,1
7,694,0,1,1,1,0
7,695,0,0,1,1,0
7,696,1,0,1,0,0
7,697,1,1,0,1,0
7,698,1,0,0,1,1
7,699,0,1,1,1,1
7,700,1,1,0,1,0
7,701,1,1,0,1,1
7,702,1,0,1,1,0
7,703,1,1,0,0,1
7,704,1,0,1,1,1
7,705,0,0,1,1,0
7,706,1,1,1,1,0
7,707,0,1,1,0,0
7,708,1,0,1,1,0
7,709,0,1,0,0,1
7,710,1,0,0,1,0
7,711,1,1,0,0,0
7,712,0,0,0,0,1
7,713,0,0,1,0,0
7,714,1,1,0,1,1
7,715,0,0,0,0,1
7,716,1,0,0,0,1
7,717,1,1,0,1,0
7,718,0,0,1,0,0
7,719,1,1,0,0,1
7,720,0,0,0,0,0
7,721,0,1,1,0,0
7,722,1,1,0,1,1
7,723,0,0,0,1,1
7,724,1,0,1,0,1
7,725,0,1,0,0,0
7,726,0,0,1,0,0
7,727,1,0,0,1,1
7,728,1,0,1,0,0
7,729,1,0,1,0,1
7,730,1,1,1,1,1
7,731,1,0,0,0,1
7,732,1,1,0,1,1
7,733,0,1,0,1,1
7,734,1,1,1,1,1
7,735,1,1,0,1,0
7,736,1,0,0,1,1
7,737,0,1,1,0,0
7,738,1,0,0,0,0
7,739,0,1,1,0,0
7,740,0,0,1,1,1
7,741,1,1,1,0,0
7,742,0,1,0,0,0
7,743,0,0,1,1,1
7,744,1,0,0,1,0
7,745,1,1,0,0,0
7,746,0,1,0,1,0
7,747,0,1,0,1,1
7,748,1,1,0,1,1
7,749,1,1,1,1,1
7,750,0,1,1,0,1
7,751,1,0,0,1,1
7,752,1,1,0,0,1
7,753,0,1,1,1,0
7,754,0,1,1,0,1
7,755,1,1,0,0,1
7,756,1,1,1,0,0
7,757,0,0,0,0,0
7,758,1,0,1,1,1
7,759,1,0,1,1,0
7,760,0,0,0,1,1
7,761,0,0,1,0,1
7,762,0,0,0,1,0
7,763,1,1,0,1,0
7,764,0,0,0,1,1
7,765,1,1,0,0,0
7,766,1,1,1,0,0
7,767,1,1,0,0,1
7,768,0,1,1,1,0
7,769,1,1,1,0,0
7,770,1,1,1,1,1
7,771,1,0,1,0,1
7,772,0,0,1,0,0
7,773,1,0,1,0,1
7,774,1,0,0,0,0
7,775,0,0,0,1,1
7,776,0,1,1,0,1
7,777,1,1,0,0,0
7,778,1,1,0,1,0
7,779,1,0,0,0,1
7,780,1,1,1,1,1
7,781,1,1,0,0,0
7,782,1,0,1,1,1
7,783,0,0,0,1,1
7,784,1,1,1,1,1
7,785,1,0,0,0,0
7,786,1,1,0,0,0
7,787,0,1,0,1,1
7,788,0,0,0,0,1
7,789,0,0,0,1,1
7,790,1,1,0,1,1
7,791,0,0,0,0,0
7,792,1,0,1,0,1
7,793,1,0,0,1,1
7,794,1,1,1,0,1
7,795,0,0,1,1,0
7,796,1,0,0,0,1
7,797,0,0,0,0,0
7,798,1,1,1,0,1
7,799,1,1,1,1,0
7,800,0,1,0,0,0
7,801,0,1,1,0,0
7,802,1,0,0,1,0
7,803,1,1,1,1,0
7,804,0,0,1,1,1
7,805,0,0,1,1,1
7,806,0,0,1,1,0
7,807,1,0,1,1,0
7,808,0,1,1,1,1
7,809,1,1,0,0,1
7,810,0,1,1,0,1
7,811,1,1,1,1,0
7,812,1,0,0,0,0
7,813,1,1,0,0,0
7,814,0,0,1,1,0
7,815,1,0,0,0,1
7,816,1,0,1,1,0
7,817,0,0,0,0,0
7,818,0,1,1,1,1
7,819,1,0,1,1,0
7,820,1,1,1,1,1
7,821,0,1,1,0,1
7,822,0,1,1,1,1
7,823,1,1,0,1,1
7,824,0,0,0,0,0
7,825,0,0,0,1,0
7,826,0,0,0,0,0
7,827,0,0,1,1,1
7,828,0,1,1,1,1
7,829,0,1,1,1,1
7,830,0,1,1,0,1
7,831,0,0,1,1,0
7,832,0,0,0,0,1
7,833,1,0,0,1,1
7,834,1,1,1,0,0
7,835,1,1,1,1,1
7,836,1,1,0,1,0
7,837,1,1,0,1,1
7,838,1,0,1,1,0
7,839,0,1,0,0,0
7,840,0,1,1,0,0
7,841,1,1,0,1,0
7,842,1,0,0,0,0
7,843,0,1,1,1,0
7,844,1,1,0,1,1
7,845,0,0,1,1,0
7,846,0,1,1,0,1
7,847,0,1,0,1,1
7,848,1,0,1,0,1
7,849,0,0,1,1,1
7,850,0,0,0,1,1
7,851,0,1,1,0,1
7,852,0,1,0,0,1
7,853,1,1,1,0,1
7,854,1,0,1,1,1
7,855,1,0,0,0,0
7,856,0,1,0,1,0
7,857,0,1,0,0,0
7,858,0,0,0,1,0
7,859,0,0,0,1,1
7,860,1,1,0,1,0
7,861,1,1,0,0,0
7,862,0,1,1,1,1
7,863,1,0,1,0,1
7,864,1,1,0,1,1
7,865,0,1,1,0,1
7,866,1,1,0,1,1
7,867,1,0,0,1,1
7,868,0,0,1,0,1
7,869,1,0,0,0,1
7,870,1,0,1,0,0
7,871,0,1,1,1,0
7,872,1,0,0,0,0
7,873,1,0,1,0,0
7,874,1,1,1,1,0
7,875,1,0,0,0,1
7,876,1,0,1,1,1
7,877,1,1,1,0,0
7,878,1,1,0,1,1
7,879,0,1,0,0,0
7,880,1,0,1,1,1
7,881,1,0,1,0,0
7,882,1,0,0,0,1
7,883,0,1,1,1,1
7,884,1,0,0,1,1
7,885,1,1,1,0,1
7,886,1,1,0,1,0
7,887,1,1,1,0,0
7,888,1,1,1,1,1
7,889,0,0,1,1,0
7,890,0,1,1,1,1
7,891,1,1,0,0,1
7,892,0,1,0,1,1
7,893,0,1,1,0,1
7,894,1,1,1,0,0
7,895,1,1,1,1,1
7,896,1,1,0,0,1
7,897,1,1,1,1,0
7,898,0,0,1,0,0
7,899,0,1,0,0,0
7,900,0,1,0,1,1
7,901,0,0,1,1,1
7,902,0,1,0,0,0
7,903,0,1,1,1,0
7,904,1,1,1,1,0
7,905,0,1,0,1,0
7,906,1,1,1,0,1
7,907,1,0,0,1,0
7,908,0,0,0,1,1
7,909,1,1,1,0,1
7,910,1,0,1,1,1
7,911,1,0,1,0,1
7,912,1,1,0,0,0
7,913,0,1,1,0,0
7,914,1,1,1,1,0
7,915,1,0,0,1,1
7,916,1,1,1,0,1
7,917,0,0,0,1,0
7,918,0,1,1,0,1
7,919,0,0,0,1,0
7,920,1,1,1,0,0
7,921,0,0,0,0,1
7,922,1,1,1,0,1
7,923,1,0,1,1,0
7,924,1,1,0,0,1
7,925,0,0,1,0,0
7,926,1,1,1,1,1
7,927,1,0,0,1,1
7,928,1,0,0,1,0
7,929,0,0,1,1,1
7,930,1,1,0,0,0
7,931,1,1,0,1,0
7,932,0,0,1,0,1
7,933,0,0,1,0,1
7,934,0,0,1,1,1
7,935,1,1,1,1,0
7,936,1,0,1,1,1
7,937,0,0,0,0,0
7,938,0,1,1,0,0
7,939,1,1,1,1,1
7,940,1,1,1,0,1
7,941,0,1,1,1,0
7,942,0,1,0,0,1
7,943,0,1,0,1,0
7,944,0,1,1,0,0
7,945,1,0,0,0,1
7,946,0,1,0,1,0
7,947,1,1,0,1,0
7,948,1,0,1,1,1
7,949,1,1,0,1,1
7,950,1,1,0,1,1
7,951,1,0,0,0,0
7,952,1,1,1,1,1
7,953,0,0,0,1,0
7,954,1,0,0,1,1
7,955,1,1,1,0,1
7,956,1,1,1,1,1
7,957,0,0,1,1,0
7,958,0,1,1,0,1
7,959,1,1,1,1,1
7,960,1,1,1,1,0
7,961,1,1,0,1,0
7,962,0,0,1,1,1
7,963,1,1,1,1,1
7,964,0,0,0,0,1
7,965,1,0,1,1,1
7,966,1,0,1,1,0
7,967,1,0,0,1,0
7,968,1,1,0,1,1
7,969,0,0,1,1,0
7,970,1,1,1,0,0
7,971,1,1,0,1,1
7,972,0,1,1,1,0
7,973,0,1,0,1,0
7,974,1,0,0,1,0
7,975,1,1,0,1,0
7,976,0,0,0,1,1
7,977,0,1,1,1,1
7,978,1,0,1,1,0
7,979,1,1,1,0,1
7,980,1,1,0,1,1
7,981,1,0,0,0,1
7,982,0,0,1,0,0
7,983,0,1,0,1,0
7,984,0,0,0,0,1
7,985,0,1,1,1,0
7,986,1,1,1,0,1
7,987,0,0,1,1,0
7,988,1,0,1,1,0
7,989,1,1,0,1,0
7,990,1,1,1,1,0
7,991,1,1,1,1,0
7,992,0,0,1,1,0
7,993,0,0,0,1,0
7,994,0,0,1,0,0
7,995,0,1,0,0,0
7,996,1,1,1,1,1
7,997,0,1,0,1,0
7,998,1,0,1,0,1
7,999,1,1,0,1,1
8,0,1,1,1,0,1
8,1,0,1,1,0,1
8,2,1,1,0,0,0
8,3,1,1,0,0,0
8,4,1,1,1,1,0
8,5,0,0,1,0,1
8,6,0,0,1,0,0
8,7,1,1,0,1,0
8,8,1,1,0,0,0
8,9,1,0,0,1,1
8,10,1,1,1,0,0
8,11,1,0,0,1,0
8,12,0,1,1,0,1
8,13,0,0,1,0,0
8,14,0,1,1,1,1
8,15,0,1,1,0,1
8,16,0,1,0,0,1
8,17,0,1,1,1,1
8,18,0,1,0,0,0
8,19,1,0,1,0,0
8,20,1,0,1,1,0
8,21,0,1,1,0,0
8,22,0,0,1,0,1
8,23,0,1,0,0,1
8,24,0,1,1,1,0
8,25,0,0,1,0,1
8,26,1,1,1,0,1
8,27,0,1,1,0,1
8,28,0,0,0,0,1
8,29,1,0,1,0,0
8,30,1,0,1,0,0
8,31,1,0,1,1,0
8,32,0,0,0,1,0
8,33,1,0,0,1,1
8,34,0,1,0,1,0
8,35,1,0,0,1,1
8,36,1,1,1,0,0
8,37,1,1,1,1,0
8,38,0,0,0,1,0
8,39,0,1,1,1,0
8,40,1,1,1,1,0
8,41,1,1,0,1,1
8,42,1,0,0,1,1
8,43,1,1,0,0,1
8,44,0,1,0,1,1
8,45,0,0,0,1,1
8,46,0,0,1,1,0
8,47,1,1,0,0,1
8,48,0,1,0,0,0
8,49,0,1,0,1,0
8,50,0,1,1,1,1
8,51,0,0,1,1,1
8,52,1,1,0,1,1
8,53,1,0,1,0,0
8,54,1,1,1,0,1
8,55,1,0,0,0,1
8,56,1,0,1,0,1
8,57,0,1,1,1,1
8,58,1,1,1,0,1
8,59,1,0,1,1,1
8,60,0,0,1,1,1
8,61,1,1,1,0,0
8,62,1,0,1,1,0
8,63,1,1,0,0,1
8,64,0,0,1,0,0
8,65,0,1,0,1,0
8,66,1,1,0,0,1
8,67,1,0,1,0,1
8,68,1,0,1,0,1
8,69,1,1,1,1,1
8,70,1,0,1,0,1
8,71,0,0,1,0,1
8,72,1,0,1,1,1
8,73,1,1,0,1,0
8,74,1,0,1,1,0
8,75,1,0,1,1,1
8,76,0,1,1,0,0
8,77,1,0,1,0,0
8,78,1,1,0,1,1
8,79,0,1,1,0,1
8,80,0,1,1,1,1
8,81,1,0,1,1,1
8,82,0,0,1,0,0
8,83,0,0,1,0,1
8,84,0,0,1,0,0
8,85,0,1,1,0,0
8,86,0,0,0,1,1
8,87,0,0,1,1,1
8,88,0,1,0,1,0
8,89,1,1,0,1,0
8,90,1,0,1,1,1
8,91,1,1,0,0,0
8,92,0,0,1,0,0
8,93,1,0,0,0,1
8,94,1,1,0,0,1
8,95,0,0,1,1,0
8,96,1,0,0,1,1
8,97,0,1,1,0,1
8,98,1,1,1,1,0
8,99,1,0,1,0,1
8,100,1,1,0,1,0
8,101,1,1,0,1,1
8,102,0,1,1,0,0
8,103,0,0,0,0,1
8,104,0,1,1,1,1
8,105,1,0,0,1,1
8,106,0,0,0,0,0
8,107,0,1,0,0,1
8,108,1,0,1,0,1
8,109,1,1,1,1,1
8,110,1,0,0,1,0
8,111,0,1,1,1,0
8,112,1,1,0,0,1
8,113,0,0,1,1,1
8,114,1,1,0,1,1
8,115,1,0,1,0,1
8,116,1,0,1,0,1
8,117,0,0,1,0,1
8,118,1,1,0,0,0
8,119,1,1,1,1,1
8,120,1,1,0,1,0
8,121,1,1,1,0,0
8,122,1,0,0,1,1
8,123,0,0,1,1,1
8,124,0,0,1,1,1
8,125,1,1,1,1,1
8,126,1,0,1,1,1
8,127,1,0,1,1,1
8,128,0,1,0,1,0
8,129,0,1,1,0,0
8,130,1,0,0,1,0
8,131,0,1,1,0,1
8,132,1,0,1,1,0
8,133,0,1,0,0,1
8,134,1,0,0,0,0
8,135,0,1,0,1,1
8,136,0,0,1,1,0
8,137,0,1,1,0,0
8,138,1,1,0,1,1
8,139,0,1,0,0,0
8,140,1,0,0,0,1
8,141,0,0,1,1,0
8,142,1,1,1,1,1
8,143,0,1,1,0,1
8,144,0,0,1,0,0
8,145,0,0,0,0,1
8,146,1,1,1,0,0
8,147,1,0,0,0,1
8,148,1,1,1,1,1
8,149,1,1,1,0,0
8,150,1,0,0,1,1
8,151,1,1,0,0,0
8,152,1,1,1,0,1
8,153,0,0,0,1,0
8,154,0,0,0,1,0
8,155,1,0,1,0,1
8,156,0,0,0,0,1
8,157,1,0,1,0,0
8,158,1,1,1,1,1
8,159,1,1,1,1,1
8,160,0,1,1,1,1
8,161,1,1,0,1,1
8,162,1,1,0,0,0
8,163,1,1,0,1,1
8,164,1,1,0,0,0
8,165,1,1,0,0,1
8,166,0,1,0,0,1
8,167,0,1,1,0,1
8,168,0,1,0,1,1
8,169,1,1,1,0,0
8,170,0,1,0,0,1
8,171,0,1,0,0,1
8,172,1,1,1,0,0
8,173,1,0,1,1,1
8,174,1,1,0,0,0
8,175,0,1,1,1,0
8,176,0,1,0,0,0
8,177,1,1,0,1,0
8,178,0,1,0,1,0
8,179,0,1,0,0,0
8,180,1,1,1,1,0
8,181,1,1,0,1,1
8,182,1,1,1,0,0
8,183,1,1,1,0,1
8,184,1,0,0,1,1
8,185,1,0,1,0,0
8,186,0,1,1,1,0
8,187,1,1,1,1,1
8,188,0,1,0,0,1
8,189,1,1,1,1,1
8,190,0,1,1,1,1
8,191,0,1,0,1,1
8,192,1,1,0,1,0
8,193,0,0,1,1,1
8,194,1,0,1,1,0
8,195,1,1,1,0,1
8,196,1,1,0,1,0
8,197,0,1,0,0,0
8,198,1,0,1,1,0
8,199,1,1,0,0,1
8,200,1,0,1,0,0
8,201,1,1,1,0,1
8,202,0,0,0,1,0
8,203,1,1,0,0,0
8,204,0,0,1,0,1
8,205,0,1,1,1,1
8,206,0,1,0,1,1
8,207,0,1,1,1,1
8,208,1,0,1,1,1
8,209,1,1,0,1,0
8,210,1,0,0,1,1
8,211,1,0,0,0,0
8,212,0,1,1,0,1
8,213,1,1,1,0,1
8,214,0,0,0,1,0
8,215,1,0,1,1,1
8,216,0,1,0,1,1
8,217,0,1,1,0,1
8,218,0,1,0,1,0
8,219,0,0,1,0,0
8,220,1,0,0,1,0
8,221,0,1,0,1,1
8,222,0,0,0,0,1
8,223,1,1,1,1,0
8,224,0,0,0,1,1
8,225,1,1,1,1,0
8,226,0,1,0,1,1
8,227,0,0,1,1,0
8,228,1,0,1,0,1
8,229,0,0,0,1,0
8,230,1,0,1,1,1
8,231,0,1,1,0,0
8,232,0,1,0,1,1
8,233,0,1,1,0,0
8,234,1,0,1,1,0
8,235,0,1,0,0,0
8,236,0,1,0,1,0
8,237,1,1,1,0,1
8,238,0,1,1,0,0
8,239,0,1,1,1,1
8,240,0,1,0,1,0
8,241,1,0,0,1,1
8,242,1,0,1,0,1
8,243,1,1,0,1,0
8,244,0,0,0,0,1
8,245,1,1,1,0,1
8,246,1,1,0,1,1
8,247,1,0,1,0,0
8,248,1,0,0,1,1
8,249,0,0,0,1,0
8,250,1,1,1,0,1
8,251,1,1,1,1,1
8,252,0,1,1,0,1
8,253,0,1,1,0,0
8,254,1,1,1,1,1
8,255,1,1,1,1,0
8,256,0,1,0,0,1
8,257,0,0,0,0,0
8,258,1,1,1,1,1
8,259,0,1,1,1,1
8,260,0,1,0,1,0
8,261,0,0,1,0,1
8,262,0,1,1,1,1
8,263,1,1,1,0,0
8,264,1,0,1,1,1
8,265,0,1,1,0,1
8,266,0,1,1,1,1
8,267,1,0,0,1,0
8,268,0,1,1,1,1
8,269,0,0,0,0,1
8,270,1,1,1,1,0
8,271,0,1,0,0,1
8,272,0,1,0,1,1
8,273,1,1,0,1,0
8,274,1,1,1,0,0
8,275,1,0,1,1,0
8,276,0,1,1,0,1
8,277,0,1,0,1,1
8,278,1,1,0,1,0
8,279,1,1,1,1,0
8,280,1,1,1,0,0
8,281,1,1,1,1,1
8,282,1,0,0,0,0
8,283,1,1,0,1,0
8,284,0,1,1,1,1
8,285,1,1,1,0,0
8,286,1,1,0,0,0
8,287,1,0,1,1,1
8,288,1,1,1,0,1
8,289,1,0,0,1,1
8,290,1,1,0,0,0
8,291,0,1,0,1,1
8,292,0,0,1,0,1
8,293,0,1,0,1,0
8,294,1,0,0,1,1
8,295,0,1,1,1,0
8,296,0,0,0,0,0
8,297,1,1,1,1,1
8,298,1,1,1,0,1
8,299,0,1,1,0,1
8,300,0,1,1,1,0
8,301,0,0,1,1,1
8,302,0,1,0,0,1
8,303,1,1,0,1,0
8,304,0,1,1,1,1
8,305,1,1,0,0,1
8,306,0,1,0,1,0
8,307,1,0,0,1,0
8,308,1,1,1,1,0
8,309,1,0,0,0,1
8,310,0,1,1,1,0
8,311,0,0,1,0,0
8,312,1,0,0,1,0
8,313,1,0,1,0,0
8,314,1,1,1,1,0
8,315,1,1,1,1,1
8,316,1,1,1,1,0
8,317,1,1,1,0,0
8,318,0,1,0,0,1
8,319,1,1,1,0,1
8,320,0,1,1,1,0
8,321,0,0,1,1,0
8,322,1,1,1,1,0
8,323,0,1,1,0,0
8,324,0,1,1,0,1
8,325,1,0,1,0,1
8,326,1,0,0,1,1
8,327,0,1,0,1,0
8,328,0,1,1,1,0
8,329,1,1,1,0,0
8,330,0,1,1,0,1
8,331,1,0,1,1,0
8,332,1,0,1,0,1
8,333,1,0,0,0,1
8,334,1,0,1,1,0
8,335,1,0,1,0,0
8,336,1,0,1,0,1
8,337,1,1,1,1,1
8,338,0,0,0,0,0
8,339,0,1,1,1,1
8,340,0,1,1,1,1
8,341,1,0,0,0,0
8,342,1,0,1,0,1
8,343,1,0,1,1,0
8,344,0,0,1,1,0
8,345,0,1,1,0,1
8,346,0,1,0,1,0
8,347,1,1,0,0,1
8,348,0,1,1,1,1
8,349,1,1,0,0,0
8,350,1,1,0,1,1
8,351,0,1,0,0,0
8,352,1,1,1,0,0
8,353,1,0,0,0,1
8,354,1,1,0,0,1
8,355,1,1,1,0,0
8,356,0,1,1,1,1
8,357,0,0,1,0,0
8,358,0,0,1,0,1
8,359,0,1,1,1,0
8,360,1,1,0,1,1
8,361,1,0,1,0,1
8,362,0,1,1,1,1
8,363,0,1,1,0,0
8,364,0,1,0,0,1
8,365,0,1,1,0,1
8,366,0,1,0,0,1
8,367,1,1,1,0,1
8,368,0,1,1,1,0
8,369,0,1,0,1,1
8,370,0,1,1,1,0
8,371,1,0,1,0,1
8,372,0,0,0,0,1
8,373,0,1,1,1,1
8,374,1,1,0,1,1
8,375,0,1,0,0,0
8,376,0,1,0,1,0
8,377,0,0,0,0,1
8,378,1,1,1,1,0
8,379,0,1,1,1,1
8,380,0,1,0,0,0
8,381,1,1,0,1,1
8,382,1,1,0,1,1
8,383,0,1,1,0,0
8,384,1,1,1,1,1
8,385,0,1,1,1,0
8,386,1,1,0,1,0
8,387,1,1,0,1,0
8,388,0,0,0,0,1
8,389,0,0,1,0,1
8,390,1,0,1,0,0
8,391,1,1,1,1,1
8,392,1,1,1,0,1
8,393,1,1,1,1,1
8,394,1,1,0,0,0
8,395,1,1,0,0,0
8,396,1,0,0,0,0
8,397,1,1,0,0,0
8,398,0,0,0,0,0
8,399,0,0,1,1,0
8,400,0,0,1,0,0
8,401,0,1,0,1,1
8,402,1,0,1,0,1
8,403,0,0,0,1,1
8,404,1,0,0,1,0
8,405,1,0,1,0,1
8,406,1,0,1,1,0
8,407,1,1,1,1,0
8,408,1,1,1,0,0
8,409,1,1,0,0,1
8,410,0,0,0,0,0
8,411,0,1,1,0,0
8,412,0,0,1,1,0
8,413,1,0,1,1,0
8,414,1,1,0,0,1
8,415,0,0,0,1,0
8,416,0,0,0,1,1
8,417,0,1,0,0,1
8,418,0,1,0,1,0
8,419,0,0,0,1,1
8,420,0,1,0,1,1
8,421,1,1,0,1,1
8,422,1,0,1,1,0
8,423,0,1,1,1,0
8,424,1,1,1,0,1
8,425,0,1,1,1,1
8,426,0,0,0,0,0
8,427,0,1,0,1,1
8,428,1,0,0,0,0
8,429,0,1,0,0,1
8,430,1,0,1,1,1
8,431,1,1,1,1,1
8,432,0,0,1,0,0
8,433,0,0,1,1,0
8,434,0,0,1,1,1
8,435,1,1,0,1,1
8,436,0,1,0,0,1
8,437,1,0,0,0,0
8,438,1,1,0,0,1
8,439,0,1,1,1,1
8,440,0,1,1,1,0
8,441,1,0,1,1,1
8,442,0,0,0,0,1
8,443,0,1,1,0,0
8,444,1,1,0,1,1
8,445,1,0,0,0,0
8,446,0,1,1,1,1
8,447,0,1,0,1,0
8,448,1,1,0,1,1
8,449,0,1,1,1,0
8,450,0,1,1,0,1
8,451,1,1,1,0,1
8,452,0,1,0,1,1
8,453,0,0,1,0,1
8,454,0,1,1,1,0
8,455,0,0,0,0,1
8,456,1,1,0,0,0
8,457,1,1,1,0,0
8,458,1,0,1,1,1
8,459,1,1,1,0,0
8,460,0,0,1,0,0
8,461,1,0,0,0,1
8,462,1,0,0,0,0
8,463,0,0,0,1,0
8,464,0,0,0,1,1
8,465,1,1,1,1,0
8,466,1,1,1,0,1
8,467,0,0,1,0,0
8,468,1,0,0,1,0
8,469,1,0,1,1,1
8,470,0,0,1,1,0
8,471,0,1,1,0,0
8,472,0,1,1,1,1
8,473,1,1,0,1,0
8,474,0,1,0,0,0
8,475,1,1,1,1,0
8,476,1,0,0,1,1
8,477,1,1,1,1,1
8,478,0,1,1,0,1
8,479,1,1,1,0,0
8,480,0,1,1,1,0
8,481,0,1,1,1,0
8,482,0,1,1,0,1
8,483,1,1,0,0,0
8,484,1,0,1,1,1
8,485,0,1,1,1,0
8,486,0,0,0,0,1
8,487,1,1,1,1,0
8,488,0,1,1,1,0
8,489,1,0,1,1,1
8,490,0,0,1,0,1
8,491,1,0,1,1,1
8,492,0,0,0,1,0
8,493,0,1,1,1,0
8,494,0,1,1,1,1
8,495,0,1,1,1,0
8,496,0,1,1,1,1
8,497,0,1,0,0,1
8,498,0,0,1,1,1
8,499,1,0,0,1,0
8,500,0,1,0,1,1
8,501,1,1,0,1,1
8,502,0,1,0,1,0
8,503,0,0,1,1,0
8,504,1,1,0,0,0
8,505,0,1,1,0,1
8,506,1,1,1,1,0
8,507,0,1,1,1,0
8,508,0,1,1,1,1
8,509,0,0,1,1,0
8,510,1,1,1,1,0
8,511,0,1,1,0,0
8,512,0,1,1,0,1
8,513,0,1,1,1,0
8,514,0,1,0,1,1
8,515,0,1,1,1,0
8,516,1,1,1,0,1
8,517,1,1,1,1,0
8,518,0,0,1,0,1
8,519,0,1,1,1,0
8,520,0,1,0,0,0
8,521,0,1,1,0,0
8,522,0,1,0,1,1
8,523,1,0,0,1,0
8,524,0,1,0,1,1
8,525,1,1,0,1,0
8,526,1,1,0,1,1
8,527,1,1,1,1,0
8,528,0,0,1,1,0
8,529,0,0,0,0,1
8,530,0,1,1,1,0
8,531,1,0,0,0,1
8,532,1,1,0,0,1
8,533,0,1,0,0,0
8,534,1,0,0,1,1
8,535,0,0,0,0,0
8,536,1,1,1,1,0
8,537,1,1,0,0,0
8,538,1,1,0,1,0
8,539,1,1,0,0,1
8,540,0,1,0,1,1
8,541,0,0,1,0,1
8,542,1,1,1,1,1
8,543,0,1,1,1,1
8,544,0,1,0,1,1
8,545,0,0,0,0,1
8,546,1,1,1,1,0
8,547,1,0,1,1,1
8,548,0,1,0,1,0
8,549,0,1,0,1,1
8,550,1,0,1,1,0
8,551,0,1,0,1,1
8,552,0,1,0,1,0
8,553,1,0,0,1,1
8,554,1,1,1,1,0
8,555,0,0,1,1,1
8,556,1,1,1,1,0
8,557,0,1,0,0,1
8,558,1,1,1,0,0
8,559,1,0,0,0,0
8,560,0,1,1,1,1
8,561,0,1,0,1,0
8,562,0,1,1,0,1
8,563,0,1,0,1,0
8,564,0,1,1,1,0
8,565,1,1,1,0,0
8,566,0,1,0,1,1
8,567,0,1,0,1,0
8,568,0,0,0,0,0
8,569,1,1,1,1,0
8,570,0,1,0,0,0
8,571,0,1,0,1,0
8,572,0,0,1,1,1
8,573,0,1,0,1,1
8,574,1,0,0,0,0
8,575,0,0,0,0,0
8,576,1,1,1,1,1
8,577,1,0,1,1,1
8,578,1,0,1,1,0
8,579,1,1,0,0,1
8,580,0,1,1,1,0
8,581,0,1,1,1,0
8,582,1,0,1,1,1
8,583,1,1,1,1,1
8,584,1,1,1,0,1
8,585,0,1,0,1,0
8,586,0,0,0,0,0
8,587,0,0,0,1,0
8,588,1,1,0,1,1
8,589,0,1,1,1,0
8,590,1,0,0,1,0
8,591,0,0,1,0,1
8,592,0,0,0,1,1
8,593,1,1,1,0,0
8,594,1,1,1,1,1
8,595,1,0,0,0,0
8,596,1,0,1,0,1
8,597,1,0,0,0,1
8,598,1,1,1,1,1
8,599,1,1,0,0,1
8,600,0,1,0,1,1
8,601,0,0,1,0,1
8,602,1,1,1,1,0
8,603,0,1,0,0,1
8,604,1,0,1,1,1
8,605,1,1,0,0,1
8,606,0,1,0,0,0
8,607,0,0,0,1,0
8,608,1,0,0,1,1
8,609,0,0,1,0,1
8,610,1,1,0,0,0
8,611,1,1,1,0,1
8,612,1,0,1,0,0
8,613,0,1,0,0,0
8,614,1,1,0,0,1
8,615,1,0,1,0,1
8,616,0,0,1,0,0
8,617,1,0,1,1,1
8,618,1,1,1,0,0
8,619,1,1,1,0,0
8,620,1,1,1,1,1
8,621,0,1,1,1,1
8,622,1,1,1,1,1
8,623,0,1,1,0,1
8,624,1,0,1,0,1
8,625,1,0,1,1,0
8,626,0,1,0,0,1
8,627,1,0,0,0,1
8,628,1,1,1,1,1
8,629,0,1,1,0,1
8,630,0,1,0,0,0
8,631,1,1,1,0,0
8,632,0,1,0,1,1
8,633,0,0,0,1,1
8,634,1,1,1,0,0
8,635,0,0,1,0,1
8,636,0,1,0,1,1
8,637,0,0,1,0,1
8,638,1,1,0,0,1
8,639,1,0,1,0,0
8,640,0,1,0,0,0
8,641,1,1,1,0,0
8,642,0,1,1,0,0
8,643,1,0,0,1,1
8,644,1,0,1,1,0
8,645,0,1,1,1,1
8,646,0,0,0,1,1
8,647,1,0,1,1,1
8,648,0,0,1,1,1
8,649,1,0,0,0,0
8,650,0,1,1,1,1
8,651,1,1,1,0,1
8,652,0,1,1,1,1
8,653,0,0,0,1,1
8,654,0,1,0,1,1
8,655,0,0,0,1,0
8,656,1,0,0,1,1
8,657,1,0,1,1,1
8,658,0,0,1,1,0
8,659,1,1,1,1,0
8,660,0,0,0,1,0
8,661,1,1,1,1,1
8,662,0,1,0,1,1
8,663,1,1,0,0,1
8,664,0,0,0,1,1
8,665,0,0,1,1,1
8,666,1,1,0,1,1
8,667,0,1,0,1,0
8,668,0,1,1,0,1
8,669,0,0,1,1,1
8,670,0,1,0,1,0
8,671,0,1,0,0,1
8,672,0,1,0,1,1
8,673,1,1,0,1,0
8,674,0,1,1,0,1
8,675,0,1,1,1,1
8,676,1,1,0,0,1
8,677,0,0,0,0,1
8,678,0,1,0,0,1
8,679,1,0,0,0,1
8,680,1,1,0,0,0
8,681,1,1,1,0,0
8,682,1,1,1,1,0
8,683,0,1,1,1,0
8,684,1,1,0,1,0
8,685,1,0,1,0,1
8,686,1,1,0,1,1
8,687,1,0,1,1,1
8,688,0,0,1,0,1
8,689,0,0,1,1,1
8,690,0,1,0,0,1
8,691,0,1,1,0,1
8,692,0,1,1,1,0
8,693,1,1,1,1,1
8,694,0,1,0,0,0
8,695,0,1,1,1,1
8,696,0,0,1,0,0
8,697,0,0,1,0,0
8,698,0,1,0,1,0
8,699,1,1,1,0,0
8,700,1,1,0,0,0
8,701,1,1,0,1,1
8,702,1,1,1,0,0
8,703,0,0,1,0,1
8,704,0,1,0,1,1
8,705,1,1,0,1,1
8,706,0,1,1,1,1
8,707,0,1,0,1,1
8,708,0,1,1,0,0
8,709,1,0,0,1,0
8,710,0,0,1,1,1
8,711,1,0,0,0,1
8,712,0,0,0,0,1
8,713,0,1,0,1,0
8,714,0,1,0,1,1
8,715,0,1,1,0,1
8,716,1,1,1,0,0
8,717,1,1,0,1,1
8,718,0,1,1,0,0
8,719,0,0,0,1,0
8,720,1,0,0,1,1
8,721,1,1,0,0,1
8,722,0,0,1,1,1
8,723,0,1,1,0,1
8,724,0,0,0,1,1
8,725,1,0,0,0,0
8,726,1,1,1,1,1
8,727,1,1,1,1,1
8,728,0,1,0,1,1
8,729,1,1,0,1,1
8,730,0,1,0,1,1
8,731,0,1,0,0,0
8,732,1,0,1,1,1
8,733,0,1,0,0,0
8,734,1,1,0,1,0
8,735,1,1,1,0,1
8,736,1,1,0,1,0
8,737,1,0,0,1,1
8,738,0,0,0,1,1
8,739,1,1,0,0,1
8,740,1,0,1,0,0
8,741,1,1,1,0,1
8,742,0,0,0,1,0
8,743,1,1,0,1,0
8,744,0,1,1,1,1
8,745,1,1,0,0,0
8,746,1,0,1,0,0
8,747,1,0,0,1,1
8,748,1,0,1,1,0
8,749,1,1,1,0,1
8,750,1,1,0,0,1
8,751,0,1,1,1,0
8,752,1,1,1,1,0
8,753,0,0,0,0,1
8,754,1,1,1,1,0
8,755,0,1,1,0,0
8,756,1,1,0,1,1
8,757,0,0,1,0,1
8,758,1,1,0,1,1
8,759,0,0,0,0,1
8,760,0,0,1,0,1
8,761,1,1,0,1,1
8,762,1,1,0,0,1
8,763,1,1,1,1,0
8,764,0,1,0,1,0
8,765,0,0,0,0,1
8,766,1,1,1,1,1
8,767,1,0,0,1,1
8,768,1,0,1,1,0
8,769,1,1,0,0,1
8,770,1,1,1,0,0
8,771,0,1,1,1,0
8,772,1,1,1,0,1
8,773,1,0,1,0,0
8,774,1,0,0,0,0
8,775,1,1,1,1,1
8,776,1,0,1,0,1
8,777,0,1,0,1,0
8,778,0,1,0,1,0
8,779,1,1,0,0,1
8,780,0,0,0,1,0
8,781,1,1,0,0,0
8,782,1,1,0,0,1
8,783,0,1,1,1,1
8,784,0,0,1,1,0
8,785,0,1,1,1,1
8,786,1,0,1,0,1
8,787,0,1,1,0,0
8,788,1,1,1,0,1
8,789,1,1,1,1,0
8,790,1,0,1,0,0
8,791,0,1,0,1,0
8,792,0,1,1,1,0
8,793,1,1,0,0,0
8,794,1,1,1,1,1
8,795,1,1,1,1,0
8,796,0,0,0,1,1
8,797,0,0,0,1,1
8,798,0,1,0,1,0
8,799,1,1,1,0,1
8,800,0,0,1,0,0
8,801,1,1,1,1,0
8,802,1,0,0,0,0
8,803,0,1,0,1,1
8,804,1,1,0,1,0
8,805,0,1,1,0,0
8,806,0,1,0,1,0
8,807,1,1,0,0,1
8,808,1,1,1,1,1
8,809,0,1,0,1,0
8,810,0,1,1,0,0
8,811,1,0,1,1,0
8,812,1,0,0,0,0
8,813,1,1,0,1,1
8,814,1,0,1,0,1
8,815,0,1,1,0,1
8,816,0,1,1,0,1
8,817,1,1,1,1,1
8,818,0,0,1,0,1
8,819,1,1,0,1,0
8,820,0,1,1,0,0
8,821,1,1,0,1,1
8,822,1,1,1,0,0
8,823,1,1,1,0,0
8,824,0,0,0,0,1
8,825,0,1,0,0,1
8,826,0,0,1,1,1
8,827,1,0,1,1,1
8,828,1,1,0,0,1
8,829,0,1,0,1,1
8,830,1,1,1,1,0
8,831,1,1,0,1,1
8,832,1,1,0,0,0
8,833,0,0,0,0,0
8,834,1,0,0,1,0
8,835,1,1,0,1,1
8,836,0,1,1,0,1
8,837,0,0,0,1,1
8,838,0,1,1,1,1
8,839,0,0,1,0,0
8,840,0,1,1,1,1
8,841,1,1,0,1,0
8,842,1,0,0,1,1
8,843,1,1,1,1,0
8,844,1,1,0,0,0
8,845,1,0,0,1,0
8,846,1,1,1,1,0
8,847,1,0,0,1,1
8,848,1,1,1,1,0
8,849,0,0,0,0,1
8,850,0,1,1,1,0
8,851,0,0,0,1,0
8,852,1,1,0,0,1
8,853,1,0,0,0,1
8,854,0,1,1,0,1
8,855,0,1,0,1,1
8,856,1,0,0,0,1
8,857,0,1,1,0,1
8,858,0,0,1,1,0
8,859,1,1,0,1,0
8,860,1,0,1,0,1
8,861,0,0,1,1,0
8,862,1,0,0,1,0
8,863,0,0,1,0,0
8,864,0,0,0,0,1
8,865,1,0,0,1,1
8,866,0,1,0,1,1
8,867,0,0,0,0,1
8,868,0,1,0,0,1
8,869,0,0,1,1,0
8,870,0,0,1,1,1
8,871,1,0,1,1,1
8,872,0,1,0,1,1
8,873,0,1,1,0,0
8,874,1,1,0,1,1
8,875,0,1,0,1,0
8,876,0,0,1,1,0
8,877,0,0,1,0,1
8,878,0,1,1,1,1
8,879,1,0,1,1,1
8,880,0,1,0,0,0
8,881,0,1,1,1,0
8,882,1,0,1,1,1
8,883,1,1,1,0,1
8,884,0,1,1,0,0
8,885,1,0,1,0,1
8,886,1,1,0,0,0
8,887,0,0,0,1,1
8,888,1,1,0,0,1
8,889,0,1,1,1,0
8,890,1,0,0,0,0
8,891,1,0,0,1,0
8,892,0,1,1,1,1
8,893,1,1,0,1,1
8,894,1,0,1,0,0
8,895,0,1,0,0,1
8,896,1,0,0,1,1
8,897,0,1,0,0,0
8,898,1,0,0,1,0
8,899,0,1,0,0,0
8,900,0,1,1,1,1
8,901,1,0,0,0,1
8,902,0,1,0,1,1
8,903,0,0,1,0,0
8,904,1,1,1,1,0
8,905,0,1,1,0,1
8,906,0,1,1,0,1
8,907,1,1,1,1,1
8,908,1,1,0,0,0
8,909,1,0,0,1,1
8,910,1,0,1,0,0
8,911,1,0,1,0,0
8,912,0,1,0,0,1
8,913,1,1,0,1,1
8,914,0,0,1,0,1
8,915,0,1,0,1,0
8,916,0,0,1,1,0
8,917,1,1,1,0,0
8,918,0,1,0,1,1
8,919,1,1,1,0,0
8,920,0,0,1,1,1
8,921,0,0,1,0,0
8,922,0,1,0,0,1
8,923,0,1,0,1,0
8,924,0,1,1,0,1
8,925,0,1,0,1,1
8,926,0,1,1,1,1
8,927,1,1,0,0,0
8,928,1,0,1,0,0
8,929,0,0,1,0,0
8,930,1,0,0,1,1
8,931,1,0,0,0,0
8,932,0,1,1,0,1
8,933,1,1,0,1,1
8,934,0,1,0,1,1
8,935,1,1,1,1,0
8,936,0,1,1,1,1
8,937,0,1,1,1,1
8,938,0,0,1,1,0
8,939,0,0,0,0,0
8,940,0,1,1,0,0
8,941,1,1,0,1,0
8,942,0,0,0,1,0
8,943,1,0,1,1,0
8,944,1,1,1,1,1
8,945,1,1,0,0,1
8,946,0,1,1,1,1
8,947,0,1,1,1,0
8,948,1,1,0,1,1
8,949,1,1,0,1,0
8,950,0,1,0,1,0
8,951,1,0,1,1,0
8,952,0,1,1,1,0
8,953,0,1,0,1,1
8,954,0,0,1,1,1
8,955,0,0,0,0,0
8,956,0,1,1,0,0
8,957,0,1,0,0,0
8,958,1,1,0,1,0
8,959,1,0,1,1,0
8,960,0,1,1,0,0
8,961,1,0,0,1,1
8,962,1,0,1,1,1
8,963,0,1,1,0,0
8,964,1,0,1,1,1
8,965,0,0,0,0,1
8,966,0,1,1,0,0
8,967,0,1,0,1,1
8,968,0,0,1,1,0
8,969,1,0,1,1,1
8,970,1,1,1,1,1
8,971,1,0,1,0,0
8,972,1,0,0,1,1
8,973,1,1,1,0,1
8,974,1,0,1,1,1
8,975,0,0,1,1,0
8,976,1,1,1,1,0
8,977,1,0,1,1,1
8,978,0,1,1,0,1
8,979,0,1,1,1,0
8,980,1,0,0,1,0
8,981,0,1,0,1,0
8,982,1,1,0,1,1
8,983,0,0,0,0,1
8,984,0,0,1,1,1
8,985,0,1,1,0,1
8,986,1,1,1,1,0
8,987,1,0,0,1,1
8,988,1,0,1,1,0
8,989,1,1,1,1,1
8,990,0,1,0,0,0
8,991,0,1,1,1,1
8,992,1,0,1,0,0
8,993,0,0,0,1,1
8,994,1,1,1,0,0
8,995,0,0,1,1,0
8,996,1,1,1,0,1
8,997,1,0,0,1,1
8,998,1,1,0,0,1
8,999,0,1,1,1,0
9,0,1,1,0,0,0
9,1,1,1,1,0,1
9,2,1,0,0,0,1
9,3,0,1,0,1,0
9,4,1,1,1,0,0
9,5,1,1,0,0,1
9,6,0,1,0,0,0
9,7,0,1,1,0,0
9,8,0,1,1,0,1
9,9,1,1,1,1,0
9,10,1,1,0,0,1
9,11,1,0,1,1,0
9,12,1,1,0,0,0
9,13,1,0,1,0,1
9,14,0,0,1,0,0
9,15,1,1,0,1,0
9,16,1,1,1,0,0
9,17,1,0,1,1,1
9,18,1,1,1,0,0
9,19,1,1,1,1,0
9,20,1,1,1,0,0
9,21,0,1,0,1,0
9,22,0,0,0,0,1
9,23,0,1,0,1,0
9,24,0,0,0,1,0
9,25,0,1,0,1,0
9,26,0,1,1,0,0
9,27,0,0,1,1,0
9,28,1,0,0,1,0
9,29,0,1,1,0,0
9,30,1,1,0,1,1
9,31,0,1,0,0,0
9,32,1,1,0,1,1
9,33,1,1,0,1,1
9,34,0,1,0,1,1
9,35,1,0,0,1,1
9,36,0,0,0,0,1
9,37,1,0,1,1,1
9,38,1,0,1,1,0
9,39,1,1,1,0,0
9,40,1,1,0,1,0
9,41,0,0,0,1,1
9,42,0,0,1,0,1
9,43,0,0,0,0,1
9,44,1,0,0,1,1
9,45,1,1,0,0,1
9,46,1,1,1,1,1
9,47,1,0,0,1,1
9,48,1,1,0,1,1
9,49,1,1,1,0,0
9,50,0,1,1,0,1
9,51,1,1,1,1,0
9,52,1,1,0,0,1
9,53,1,0,0,0,1
9,54,1,0,1,1,0
9,55,0,0,1,0,1
9,56,1,0,1,0,0
9,57,0,0,1,1,0
9,58,1,0,1,0,1
9,59,1,0,0,1,1
9,60,0,0,0,1,0
9,61,0,1,0,1,0
9,62,1,0,0,1,1
9,63,1,1,0,1,0
9,64,1,0,1,1,0
9,65,1,1,1,1,0
9,66,1,1,0,1,1
9,67,0,0,0,1,1
9,68,0,1,0,0,0
9,69,1,1,1,1,1
9,70,1,1,0,1,0
9,71,1,0,1,1,0
9,72,1,0,1,1,0
9,73,1,1,0,0,1
9,74,1,1,0,1,0
9,75,1,1,0,0,1
9,76,1,0,0,1,0
9,77,0,1,0,1,0
9,78,1,0,0,0,1
9,79,1,0,0,1,1
9,80,1,1,1,1,1
9,81,1,0,0,1,1
9,82,1,1,1,1,0
9,83,0,0,1,1,1
9,84,1,1,1,0,1
9,85,0,1,1,1,0
9,86,1,1,0,0,1
9,87,0,0,0,0,1
9,88,1,0,1,1,0
9,89,1,1,1,1,1
9,90,0,1,0,0,0
9,91,0,1,0,0,0
9,92,1,0,1,0,1
9,93,1,1,0,1,0
9,94,0,1,0,1,1
9,95,1,0,1,0,1
9,96,1,0,1,0,0
9,97,0,0,1,0,1
9,98,0,0,1,0,1
9,99,1,1,0,0,1
9,100,0,0,0,1,1
9,101,1,1,0,1,0
9,102,1,1,0,0,1
9,103,0,1,1,0,0
9,104,1,1,1,1,1
9,105,1,1,0,1,1
9,106,1,1,1,1,1
9,107,1,0,1,0,0
9,108,1,1,0,1,1
9,109,1,1,0,1,0
9,110,1,1,1,1,0
9,111,1,0,1,1,0
9,112,1,1,1,1,0
9,113,1,0,1,1,1
9,114,0,0,0,0,0
9,115,1,1,1,1,0
9,116,1,0,1,1,1
9,117,1,0,0,1,0
9,118,1,1,0,1,1
9,119,0,1,0,0,1
9,120,0,1,1,0,0
9,121,0,1,0,1,0
9,122,1,1,0,0,1
9,123,1,1,0,0,1
9,124,0,1,1,1,0
9,125,0,0,1,1,1
9,126,0,0,0,1,0
9,127,0,1,1,1,1
9,128,1,1,1,1,1
9,129,0,0,1,1,0
9,130,1,0,0,0,0
9,131,0,1,1,1,1
9,132,1,0,1,1,0
9,133,1,1,0,1,1
9,134,0,0,1,0,1
9,135,1,1,0,0,0
9,136,0,1,1,1,0
9,137,1,1,0,1,0
9,138,0,1,0,1,1
9,139,1,1,0,0,1
9,140,1,0,1,1,1
9,141,0,1,1,1,1
9,142,1,0,1,0,1
9,143,1,0,1,1,1
9,144,0,1,1,1,1
9,145,0,1,1,0,1
9,146,0,0,1,1,0
9,147,0,1,1,0,1
9,148,0,1,1,1,1
9,149,1,1,0,0,1
9,150,1,0,0,1,1
9,151,0,1,0,0,1
9,152,1,0,0,0,1
9,153,0,0,0,1,0
9,154,1,0,0,1,1
9,155,0,0,0,1,1
9,156,1,1,1,1,0
9,157,1,0,1,0,1
9,158,0,0,0,0,0
9,159,0,1,1,1,1
9,160,1,0,1,1,0
9,161,1,1,0,1,1
9,162,1,1,0,1,1
9,163,0,0,1,0,1
9,164,0,1,0,0,0
9,165,1,1,0,0,1
9,166,1,1,0,0,0
9,167,1,0,0,1,1
9,168,0,1,1,0,1
9,169,1,1,1,1,1
9,170,1,0,1,1,1
9,171,0,0,1,0,0
9,172,1,1,0,0,1
9,173,0,0,1,0,1
9,174,0,0,1,1,1
9,175,1,1,1,1,0
9,176,1,1,0,1,0
9,177,1,0,1,1,1
9,178,1,1,0,1,1
9,179,0,1,1,1,1
9,180,0,1,1,1,1
9,181,0,0,1,1,1
9,182,1,1,1,0,0
9,183,0,1,0,1,0
9,184,1,1,1,1,0
9,185,1,1,1,1,0
9,186,0,0,1,1,1
9,187,1,1,1,1,1
9,188,0,0,1,0,0
9,189,1,1,1,1,1
9,190,1,1,1,1,0
9,191,0,1,1,1,1
9,192,0,0,1,1,0
9,193,0,0,1,1,0
9,194,0,1,0,1,1
9,195,1,1,1,1,0
9,196,0,0,0,1,0
9,197,0,0,1,1,0
9,198,1,1,0,1,1
9,199,1,1,0,1,1
9,200,1,1,1,1,1
9,201,0,0,0,0,1
9,202,0,1,0,0,0
9,203,0,1,1,1,1
9,204,1,1,1,1,0
9,205,0,1,1,0,1
9,206,1,1,1,1,0
9,207,1,1,1,0,1
9,208,0,1,1,0,0
9,209,0,0,0,1,1
9,210,0,1,1,1,0
9,211,1,1,1,1,1
9,212,0,0,1,0,1
9,213,1,1,1,0,0
9,214,1,1,1,1,1
9,215,0,1,0,1,0
9,216,0,1,1,1,0
9,217,0,0,1,1,1
9,218,1,1,1,1,1
9,219,0,1,0,0,0
9,220,1,1,0,1,1
9,221,1,0,1,1,0
9,222,0,1,1,1,1
9,223,0,0,0,1,1
9,224,1,1,0,0,1
9,225,1,0,1,0,1
9,226,1,1,0,1,1
9,227,0,1,0,1,1
9,228,1,0,1,0,0
9,229,1,1,0,0,1
9,230,1,0,1,0,0
9,231,0,1,1,1,1
9,232,1,1,0,0,0
9,233,1,0,1,0,0
9,234,1,1,1,0,1
9,235,1,0,0,1,1
9,236,1,1,1,0,0
9,237,0,1,0,1,1
9,238,1,0,1,1,1
9,239,1,0,1,1,1
9,240,1,1,1,1,1
9,241,0,0,0,1,0
9,242,1,0,1,0,1
9,243,1,1,1,0,0
9,244,1,0,1,1,1
9,245,1,1,1,1,0
9,246,1,1,1,1,1
9,247,0,0,1,0,1
9,248,1,1,0,0,1
9,249,1,0,0,0,1
9,250,0,0,0,1,0
9,251,1,1,1,0,0
9,252,0,1,0,1,1
9,253,1,1,1,0,0
9,254,0,1,1,0,0
9,255,1,1,1,0,1
9,256,1,1,1,1,1
9,257,0,1,0,1,1
9,258,0,1,0,0,0
9,259,0,1,0,1,0
9,260,1,1,0,1,1
9,261,0,0,1,0,0
9,262,0,1,1,0,1
9,263,0,1,1,0,0
9,264,0,1,1,0,1
9,265,0,1,0,0,1
9,266,1,1,1,1,1
9,267,1,1,1,1,1
9,268,1,0,1,0,1
9,269,1,1,0,1,1
9,270,1,0,1,0,0
9,271,0,1,1,0,0
9,272,0,0,1,1,0
9,273,0,1,0,0,0
9,274,1,0,1,1,0
9,275,1,0,1,0,1
9,276,1,0,0,0,1
9,277,1,0,1,1,1
9,278,0,1,0,1,1
9,279,0,1,0,1,1
9,280,1,0,0,1,1
9,281,0,0,0,0,0
9,282,0,1,0,0,1
9,283,1,0,1,0,1
9,284,0,1,0,0,1
9,285,1,1,1,1,1
9,286,1,1,1,1,0
9,287,1,1,1,1,1
9,288,1,1,1,0,1
9,289,0,0,1,1,1
9,290,0,1,0,1,1
9,291,0,1,0,1,0
9,292,1,0,1,1,1
9,293,0,1,1,0,0
9,294,1,0,0,0,1
9,295,0,1,0,0,0
9,296,0,1,0,1,1
9,297,0,0,0,0,0
9,298,0,0,1,0,0
9,299,0,0,1,1,0
9,300,0,1,1,1,1
9,301,0,0,1,1,1
9,302,1,1,1,1,1
9,303,1,0,0,1,1
9,304,1,0,1,0,1
9,305,1,1,1,1,1
9,306,1,0,1,0,0
9,307,1,1,0,1,0
9,308,0,1,1,0,1
9,309,1,0,0,0,1
9,310,0,1,1,1,0
9,311,1,0,0,0,0
9,312,0,1,1,0,0
9,313,1,1,1,1,1
9,314,0,0,0,0,1
9,315,1,0,0,0,0
9,316,0,0,0,1,1
9,317,1,0,0,1,1
9,318,1,1,0,0,1
9,319,0,1,0,0,0
9,320,1,0,0,1,1
9,321,1,1,1,1,1
9,322,1,0,1,0,1
9,323,0,1,1,0,0
9,324,0,1,1,1,1
9,325,1,1,1,0,1
9,326,1,1,0,0,0
9,327,0,1,1,0,0
9,328,1,1,0,1,1
9,329,1,1,0,1,0
9,330,1,0,0,0,1
9,331,0,0,0,1,1
9,332,1,0,1,1,0
9,333,1,1,0,0,1
9,334,0,0,1,1,0
9,335,1,0,1,1,1
9,336,1,1,1,1,1
9,337,1,0,1,1,0
9,338,1,0,1,0,0
9,339,0,0,0,1,1
9,340,1,1,1,1,0
9,341,1,1,1,0,1
9,342,1,0,1,1,1
9,343,1,1,0,1,0
9,344,1,0,1,1,1
9,345,0,1,0,0,0
9,346,1,1,1,0,1
9,347,1,1,1,0,1
9,348,1,0,0,1,1
9,349,1,1,1,1,0
9,350,1,1,1,1,1
9,351,0,0,0,1,0
9,352,0,0,1,1,0
9,353,1,1,0,0,0
9,354,1,1,1,0,1
9,355,1,0,1,0,1
9,356,1,0,0,0,1
9,357,0,0,1,1,1
9,358,0,1,1,0,0
9,359,1,0,0,1,1
9,360,1,1,1,0,0
9,361,1,1,1,0,1
9,362,0,1,1,0,1
9,363,0,0,1,0,0
9,364,1,1,1,1,1
9,365,0,0,1,1,1
9,366,1,0,0,0,1
9,367,0,1,0,1,1
9,368,0,1,0,0,1
9,369,0,0,1,1,0
9,370,1,1,1,0,1
9,371,1,0,1,1,0
9,372,1,1,1,0,0
9,373,0,0,0,0,1
9,374,0,0,0,0,0
9,375,1,0,1,0,1
9,376,0,1,1,0,0
9,377,1,0,1,1,0
9,378,0,1,1,0,0
9,379,0,0,0,1,0
9,380,0,1,0,1,0
9,381,0,1,1,0,1
9,382,1,1,1,1,0
9,383,0,1,0,0,1
9,384,0,1,0,0,1
9,385,1,0,0,0,0
9,386,0,0,0,0,0
9,387,1,0,1,0,0
9,388,1,1,1,0,0
9,389,0,1,0,1,1
9,390,1,1,0,0,1
9,391,1,1,1,0,1
9,392,1,0,1,1,0
9,393,0,0,0,1,0
9,394,0,1,1,0,1
9,395,1,0,1,1,0
9,396,0,1,1,0,0
9,397,0,0,1,0,1
9,398,0,0,1,0,0
9,399,1,0,0,0,0
9,400,1,0,0,1,1
9,401,1,1,0,1,1
9,402,1,1,1,1,1
9,403,0,0,0,1,1
9,404,1,1,0,0,0
9,405,1,0,1,0,0
9,406,0,1,0,0,0
9,407,1,0,0,0,1
9,408,0,0,1,0,1
9,409,0,1,1,1,0
9,410,1,0,1,1,0
9,411,0,0,1,0,1
9,412,1,1,1,1,1
9,413,1,1,1,0,1
9,414,0,1,0,1,1
9,415,1,1,0,0,0
9,416,0,0,0,0,0
9,417,0,1,1,0,1
9,418,1,1,0,1,1
9,419,1,1,1,0,1
9,420,1,1,1,1,0
9,421,0,1,0,0,0
9,422,0,1,1,0,1
9,423,0,1,0,1,1
9,424,1,1,0,1,0
9,425,1,1,0,0,1
9,426,1,1,1,1,0
9,427,1,1,0,0,1
9,428,1,0,1,0,1
9,429,1,0,0,0,1
9,430,1,1,1,1,1
9,431,1,1,1,1,1
9,432,1,1,1,1,1
9,433,1,0,1,1,1
9,434,0,1,1,0,1
9,435,1,0,1,1,1
9,436,0,1,1,0,1
9,437,1,0,1,1,1
9,438,1,0,0,0,0
9,439,1,0,0,1,0
9,440,1,0,0,0,0
9,441,0,0,1,0,0
9,442,1,0,0,0,1
9,443,0,1,1,1,0
9,444,1,0,0,1,0
9,445,1,1,1,0,0
9,446,0,1,0,0,1
9,447,1,0,0,0,0
9,448,1,0,1,0,1
9,449,0,1,0,0,1
9,450,0,0,0,0,1
9,451,0,1,0,1,0
9,452,1,1,0,0,0
9,453,0,0,1,1,0
9,454,1,1,1,1,1
9,455,1,1,1,0,1
9,456,1,1,0,0,0
9,457,1,1,1,0,0
9,458,1,1,1,1,1
9,459,0,0,1,0,1
9,460,0,1,1,0,0
9,461,1,0,1,1,1
9,462,0,1,1,0,1
9,463,1,1,0,0,0
9,464,1,0,1,0,1
9,465,0,1,1,0,1
9,466,0,0,1,1,1
9,467,0,1,0,0,1
9,468,0,1,1,1,0
9,469,0,1,1,0,1
9,470,1,1,1,1,0
9,471,0,0,1,0,0
9,472,0,1,0,1,1
9,473,1,0,1,0,0
9,474,1,1,1,1,0
9,475,0,0,1,0,1
9,476,1,1,1,1,0
9,477,1,1,1,0,0
9,478,1,1,1,0,1
9,479,0,1,0,1,1
9,480,0,0,0,1,1
9,481,0,1,1,1,1
9,482,0,1,0,1,1
9,483,0,0,0,0,0
9,484,1,1,1,1,1
9,485,0,0,1,1,1
9,486,1,0,1,1,1
9,487,1,1,1,0,1
9,488,1,1,1,1,1
9,489,1,0,1,0,1
9,490,0,1,1,1,1
9,491,0,1,0,0,0
9,492,0,1,1,1,0
9,493,0,1,1,0,1
9,494,0,1,0,1,1
9,495,0,0,0,1,1
9,496,1,1,1,1,0
9,497,0,1,1,0,1
9,498,1,0,1,1,1
9,499,0,0,1,0,0
9,500,0,1,1,1,0
9,501,1,1,1,1,1
9,502,1,0,1,1,0
9,503,1,0,1,0,1
9,504,0,1,0,0,1
9,505,1,0,0,1,1
9,506,1,1,0,1,0
9,507,1,0,0,0,1
9,508,1,0,0,1,0
9,509,0,0,0,0,1
9,510,1,1,1,0,1
9,511,0,1,1,1,0
9,512,1,1,0,1,1
9,513,0,1,0,1,0
9,514,0,0,0,1,1
9,515,1,1,1,1,0
9,516,1,0,1,1,0
9,517,1,0,1,1,1
9,518,0,1,0,1,1
9,519,0,0,1,0,1
9,520,1,0,0,1,1
9,521,0,0,1,0,1
9,522,1,1,1,1,1
9,523,0,1,1,0,1
9,524,0,1,1,1,1
9,525,0,1,1,0,1
9,526,1,1,0,0,1
9,527,0,0,1,1,1
9,528,1,0,1,1,1
9,529,0,1,1,1,1
9,530,0,0,0,1,0
9,531,1,0,1,1,1
9,532,1,0,1,1,1
9,533,1,1,1,0,1
9,534,0,1,1,1,0
9,535,1,1,0,0,0
9,536,0,1,1,1,1
9,537,1,0,1,0,1
9,538,0,0,0,1,0
9,539,1,1,0,1,1
9,540,0,1,0,1,1
9,541,0,0,1,0,1
9,542,1,1,0,0,1
9,543,0,0,1,1,0
9,544,0,1,1,0,1
9,545,0,1,1,1,1
9,546,0,0,1,1,0
9,547,0,0,1,1,0
9,548,1,1,0,0,1
9,549,0,0,1,1,0
9,550,1,0,1,0,0
9,551,1,1,0,1,0
9,552,1,0,0,0,0
9,553,0,1,0,0,0
9,554,1,1,1,1,0
9,555,0,1,0,0,0
9,556,0,1,1,0,1
9,557,0,1,1,0,0
9,558,0,1,1,0,1
9,559,1,1,1,1,0
9,560,1,1,1,0,1
9,561,1,0,0,1,0
9,562,0,1,0,0,0
9,563,1,0,0,0,0
9,564,1,1,0,0,0
9,565,0,0,0,1,1
9,566,1,1,0,1,0
9,567,0,0,1,0,1
9,568,0,1,0,1,1
9,569,0,1,0,0,1
9,570,1,0,0,1,1
9,571,1,0,0,1,1
9,572,0,1,0,0,1
9,573,1,1,0,0,0
9,574,1,1,1,1,1
9,575,1,1,0,0,1
9,576,0,1,1,1,1
9,577,0,1,1,1,1
9,578,1,1,0,0,0
9,579,0,0,0,1,0
9,580,1,0,1,0,0
9,581,0,1,0,1,1
9,582,1,1,1,0,1
9,583,0,1,1,1,1
9,584,0,0,0,0,1
9,585,0,1,1,0,0
9,586,0,1,1,1,1
9,587,0,0,0,1,0
9,588,0,1,1,0,1
9,589,0,1,0,1,0
9,590,1,0,0,1,0
9,591,1,0,1,1,1
9,592,1,1,1,0,1
9,593,0,1,0,1,1
9,594,1,1,0,0,1
9,595,0,1,0,1,1
9,596,1,1,1,0,1
9,597,0,0,1,0,1
9,598,0,1,0,1,1
9,599,1,0,0,1,1
9,600,1,1,0,0,0
9,601,0,1,1,1,1
9,602,1,1,0,1,0
9,603,0,0,1,1,1
9,604,0,0,1,1,0
9,605,0,1,1,1,1
9,606,0,1,1,0,1
9,607,0,0,0,1,1
9,608,0,1,1,0,0
9,609,0,1,1,1,0
9,610,1,1,0,1,1
9,611,0,1,1,1,1
9,612,0,0,1,0,1
9,613,0,1,1,1,0
9,614,0,1,1,1,0
9,615,0,0,1,0,1
9,616,0,0,1,1,1
9,617,1,1,1,1,0
9,618,0,1,1,0,0
9,619,1,1,1,1,0
9,620,0,1,0,0,0
9,621,1,1,1,1,1
9,622,0,1,1,0,1
9,623,0,0,0,1,0
9,624,1,1,1,1,1
9,625,0,0,1,0,1
9,626,0,0,0,1,0
9,627,0,1,1,1,1
9,628,1,0,1,1,1
9,629,0,1,0,1,1
9,630,0,1,0,0,0
9,631,0,1,0,0,1
9,632,0,0,1,1,0
9,633,1,1,0,0,1
9,634,0,0,0,0,1
9,635,0,1,0,0,1
9,636,0,1,1,1,1
9,637,1,0,1,1,1
9,638,1,1,1,1,0
9,639,1,1,1,1,0
9,640,1,1,1,1,1
9,641,1,1,0,0,1
9,642,1,1,0,0,1
9,643,0,0,1,1,0
9,644,1,1,1,1,1
9,645,0,1,1,1,1
9,646,0,1,1,1,0
9,647,0,0,0,1,1
9,648,0,1,1,0,1
9,649,1,0,1,1,1
9,650,0,1,0,0,1
9,651,1,0,1,0,0
9,652,0,1,0,1,1
9,653,1,1,0,1,1
9,654,0,1,1,0,1
9,655,0,1,1,1,1
9,656,0,0,0,0,0
9,657,1,0,0,0,0
9,658,1,0,1,1,0
9,659,0,0,0,1,1
9,660,1,1,0,1,1
9,661,0,1,0,0,0
9,662,1,1,1,1,0
9,663,1,0,0,0,1
9,664,0,1,0,0,1
9,665,1,1,1,1,0
9,666,1,1,1,0,1
9,667,1,0,0,1,0
9,668,1,0,1,0,0
9,669,1,1,1,1,1
9,670,1,1,1,0,1
9,671,1,1,0,1,1
9,672,0,0,0,0,1
9,673,0,1,1,0,1
9,674,0,1,0,0,1
9,675,1,0,1,1,1
9,676,0,0,0,1,1
9,677,0,1,1,1,0
9,678,1,1,0,0,0
9,679,0,1,0,1,1
9,680,1,1,1,1,0
9,681,0,1,0,0,1
9,682,1,1,1,1,1
9,683,0,0,0,0,0
9,684,0,0,1,0,0
9,685,1,1,0,1,0
9,686,0,0,0,1,0
9,687,0,1,0,1,1
9,688,1,1,0,1,0
9,689,1,1,1,1,0
9,690,1,0,1,0,1
9,691,1,1,1,1,1
9,692,1,0,0,1,1
9,693,1,0,0,0,1
9,694,0,1,0,0,0
9,695,1,1,1,0,0
9,696,1,0,0,0,1
9,697,0,1,0,0,1
9,698,1,0,0,0,1
9,699,1,0,0,0,0
9,700,1,1,1,0,1
9,701,0,1,1,1,0
9,702,0,1,1,1,1
9,703,0,1,1,0,1
9,704,0,0,1,1,0
9,705,1,1,0,1,1
9,706,1,0,0,1,1
9,707,0,1,0,1,1
9,708,0,0,0,0,1
9,709,0,0,0,1,0
9,710,1,1,0,0,1
9,711,0,1,1,0,1
9,712,0,1,0,1,1
9,713,1,0,0,1,1
9,714,1,0,1,1,1
9,715,0,0,0,1,1
9,716,0,0,1,1,1
9,717,1,0,1,1,1
9,718,1,1,0,1,1
9,719,0,0,1,0,1
9,720,1,0,0,0,1
9,721,0,1,1,0,1
9,722,0,1,0,1,0
9,723,1,0,1,1,0
9,724,1,1,1,0,1
9,725,1,1,0,1,1
9,726,0,0,0,0,1
9,727,0,0,0,0,0
9,728,0,0,0,0,1
9,729,0,1,0,1,0
9,730,1,1,0,0,1
9,731,0,0,1,0,1
9,732,1,1,1,1,1
9,733,1,0,0,1,1
9,734,1,0,1,1,1
9,735,0,1,1,0,1
9,736,1,1,0,1,0
9,737,1,0,0,1,1
9,738,1,1,1,1,1
9,739,0,1,0,1,1
9,740,1,1,1,1,1
9,741,0,0,1,1,1
9,742,0,1,1,0,0
9,743,0,1,1,0,0
9,744,1,0,0,1,1
9,745,1,1,0,0,1
9,746,0,0,1,1,1
9,747,0,0,1,0,0
9,748,1,0,0,1,0
9,749,1,0,0,1,0
9,750,1,0,0,0,1
9,751,0,0,1,1,0
9,752,1,0,1,1,1
9,753,0,1,1,0,1
9,754,0,1,0,1,1
9,755,0,0,1,1,1
9,756,0,0,1,1,1
9,757,0,1,1,1,0
9,758,0,1,1,1,0
9,759,1,1,1,1,1
9,760,0,1,0,0,1
9,761,1,0,0,1,0
9,762,1,1,1,1,1
9,763,1,0,0,0,1
9,764,1,1,1,0,0
9,765,1,1,1,0,1
9,766,0,0,1,1,1
9,767,1,1,1,0,0
9,768,0,0,1,1,1
9,769,0,1,1,0,1
9,770,0,0,0,0,1
9,771,0,1,0,1,1
9,772,1,0,1,0,1
9,773,0,0,0,1,0
9,774,1,1,1,1,1
9,775,1,0,0,1,1
9,776,0,1,1,1,0
9,777,1,1,0,0,1
9,778,1,1,0,1,0
9,779,1,1,1,0,0
9,780,1,1,1,1,0
9,781,1,1,1,1,0
9,782,0,1,1,1,1
9,783,0,0,1,0,0
9,784,0,1,1,0,1
9,785,0,0,0,1,0
9,786,1,1,0,0,1
9,787,1,0,1,0,0
9,788,0,1,1,1,1
9,789,1,1,0,1,0
9,790,1,0,0,1,1
9,791,1,1,0,1,1
9,792,0,1,1,1,0
9,793,0,1,1,1,0
9,794,1,1,1,1,1
9,795,1,0,0,0,1
9,796,0,0,0,1,0
9,797,1,0,0,0,1
9,798,1,1,0,1,1
9,799,1,0,1,0,1
9,800,1,1,1,0,1
9,801,1,1,1,0,1
9,802,1,0,1,0,0
9,803,1,1,1,0,0
9,804,1,0,1,1,0
9,805,1,0,1,1,1
9,806,1,1,0,0,0
9,807,1,0,0,1,0
9,808,1,0,1,1,0
9,809,1,1,0,1,0
9,810,1,0,0,0,0
9,811,1,0,1,1,1
9,812,0,1,0,1,0
9,813,0,1,0,0,0
9,814,0,0,1,1,0
9,815,0,1,0,0,1
9,816,1,0,1,0,0
9,817,1,1,1,0,1
9,818,0,0,1,1,0
9,819,1,1,0,1,1
9,820,1,1,1,0,1
9,821,1,0,1,0,0
9,822,0,1,1,0,1
9,823,0,1,1,0,1
9,824,1,1,1,1,1
9,825,1,1,1,1,0
9,826,0,1,1,1,1
9,827,0,1,0,1,1
9,828,1,1,1,1,1
9,829,0,0,0,1,0
9,830,0,0,0,1,1
9,831,1,1,0,0,0
9,832,1,1,1,0,1
9,833,0,1,0,1,1
9,834,1,0,1,1,0
9,835,1,1,0,1,1
9,836,1,1,1,1,1
9,837,1,0,0,0,0
9,838,1,1,0,1,0
9,839,1,1,0,0,0
9,840,1,1,0,1,1
9,841,1,0,0,1,1
9,842,1,1,0,1,0
9,843,0,0,1,0,0
9,844,1,1,1,1,1
9,845,1,1,0,1,0
9,846,1,1,1,0,1
9,847,0,1,1,1,0
9,848,0,0,1,0,1
9,849,0,0,1,1,1
9,850,1,1,0,1,0
9,851,0,0,0,1,1
9,852,0,1,0,1,0
9,853,0,0,0,0,1
9,854,0,1,1,0,1
9,855,0,0,0,1,1
9,856,0,1,1,1,1
9,857,1,1,0,1,1
9,858,0,0,0,1,1
9,859,0,1,0,0,1
9,860,0,1,0,0,0
9,861,1,1,1,0,1
9,862,0,1,0,0,0
9,863,0,1,1,1,0
9,864,1,1,0,0,0
9,865,0,0,0,0,1
9,866,1,1,0,1,1
9,867,1,1,1,1,1
9,868,0,0,0,0,1
9,869,1,0,0,0,0
9,870,1,0,1,1,1
9,871,1,1,0,0,1
9,872,1,1,1,0,1
9,873,1,0,0,1,0
9,874,1,1,0,1,1
9,875,0,0,1,1,0
9,876,1,1,1,1,1
9,877,0,0,0,0,1
9,878,0,1,0,1,0
9,879,0,0,0,0,1
9,880,1,1,0,1,0
9,881,0,1,1,1,0
9,882,0,0,0,1,0
9,883,0,1,1,0,1
9,884,1,1,1,1,0
9,885,0,0,1,0,0
9,886,0,1,0,1,1
9,887,1,0,1,1,1
9,888,0,1,1,1,1
9,889,1,1,1,1,0
9,890,1,1,0,0,1
9,891,1,1,0,1,0
9,892,1,0,1,0,1
9,893,1,0,1,0,1
9,894,1,1,1,1,1
9,895,1,0,0,0,0
9,896,1,0,0,1,1
9,897,1,0,1,0,1
9,898,1,0,0,1,0
9,899,1,1,1,0,0
9,900,0,1,1,1,1
9,901,1,1,1,0,0
9,902,1,0,0,1,0
9,903,1,1,0,0,0
9,904,1,1,0,1,1
9,905,0,1,0,0,1
9,906,1,1,0,1,0
9,907,0,1,0,1,0
9,908,0,0,1,0,1
9,909,1,1,1,1,1
9,910,0,1,1,0,1
9,911,1,1,0,1,1
9,912,0,1,1,1,1
9,913,1,1,1,1,1
9,914,0,1,0,0,1
9,915,0,1,1,1,1
9,916,0,1,0,0,0
9,917,1,0,0,0,1
9,918,1,0,0,1,1
9,919,0,1,0,1,1
9,920,1,1,1,0,1
9,921,1,1,0,1,0
9,922,1,1,0,0,1
9,923,1,1,1,1,1
9,924,0,0,0,0,1
9,925,1,0,0,1,1
9,926,1,1,0,0,1
9,927,1,0,0,1,0
9,928,0,0,0,1,1
9,929,1,0,0,1,1
9,930,0,0,0,1,1
9,931,1,1,0,1,0
9,932,1,0,0,1,1
9,933,0,0,1,1,1
9,934,0,0,0,1,1
9,935,0,0,0,0,0
9,936,0,1,1,0,1
9,937,0,1,1,0,1
9,938,1,1,1,1,1
9,939,0,1,0,1,1
9,940,1,1,1,0,0
9,941,1,1,0,1,0
9,942,1,1,0,0,1
9,943,0,1,1,1,1
9,944,1,1,1,0,1
9,945,0,1,1,1,0
9,946,1,0,1,1,0
9,947,1,1,1,1,0
9,948,1,0,1,1,0
9,949,1,0,1,0,1
9,950,1,0,0,1,1
9,951,1,0,0,1,1
9,952,1,1,0,0,1
9,953,0,1,1,0,0
9,954,0,1,1,0,0
9,955,1,0,1,1,1
9,956,1,0,0,0,0
9,957,1,1,1,0,0
9,958,0,0,1,0,1
9,959,0,0,1,1,0
9,960,1,1,0,0,1
9,961,1,0,0,1,1
9,962,0,1,1,1,0
9,963,0,0,0,0,1
9,964,1,0,1,0,0
9,965,1,1,1,1,1
9,966,0,1,1,1,1
9,967,1,1,0,0,0
9,968,1,0,0,1,1
9,969,1,0,1,1,1
9,970,1,1,0,0,1
9,971,1,0,0,0,0
9,972,1,0,0,0,0
9,973,0,1,0,1,0
9,974,1,1,0,1,1
9,975,0,0,1,1,0
9,976,0,1,1,0,0
9,977,1,1,1,1,0
9,978,0,1,1,0,1
9,979,1,0,1,0,0
9,980,0,1,0,1,1
9,981,1,1,0,1,0
9,982,1,1,0,1,0
9,983,1,1,1,1,1
9,984,1,0,1,0,0
9,985,1,1,0,0,1
9,986,1,1,0,0,0
9,987,0,1,1,1,1
9,988,1,1,0,1,1
9,989,0,1,1,1,1
9,990,1,0,0,1,1
9,991,1,0,1,1,0
9,992,1,1,1,0,0
9,993,1,0,0,1,1
9,994,1,1,0,0,0
9,995,1,1,0,0,1
9,996,1,0,0,1,0
9,997,1,0,1,0,0
9,998,1,0,1,1,1
9,999,1,1,1,1,1
10,0,1,1,1,0,1
10,1,1,0,1,1,0
10,2,1,0,1,1,0
10,3,1,1,0,1,0
10,4,0,0,0,1,0
10,5,1,1,1,0,1
10,6,1,1,1,1,0
10,7,1,1,1,1,0
10,8,1,1,1,0,1
10,9,1,1,0,1,1
10,10,1,1,0,1,1
10,11,1,1,1,1,0
10,12,0,1,1,0,0
10,13,1,1,1,0,1
10,14,1,1,1,1,0
10,15,1,1,0,1,1
10,16,1,0,1,1,1
10,17,0,0,0,0,0
10,18,1,1,1,1,1
10,19,0,1,1,0,1
10,20,1,0,0,0,1
10,21,0,0,1,1,0
10,22,0,1,1,0,0
10,23,0,0,0,1,0
10,24,1,1,1,1,0
10,25,1,1,0,0,0
10,26,0,0,1,1,0
10,27,1,0,1,0,0
10,28,0,1,1,1,0
10,29,0,0,0,1,1
10,30,1,0,1,0,1
10,31,1,0,0,0,0
10,32,0,0,1,1,1
10,33,0,0,0,0,0
10,34,0,0,0,1,1
10,35,1,0,1,1,0
10,36,1,1,1,1,0
10,37,0,0,1,0,0
10,38,1,0,0,1,1
10,39,0,0,0,1,1
10,40,1,1,1,0,1
10,41,0,0,1,1,1
10,42,0,1,1,1,0
10,43,1,1,1,1,1
10,44,0,0,1,0,1
10,45,1,1,1,0,0
10,46,0,1,1,1,1
10,47,1,0,1,1,1
10,48,1,0,0,1,1
10,49,0,0,0,1,0
10,50,0,0,1,1,0
10,51,0,0,0,1,0
10,52,1,1,0,0,0
10,53,1,0,0,0,1
10,54,1,1,0,0,1
10,55,0,0,1,1,0
10,56,0,0,0,0,0
10,57,1,0,0,0,0
10,58,0,1,0,0,1
10,59,1,1,1,1,0
10,60,0,1,1,0,0
10,61,0,1,1,1,0
10,62,1,0,0,0,0
10,63,0,0,0,0,1
10,64,1,1,0,1,1
10,65,1,1,0,1,1
10,66,0,0,0,1,1
10,67,1,0,0,1,0
10,68,1,0,1,1,1
10,69,0,1,0,0,1
10,70,1,0,1,0,1
10,71,1,1,0,1,1
10,72,1,0,1,1,1
10,73,1,1,0,1,1
10,74,1,1,1,0,0
10,75,1,0,1,0,1
10,76,1,1,0,0,1
10,77,1,0,1,1,1
10,78,0,0,0,1,1
10,79,0,0,1,1,0
10,80,0,1,1,1,0
10,81,0,1,0,0,1
10,82,0,1,1,0,1
10,83,1,1,1,1,1
10,84,0,1,1,1,1
10,85,1,0,0,1,0
10,86,1,1,1,0,0
10,87,0,1,0,1,1
10,88,0,1,1,0,1
10,89,1,0,1,0,1
10,90,0,1,1,1,0
10,91,1,0,1,1,1
10,92,0,1,0,1,1
10,93,0,0,1,1,1
10,94,1,1,0,1,1
10,95,0,0,1,1,1
10,96,0,1,0,1,1
10,97,0,0,0,1,1
10,98,1,1,1,1,1
10,99,1,0,1,1,0
10,100,0,1,1,1,1
10,101,1,1,0,1,1
10,102,1,0,1,1,1
10,103,1,0,0,1,0
10,104,0,1,1,1,0
10,105,1,1,1,0,1
10,106,0,0,0,1,0
10,107,1,1,1,0,1
10,108,0,0,1,0,1
10,109,0,1,1,1,1
10,110,0,0,1,0,1
10,111,1,0,1,0,0
10,112,0,0,1,0,0
10,113,1,0,1,1,0
10,114,0,0,0,1,1
10,115,1,0,0,1,1
10,116,1,0,1,0,1
10,117,0,1,1,1,0
10,118,0,0,1,0,0
10,119,1,0,0,1,1
10,120,1,1,0,0,1
10,121,0,1,1,1,1
10,122,1,1,1,0,0
10,123,0,1,1,0,0
10,124,1,1,1,1,1
10,125,1,1,1,0,0
10,126,1,0,1,0,1
10,127,0,0,1,1,1
10,128,0,0,1,1,1
10,129,0,0,0,1,1
10,130,1,0,1,1,0
10,131,1,0,0,0,1
10,132,1,0,1,1,1
10,133,0,1,0,1,0
10,134,1,0,0,1,1
10,135,1,1,1,1,0
10,136,1,1,0,1,1
10,137,0,1,0,0,0
10,138,1,1,0,1,1
10,139,0,1,0,0,0
10,140,1,1,1,0,1
10,141,1,1,0,1,1
10,142,0,1,1,1,0
10,143,1,0,0,1,1
10,144,0,1,0,1,0
10,145,0,1,1,0,1
10,146,0,0,0,0,1
10,147,1,0,1,0,0
10,148,0,1,1,0,0
10,149,1,0,0,1,1
10,150,0,1,0,0,0
10,151,0,1,1,0,1
10,152,0,0,1,0,1
10,153,1,1,0,0,1
10,154,0,1,1,1,1
10,155,1,1,0,1,1
10,156,0,1,1,0,0
10,157,1,1,0,1,0
10,158,0,0,1,1,0
10,159,1,0,0,1,0
10,160,0,1,1,0,1
10,161,1,1,0,1,0
10,162,0,1,0,1,0
10,163,1,0,0,0,0
10,164,1,1,0,0,1
10,165,0,1,1,0,1
10,166,0,1,0,0,1
10,167,1,1,1,1,0
10,168,1,1,0,1,0
10,169,0,0,0,1,1
10,170,0,1,1,0,0
10,171,0,1,1,0,1
10,172,0,1,0,0,1
10,173,0,1,0,0,0
10,174,1,1,1,1,1
10,175,0,1,1,0,0
10,176,1,1,1,1,1
10,177,0,1,1,1,1
10,178,0,1,0,1,1
10,179,1,1,0,1,1
10,180,0,1,0,1,1
10,181,1,1,0,0,1
10,182,0,1,1,0,0
10,183,0,1,0,1,1
10,184,0,0,0,0,0
10,185,0,1,1,0,1
10,186,0,0,1,1,0
10,187,1,1,0,1,1
10,188,0,0,0,1,0
10,189,0,1,0,1,0
10,190,1,0,0,1,1
10,191,1,1,1,0,1
10,192,0,1,1,0,0
10,193,1,1,1,0,1
10,194,0,1,0,1,0
10,195,0,0,1,1,0
10,196,1,1,0,1,1
10,197,1,0,1,1,1
10,198,0,1,1,0,0
10,199,1,0,0,1,1
10,200,1,1,1,0,0
10,201,1,1,0,1,0
10,202,1,0,1,0,0
10,203,0,0,0,1,0
10,204,0,1,1,1,1
10,205,0,1,1,0,0
10,206,1,0,0,0,1
10,207,1,1,0,1,1
10,208,1,1,1,1,0
10,209,1,1,0,0,1
10,210,1,1,0,1,0
10,211,0,1,0,0,0
10,212,1,1,0,1,1
10,213,0,1,1,1,1
10,214,0,1,1,1,1
10,215,1,1,1,0,1
10,216,0,0,1,1,0
10,217,0,1,0,1,1
10,218,0,1,0,0,1
10,219,0,1,0,1,1
10,220,1,0,0,0,1
10,221,0,1,1,0,0
10,222,1,1,1,0,1
10,223,0,0,1,0,1
10,224,1,0,1,0,0
10,225,0,0,0,0,1
10,226,1,1,0,0,0
10,227,0,0,1,1,1
10,228,1,1,0,1,1
10,229,0,0,1,0,0
10,230,0,0,1,0,1
10,231,1,0,1,1,0
10,232,0,1,1,1,0
10,233,0,0,1,1,0
10,234,1,1,1,1,0
10,235,0,1,0,0,1
10,236,1,0,0,1,1
10,237,1,1,1,1,0
10,238,1,0,0,0,1
10,239,1,1,1,1,1
10,240,1,1,0,1,1
10,241,0,1,1,0,0
10,242,0,0,1,1,1
10,243,1,0,1,0,0
10,244,1,1,0,1,1
10,245,0,1,0,1,1
10,246,1,0,0,1,0
10,247,1,0,1,1,1
10,248,0,0,1,1,1
10,249,1,1,1,1,1
10,250,1,1,0,1,1
10,251,1,0,0,1,0
10,252,0,1,1,1,1
10,253,0,0,0,1,1
10,254,0,1,1,0,0
10,255,1,1,1,0,0
10,256,1,0,1,1,1
10,257,1,0,1,1,0
10,258,1,0,1,0,1
10,259,1,1,1,1,0
10,260,0,0,0,1,1
10,261,1,1,1,1,1
10,262,1,1,0,1,1
10,263,1,0,1,1,0
10,264,0,1,1,1,0
10,265,1,0,0,1,0
10,266,1,0,0,1,0
10,267,0,0,0,0,0
10,268,0,0,0,1,1
10,269,1,0,0,0,1
10,270,0,1,0,0,1
10,271,0,0,0,0,1
10,272,1,0,1,1,0
10,273,0,0,0,1,1
10,274,1,1,1,0,1
10,275,0,0,1,0,1
10,276,1,1,1,0,1
10,277,0,0,0,1,0
10,278,1,0,1,0,1
10,279,1,1,1,1,0
10,280,0,1,0,1,1
10,281,1,1,0,0,1
10,282,0,1,0,1,1
10,283,1,0,0,0,0
10,284,1,0,0,1,0
10,285,1,0,0,0,0
10,286,1,1,0,1,1
10,287,0,1,1,0,0
10,288,1,1,1,1,1
10,289,1,0,1,0,0
10,290,0,1,1,1,0
10,291,1,1,0,1,0
10,292,1,1,1,0,1
10,293,1,1,1,1,1
10,294,1,1,1,1,1
10,295,0,1,0,1,1
10,296,0,1,1,0,1
10,297,0,1,0,1,0
10,298,0,1,0,1,0
10,299,1,0,1,1,1
10,300,1,1,1,1,0
10,301,1,1,0,1,1
10,302,0,1,1,0,0
10,303,0,1,0,1,1
10,304,1,0,0,1,1
10,305,0,1,1,1,1
10,306,1,0,1,1,0
10,307,0,0,1,1,0
10,308,1,1,1,0,1
10,309,1,0,1,1,1
10,310,1,0,0,1,0
10,311,0,1,1,1,1
10,312,1,1,0,1,1
10,313,0,1,1,1,0
10,314,1,1,1,1,1
10,315,1,1,1,1,1
10,316,0,1,1,0,0
10,317,0,0,1,1,0
10,318,0,0,1,0,1
10,319,0,0,1,1,1
10,320,0,0,1,1,0
10,321,1,0,0,0,0
10,322,1,0,1,1,1
10,323,1,1,1,0,1
10,324,1,0,1,1,1
10,325,0,1,0,0,1
10,326,1,0,1,0,0
10,327,0,0,0,0,1
10,328,0,0,0,0,0
10,329,0,1,1,1,1
10,330,0,1,1,0,1
10,331,0,1,1,1,0
10,332,0,1,1,1,1
10,333,1,0,1,0,0
10,334,1,1,1,0,1
10,335,0,1,0,1,1
10,336,1,1,1,1,0
10,337,1,1,1,1,0
10,338,1,1,1,1,0
10,339,0,0,1,0,0
10,340,1,0,0,1,1
10,341,1,0,0,0,0
10,342,1,1,0,1,1
10,343,0,1,0,1,1
10,344,0,1,0,1,1
10,345,0,1,1,1,0
10,346,1,1,1,1,1
10,347,1,1,0,0,1
10,348,0,0,0,0,1
10,349,0,0,1,1,1
10,350,1,1,1,0,0
10,351,1,0,1,0,1
10,352,0,0,0,1,1
10,353,0,1,1,1,1
10,354,0,1,1,1,0
10,355,0,0,1,0,0
10,356,0,1,1,0,0
10,357,0,0,1,1,1
10,358,1,0,1,0,1
10,359,0,1,0,1,1
10,360,0,0,0,0,0
10,361,1,1,1,1,1
10,362,0,0,1,1,0
10,363,1,1,1,0,1
10,364,0,0,0,1,0
10,365,1,1,1,1,1
10,366,1,0,0,0,0
10,367,1,1,1,0,1
10,368,1,0,1,0,1
10,369,1,0,1,1,1
10,370,1,1,1,0,1
10,371,0,0,1,1,1
10,372,0,0,1,0,1
10,373,1,0,1,0,1
10,374,1,1,0,0,1
10,375,1,0,0,0,1
10,376,1,0,1,1,1
10,377,1,1,1,0,0
10,378,1,1,0,1,0
10,379,1,1,1,1,1
10,380,0,0,1,0,0
10,381,1,0,1,1,1
10,382,0,0,1,1,0
10,383,0,0,1,0,1
10,384,1,0,1,1,0
10,385,0,0,1,0,0
10,386,0,0,0,0,1
10,387,0,0,1,1,1
10,388,0,1,0,0,0
10,389,1,1,1,1,0
10,390,1,0,1,1,1
10,391,0,1,1,1,1
10,392,1,1,1,1,0
10,393,1,1,0,1,1
10,394,1,0,1,1,0
10,395,1,1,1,0,1
10,396,0,0,0,0,0
10,397,0,0,1,1,0
10,398,1,1,1,1,0
10,399,0,1,0,0,0
10,400,0,0,1,0,1
10,401,0,0,1,1,0
10,402,1,0,1,0,1
10,403,1,0,1,1,1
10,404,1,1,1,0,0
10,405,0,0,1,0,0
10,406,1,1,0,1,0
10,407,1,1,1,0,0
10,408,1,0,0,1,0
10,409,1,0,1,0,0
10,410,1,0,0,0,1
10,411,0,0,0,0,1
10,412,0,1,0,0,0
10,413,1,0,0,0,1
10,414,1,1,0,0,1
10,415,1,0,0,0,1
10,416,0,0,1,0,0
10,417,1,1,1,1,0
10,418,1,1,0,1,1
10,419,1,0,0,0,1
10,420,0,0,1,1,0
10,421,1,0,0,0,0
10,422,1,1,1,0,0
10,423,0,1,1,0,1
10,424,0,0,1,0,0
10,425,1,1,1,1,1
10,426,0,0,1,0,1
10,427,0,0,0,1,0
10,428,1,1,1,1,1
10,429,1,1,1,0,1
10,430,1,1,1,1,0
10,431,1,1,1,0,1
10,432,1,1,1,0,1
10,433,0,0,1,0,1
10,434,1,1,1,1,1
10,435,1,1,1,0,1
10,436,1,1,1,0,1
10,437,1,0,1,0,0
10,438,0,0,0,0,1
10,439,1,0,0,0,0
10,440,1,0,1,0,0
10,441,0,0,1,1,0
10,442,0,0,1,1,1
10,443,0,1,1,0,1
10,444,1,1,1,1,1
10,445,0,1,1,0,1
10,446,0,1,1,1,1
10,447,1,1,0,0,0
10,448,1,0,1,1,1
10,449,1,1,0,0,1
10,450,0,0,0,0,0
10,451,0,1,0,0,0
10,452,0,0,0,0,0
10,453,0,1,1,1,1
10,454,0,0,1,1,1
10,455,0,1,1,1,1
10,456,1,1,1,1,1
10,457,1,0,1,0,0
10,458,1,1,1,1,1
10,459,1,0,1,0,1
10,460,0,0,1,0,1
10,461,0,1,1,0,0
10,462,1,0,0,0,1
10,463,1,1,1,0,0
10,464,0,1,0,1,1
10,465,0,0,0,0,1
10,466,0,1,0,1,1
10,467,0,1,0,1,1
10,468,0,0,1,0,1
10,469,1,1,0,1,0
10,470,1,0,1,0,0
10,471,1,1,1,0,1
10,472,1,0,0,0,1
10,473,1,1,1,0,0
10,474,1,1,0,1,1
10,475,1,0,0,0,1
10,476,1,1,0,0,0
10,477,1,1,1,0,0
10,478,0,1,1,0,0
10,479,0,1,0,1,1
10,480,1,1,0,1,0
10,481,0,1,0,1,1
10,482,1,1,0,0,1
10,483,1,0,0,0,0
10,484,0,1,1,1,1
10,485,1,0,0,0,1
10,486,1,1,0,1,0
10,487,1,1,0,0,0
10,488,0,1,1,0,1
10,489,1,1,0,1,1
10,490,1,1,1,1,1
10,491,0,0,1,1,1
10,492,0,1,0,1,1
10,493,1,1,1,1,1
10,494,1,1,1,0,1
10,495,0,0,0,0,1
10,496,0,1,1,0,0
10,497,0,0,0,0,1
10,498,1,1,1,1,1
10,499,0,0,0,0,1
10,500,1,1,1,0,1
10,501,0,0,0,0,1
10,502,1,0,0,1,1
10,503,1,0,0,0,1
10,504,1,1,1,1,1
10,505,1,1,1,0,1
10,506,0,1,1,0,0
10,507,0,0,1,1,1
10,508,0,1,0,0,1
10,509,1,0,0,0,0
10,510,0,1,1,1,1
10,511,1,0,1,0,0
10,512,1,0,0,1,0
10,513,1,1,1,0,0
10,514,1,0,1,1,1
10,515,1,0,0,1,1
10,516,1,0,0,0,0
10,517,0,1,1,1,1
10,518,1,0,0,1,1
10,519,0,1,1,0,1
10,520,1,0,1,0,1
10,521,0,1,1,0,1
10,522,0,1,1,1,0
10,523,1,1,1,1,0
10,524,0,0,1,1,1
10,525,1,1,0,1,1
10,526,1,0,0,1,1
10,527,1,1,1,0,0
10,528,1,1,1,0,0
10,529,0,1,0,1,0
10,530,0,0,1,1,0
10,531,0,1,0,1,0
10,532,1,1,1,1,1
10,533,1,0,1,1,1
10,534,1,1,1,1,1
10,535,0,1,1,0,0
10,536,0,1,1,1,1
10,537,0,1,1,0,1
10,538,0,0,0,0,0
10,539,1,1,0,1,1
10,540,1,1,0,1,0
10,541,1,0,0,0,0
10,542,0,0,1,0,0
10,543,1,1,0,1,0
10,544,1,0,0,1,0
10,545,1,1,0,0,1
10,546,0,1,0,0,0
10,547,0,0,1,1,1
10,548,0,1,1,0,1
10,549,0,0,1,0,1
10,550,0,1,1,0,1
10,551,0,1,1,1,1
10,552,0,1,1,0,0
10,553,0,0,0,1,0
10,554,0,0,1,0,1
10,555,0,0,1,0,1
10,556,1,1,1,1,1
10,557,1,0,1,0,0
10,558,0,0,1,1,0
10,559,1,1,0,1,1
10,560,1,0,1,0,1
10,561,1,1,1,0,1
10,562,0,1,1,1,1
10,563,0,1,1,1,1
10,564,1,1,0,1,1
10,565,1,0,1,1,1
10,566,0,1,1,1,0
10,567,0,0,1,1,1
10,568,0,1,1,1,0
10,569,0,0,0,0,1
10,570,0,1,1,1,1
10,571,0,1,1,0,1
10,572,0,1,0,0,0
10,573,0,1,0,1,0
10,574,1,1,0,1,1
10,575,0,0,1,0,1
10,576,1,1,0,0,1
10,577,0,1,1,1,0
10,578,1,0,0,1,0
10,579,1,1,1,0,1
10,580,0,1,1,1,0
10,581,1,1,0,0,0
10,582,1,0,0,1,1
10,583,0,1,1,0,1
10,584,0,1,0,0,0
10,585,1,0,1,1,0
10,586,1,1,1,1,0
10,587,1,0,0,0,1
10,588,0,0,0,1,0
10,589,0,0,1,1,0
10,590,0,0,0,0,1
10,591,0,1,1,1,0
10,592,0,1,1,1,0
10,593,1,0,0,1,1
10,594,0,1,1,1,1
10,595,1,1,1,1,0
10,596,0,1,1,0,1
10,597,1,1,0,1,0
10,598,0,0,1,1,1
10,599,0,0,1,0,0
10,600,0,0,1,0,1
10,601,0,0,1,1,0
10,602,1,1,1,0,1
10,603,0,1,0,1,1
10,604,1,0,0,0,0
10,605,1,1,1,1,1
10,606,0,0,1,1,1
10,607,1,0,1,1,1
10,608,0,0,1,0,1
10,609,1,1,1,1,0
10,610,1,1,1,1,0
10,611,0,0,0,0,0
10,612,1,0,1,1,1
10,613,1,0,1,0,0
10,614,1,1,1,1,1
10,615,0,1,0,1,1
10,616,1,0,1,0,0
10,617,1,0,0,0,1
10,618,1,0,0,0,0
10,619,1,1,1,1,1
10,620,1,0,0,0,0
10,621,1,1,1,1,0
10,622,0,1,0,1,1
10,623,0,1,0,0,1
10,624,1,0,0,1,0
10,625,0,0,1,0,1
10,626,0,0,0,1,1
10,627,0,1,1,0,0
10,628,1,0,1,1,0
10,629,0,1,1,0,0
10,630,0,1,1,1,1
10,631,0,1,0,0,0
10,632,1,1,0,1,0
10,633,0,0,0,0,0
10,634,0,0,0,1,1
10,635,1,1,0,0,0
10,636,0,1,0,1,0
10,637,1,1,0,0,0
10,638,0,1,0,0,1
10,639,0,1,1,1,1
10,640,0,1,1,0,0
10,641,0,0,1,0,1
10,642,0,1,1,1,0
10,643,1,0,1,0,0
10,644,0,0,1,1,1
10,645,1,0,0,0,0
10,646,0,0,0,1,0
10,647,1,0,1,1,0
10,648,0,0,0,0,1
10,649,1,0,1,1,1
10,650,0,0,0,1,1
10,651,1,1,1,1,1
10,652,0,0,0,1,1
10,653,0,0,1,1,1
10,654,0,0,0,1,1
10,655,1,1,0,1,1
10,656,0,1,0,1,0
10,657,1,1,1,1,1
10,658,1,1,1,0,1
10,659,1,1,1,1,0
10,660,1,1,0,0,0
10,661,1,1,0,1,0
10,662,0,1,0,1,0
10,663,0,0,1,0,0
10,664,0,1,0,1,1
10,665,0,0,1,1,1
10,666,0,0,1,1,1
10,667,1,0,1,1,0
10,668,0,1,1,0,0
10,669,1,0,1,1,0
10,670,0,0,0,0,1
10,671,1,1,1,1,1
10,672,1,1,0,0,1
10,673,1,0,1,0,0
10,674,1,0,0,1,1
10,675,1,1,1,1,0
10,676,0,0,1,1,1
10,677,1,0,1,1,1
10,678,1,1,1,1,1
10,679,1,0,1,1,1
10,680,1,0,1,0,1
10,681,0,0,0,1,1
10,682,1,0,0,0,1
10,683,1,0,0,0,0
10,684,0,1,0,0,1
10,685,0,1,0,1,1
10,686,1,1,0,0,1
10,687,1,0,0,1,0
10,688,0,1,0,0,1
10,689,0,0,1,0,1
10,690,0,0,1,0,0
10,691,0,1,1,0,1
10,692,0,1,0,0,1
10,693,0,0,0,1,1
10,694,0,0,0,1,1
10,695,0,0,0,1,1
10,696,0,0,1,1,0
10,697,0,1,1,0,0
10,698,0,1,0,0,1
10,699,0,1,0,1,0
10,700,1,1,0,0,0
10,701,1,1,0,0,1
10,702,1,0,1,1,1
10,703,0,1,1,1,0
10,704,0,1,0,1,1
10,705,0,0,1,1,1
10,706,0,0,0,1,1
10,707,1,1,0,0,1
10,708,0,1,0,0,0
10,709,1,0,1,1,0
10,710,0,1,0,1,0
10,711,1,1,0,1,1
10,712,0,0,0,1,1
10,713,1,1,1,1,0
10,714,0,1,0,1,1
10,715,0,0,0,0,0
10,716,1,1,0,1,1
10,717,0,0,1,0,0
10,718,1,1,0,0,0
10,719,1,0,0,0,1
10,720,0,0,0,1,0
10,721,0,0,1,1,1
10,722,1,1,0,0,1
10,723,0,1,0,0,0
10,724,1,1,0,1,1
10,725,1,0,1,1,0
10,726,1,0,0,1,0
10,727,1,0,0,1,0
10,728,1,1,1,0,1
10,729,1,1,0,1,0
10,730,1,1,1,1,0
10,731,0,1,1,0,0
10,732,1,1,1,1,1
10,733,1,1,1,0,0
10,734,1,0,1,0,1
10,735,1,1,1,0,1
10,736,0,1,0,0,1
10,737,1,0,1,1,1
10,738,0,0,1,1,1
10,739,1,0,0,0,0
10,740,1,0,0,1,1
10,741,1,1,0,0,1
10,742,0,1,1,0,0
10,743,1,0,1,0,1
10,744,0,0,0,0,0
10,745,0,1,0,0,1
10,746,0,0,1,1,0
10,747,0,0,1,0,1
10,748,1,0,0,0,0
10,749,0,1,1,0,1
10,750,0,0,0,1,1
10,751,1,1,1,0,0
10,752,0,1,1,1,1
10,753,1,1,1,0,1
10,754,1,1,1,1,0
10,755,1,1,0,1,1
10,756,1,0,1,1,0
10,757,0,0,1,1,1
10,758,1,1,1,0,1
10,759,1,1,1,1,1
10,760,1,1,1,1,0
10,761,0,0,0,1,0
10,762,0,1,1,1,1
10,763,1,0,0,1,0
10,764,0,1,1,0,0
10,765,0,0,0,1,0
10,766,0,0,1,1,0
10,767,1,0,1,0,1
10,768,1,0,1,0,0
10,769,1,0,1,0,1
10,770,1,0,1,0,1
10,771,0,0,1,1,1
10,772,1,0,1,0,1
10,773,1,0,0,1,0
10,774,1,0,1,1,1
10,775,1,0,0,1,1
10,776,1,0,1,0,1
10,777,0,0,0,0,0
10,778,1,0,1,0,1
10,779,0,0,1,0,1
10,780,1,1,1,1,1
10,781,0,0,0,1,1
10,782,1,0,1,0,0
10,783,0,0,0,0,0
10,784,1,0,1,0,1
10,785,1,1,1,1,0
10,786,1,0,1,0,1
10,787,0,1,0,1,1
10,788,1,0,1,1,0
10,789,1,0,0,1,1
10,790,0,0,1,1,1
10,791,1,1,1,1,1
10,792,1,0,1,1,1
10,793,1,1,1,1,0
10,794,0,0,1,0,1
10,795,1,1,1,1,0
10,796,0,1,1,1,0
10,797,1,1,1,1,0
10,798,1,0,1,1,0
10,799,0,0,1,1,1
10,800,1,0,1,1,0
10,801,1,1,1,1,1
10,802,0,0,0,0,0
10,803,1,1,1,0,1
10,804,0,1,0,0,0
10,805,1,1,1,1,1
10,806,1,0,1,0,0
10,807,1,0,0,1,0
10,808,0,0,1,0,0
10,809,0,1,1,1,0
10,810,1,0,0,1,0
10,811,1,0,1,0,0
10,812,1,0,1,0,1
10,813,1,1,1,1,0
10,814,1,0,1,0,1
10,815,0,1,1,1,1
10,816,0,0,1,0,1
10,817,1,1,0,0,0
10,818,0,0,0,0,0
10,819,1,0,1,0,0
10,820,0,1,1,1,1
10,821,1,0,1,1,1
10,822,0,0,1,1,1
10,823,0,0,1,0,0
10,824,1,0,1,0,1
10,825,0,0,1,1,1
10,826,1,1,1,0,1
10,827,0,0,1,0,1
10,828,0,1,1,1,0
10,829,0,0,1,0,0
10,830,0,1,0,1,0
10,831,1,0,0,0,1
10,832,0,1,1,1,1
10,833,0,1,0,0,0
10,834,1,1,1,1,1
10,835,1,1,0,1,0
10,836,0,0,1,1,1
10,837,1,1,1,0,0
10,838,1,0,0,0,1
10,839,0,1,1,0,0
10,840,0,1,1,1,1
10,841,1,1,1,0,0
10,842,0,0,1,1,1
10,843,0,1,0,0,0
10,844,1,0,0,1,1
10,845,1,1,1,1,0
10,846,1,0,1,1,1
10,847,1,0,0,1,1
10,848,1,1,1,0,1
10,849,0,0,1,0,0
10,850,0,1,1,1,0
10,851,0,0,1,1,0
10,852,1,0,0,0,0
10,853,1,0,1,1,0
10,854,1,0,1,1,0
10,855,1,0,1,1,1
10,856,0,0,1,1,1
10,857,1,1,0,0,1
10,858,1,1,1,0,1
10,859,1,1,0,0,0
10,860,1,0,1,0,1
10,861,1,1,1,1,1
10,862,0,1,1,1,1
10,863,1,0,0,0,1
10,864,0,0,1,1,0
10,865,1,0,1,0,1
10,866,1,1,1,1,0
10,867,1,0,1,1,0
10,868,0,1,1,1,1
10,869,1,1,1,1,1
10,870,0,0,0,0,0
10,871,0,1,1,0,1
10,872,1,1,1,1,1
10,873,1,0,0,1,0
10,874,1,1,1,1,0
10,875,1,1,0,0,0
10,876,0,1,1,0,0
10,877,1,0,0,0,0
10,878,1,0,0,1,0
10,879,1,1,0,0,1
10,880,1,1,1,1,1
10,881,0,0,1,0,1
10,882,1,1,1,0,1
10,883,1,0,1,0,0
10,884,1,0,1,1,0
10,885,0,0,1,0,1
10,886,0,1,1,1,1
10,887,1,0,1,1,1
10,888,1,1,1,1,1
10,889,1,1,0,1,1
10,890,1,0,0,1,0
10,891,0,0,0,1,0
10,892,1,0,0,1,0
10,893,1,1,1,1,1
10,894,1,1,1,0,0
10,895,1,0,0,0,0
10,896,0,1,1,1,0
10,897,0,0,0,1,1
10,898,1,0,0,1,0
10,899,1,0,1,0,0
10,900,0,0,0,0,0
10,901,0,1,1,1,1
10,902,1,0,0,1,1
10,903,0,0,1,0,1
10,904,0,0,1,1,0
10,905,1,0,1,1,0
10,906,0,0,1,1,1
10,907,0,0,1,1,0
10,908,0,0,0,1,0
10,909,1,0,0,0,0
10,910,1,0,0,1,0
10,911,0,1,1,1,0
10,912,1,0,0,1,0
10,913,1,1,0,0,0
10,914,0,1,1,1,0
10,915,1,1,0,1,1
10,916,0,0,0,0,0
10,917,1,1,1,1,1
10,918,0,1,0,1,0
10,919,1,0,0,1,1
10,920,0,1,0,0,0
10,921,1,1,0,1,1
10,922,0,0,1,0,1
10,923,1,1,1,1,0
10,924,1,1,0,0,1
10,925,1,0,1,1,0
10,926,1,0,1,1,1
10,927,1,1,1,1,0
10,928,0,0,0,1,0
10,929,1,1,0,1,1
10,930,1,0,0,0,1
10,931,1,1,0,1,0
10,932,1,0,0,0,1
10,933,1,1,1,0,1
10,934,1,0,0,0,1
10,935,0,1,1,1,0
10,936,1,0,0,0,1
10,937,1,0,0,0,1
10,938,1,0,1,0,1
10,939,1,1,1,1,1
10,940,1,0,1,0,0
10,941,1,1,0,0,0
10,942,0,1,1,1,0
10,943,1,0,0,1,0
10,944,0,1,1,1,1
10,945,1,1,1,0,1
10,946,1,0,1,1,1
10,947,1,1,1,1,1
10,948,1,0,1,1,1
10,949,1,1,0,0,1
10,950,1,1,1,1,1
10,951,0,1,0,1,0
10,952,0,1,0,1,1
10,953,1,0,1,1,0
10,954,1,1,0,1,1
10,955,1,1,0,0,1
10,956,1,1,1,1,0
10,957,0,0,1,0,1
10,958,0,0,1,1,0
10,959,1,0,0,1,1
10,960,0,1,1,0,1
10,961,1,0,1,1,1
10,962,0,1,1,0,1
10,963,0,1,1,0,0
10,964,0,0,1,1,1
10,965,1,1,0,1,0
10,966,0,0,0,1,1
10,967,1,0,0,1,1
10,968,0,1,1,1,0
10,969,1,0,0,1,0
10,970,1,0,1,1,0
10,971,0,1,0,0,0
10,972,1,1,0,1,0
10,973,0,1,1,1,1
10,974,1,0,0,0,0
10,975,0,0,1,0,1
10,976,0,1,1,0,1
10,977,0,1,0,1,1
10,978,0,1,1,1,1
10,979,0,1,1,0,1
10,980,0,1,1,0,0
10,981,1,1,0,1,1
10,982,1,1,0,0,0
10,983,0,0,1,0,1
10,984,1,1,0,1,1
10,985,0,1,1,1,0
10,986,0,0,1,0,0
10,987,1,1,1,1,1
10,988,0,0,0,0,0
10,989,1,1,0,0,0
10,990,1,1,1,0,0
10,991,1,0,1,0,0
10,992,0,1,1,1,0
10,993,1,1,1,0,1
10,994,1,1,1,1,0
10,995,0,0,1,0,1
10,996,1,1,0,1,0
10,997,1,0,0,1,1
10,998,1,0,1,1,1
10,999,0,0,1,1,0
11,0,2,0,1,1,1
11,1,0,1,1,1,1
11,2,0,1,2,0,2
11,3,1,1,0,1,0
11,4,0,2,1,0,2
11,5,1,0,1,1,0
11,6,0,1,1,0,1
11,7,2,1,1,0,1
11,8,0,2,2,1,2
11,9,2,0,0,1,0
11,10,0,1,1,1,0
11,11,2,2,2,1,0
11,12,0,0,0,2,2
11,13,0,1,0,0,0
11,14,0,0,2,0,2
11,15,2,2,0,1,0
11,16,0,0,0,0,0
11,17,1,2,1,2,1
11,18,1,0,1,0,1
11,19,0,0,1,2,0
11,20,2,1,1,0,1
11,21,0,1,0,0,0
11,22,1,2,1,0,0
11,23,1,0,1,2,1
11,24,0,1,0,0,2
11,25,2,1,1,1,0
11,26,0,0,0,0,0
11,27,1,2,1,1,0
11,28,1,0,0,2,0
11,29,0,0,1,0,0
11,30,2,0,1,0,0
11,31,0,0,0,1,2
11,32,1,1,2,0,0
11,33,2,2,0,1,0
11,34,0,0,1,1,1
11,35,2,2,1,0,1
11,36,0,0,2,1,1
11,37,0,0,0,2,0
11,38,0,0,1,0,0
11,39,0,0,2,0,0
11,40,2,1,0,1,0
11,41,0,2,1,1,1
11,42,1,0,0,2,1
11,43,2,1,1,0,0
11,44,0,0,0,2,0
11,45,2,1,2,0,0
11,46,0,2,0,2,1
11,47,2,0,1,0,2
11,48,0,0,2,2,0
11,49,1,1,0,0,1
11,50,2,1,1,1,0
11,51,0,0,2,0,2
11,52,2,2,0,2,0
11,53,0,0,0,0,1
11,54,2,1,0,1,0
11,55,0,1,2,1,2
11,56,2,1,0,2,0
11,57,0,2,0,0,1
11,58,1,0,2,1,0
11,59,2,2,0,2,1
11,60,0,0,2,0,0
11,61,1,1,0,2,2
11,62,0,1,1,0,0
11,63,1,2,1,0,1
11,64,0,0,1,1,1
11,65,1,2,0,1,2
11,66,2,0,0,0,0
11,67,0,1,0,2,1
11,68,1,0,1,0,1
11,69,0,2,1,0,0
11,70,1,0,1,1,1
11,71,1,1,1,0,1
11,72,1,1,1,0,0
11,73,1,0,0,0,1
11,74,1,2,1,1,2
11,75,1,0,2,1,0
11,76,1,2,0,1,1
11,77,0,0,2,1,2
11,78,1,1,0,0,0
11,79,0,0,1,1,0
11,80,0,1,0,1,0
11,81,1,2,0,1,1
11,82,1,0,1,1,1
11,83,1,0,1,2,1
11,84,2,0,2,0,0
11,85,0,1,0,0,1
11,86,1,1,0,0,1
11,87,1,2,2,1,0
11,88,1,0,0,1,2
11,89,2,2,1,1,0
11,90,0,0,1,1,2
11,91,1,2,2,0,0
11,92,0,0,0,2,0
11,93,1,1,2,0,1
11,94,1,0,0,1,1
11,95,0,1,0,1,1
11,96,0,2,1,0,1
11,97,2,0,1,2,1
11,98,0,1,2,0,2
11,99,2,2,0,1,0
11,100,0,0,1,1,2
11,101,2,1,2,0,0
11,102,0,1,0,1,1
11,103,1,0,0,1,1
11,104,2,1,2,1,0
11,105,0,0,0,0,0
11,106,2,1,1,0,1
11,107,0,0,1,0,2
11,108,2,1,2,1,0
11,109,0,1,0,0,0
11,110,2,0,1,1,1
11,111,0,0,0,2,1
11,112,2,2,0,0,1
11,113,0,0,2,0,2
11,114,0,1,0,2,0
11,115,1,2,0,0,2
11,116,2,0,1,0,0
11,117,0,2,1,1,1
11,118,0,0,1,0,1
11,119,1,2,1,1,2
11,120,1,0,1,1,0
11,121,2,1,0,1,2
11,122,0,1,0,1,0
11,123,1,2,2,1,1
11,124,0,0,0,1,0
11,125,0,1,2,1,1
11,126,1,1,0,1,0
11,127,0,0,0,0,1
11,128,0,0,1,1,1
11,129,0,1,1,2,1
11,130,0,0,0,0,1
11,131,2,2,2,0,2
11,132,0,0,0,0,0
11,133,0,0,2,0,0
11,134,0,0,0,0,1
11,135,0,2,1,1,1
11,136,1,0,1,2,1
11,137,0,1,1,0,1
11,138,0,0,1,0,1
11,139,2,1,1,0,2
11,140,0,0,2,2,0
11,141,1,1,0,0,0
11,142,0,2,1,0,2
11,143,0,0,0,1,0
11,144,1,2,1,2,1
11,145,0,0,1,0,1
11,146,1,0,2,1,1
11,147,0,2,0,1,1
11,148,1,0,1,1,1
11,149,1,1,1,1,1
11,150,1,0,2,2,2
11,151,2,1,0,0,0
11,152,0,0,2,2,1
11,153,1,0,0,0,1
11,154,2,1,1,1,0
11,155,0,2,2,1,2
11,156,1,0,0,0,0
11,157,1,1,1,0,1
11,158,2,0,1,2,2
11,159,0,1,1,0,0
11,160,1,0,1,1,1
11,161,1,2,0,2,2
11,162,1,0,1,0,0
11,163,1,0,2,1,0
11,164,2,2,0,1,2
11,165,0,0,1,1,0
11,166,1,0,1,1,1
11,167,2,2,0,1,0
11,168,0,0,0,2,2
11,169,0,1,2,0,0
11,170,2,2,0,1,1
11,171,0,0,2,1,2
11,172,1,1,0,1,0
11,173,0,0,1,2,0
11,174,1,1,1,0,1
11,175,1,2,2,2,1
11,176,0,0,0,0,0
11,177,2,2,0,2,1
11,178,0,0,1,0,1
11,179,0,2,1,2,1
11,180,1,0,2,0,1
11,181,1,2,0,0,2
11,182,0,0,0,1,0
11,183,1,0,0,1,2
11,184,1,1,2,2,0
11,185,0,1,0,0,2
11,186,0,1,1,1,0
11,187,1,1,0,1,1
11,188,2,1,2,1,2
11,189,0,0,0,2,0
11,190,1,0,2,0,0
11,191,2,0,0,1,1
11,192,0,1,0,0,1
11,193,2,1,2,0,1
11,194,0,0,0,2,1
11,195,1,2,1,0,0
11,196,2,0,2,0,1
11,197,0,1,0,2,0
11,198,0,1,2,0,1
11,199,0,1,0,0,0
11,200,0,2,0,1,0
11,201,0,0,1,0,1
11,202,0,1,1,0,0
11,203,0,1,0,0,0
11,204,2,1,1,0,0
11,205,0,2,2,0,2
11,206,0,0,0,0,0
11,207,1,1,0,2,1
11,208,1,1,2,0,1
11,209,1,1,0,1,0
11,210,2,0,1,0,1
11,211,0,0,1,2,2
11,212,2,1,1,0,0
11,213,0,1,0,0,1
11,214,2,1,0,0,2
11,215,0,2,1,0,0
11,216,1,0,0,0,2
11,217,0,0,0,1,0
11,218,1,1,1,1,2
11,219,1,0,1,0,0
11,220,0,2,1,0,1
11,221,2,0,2,0,0
11,222,0,1,0,1,0
11,223,1,1,2,2,1
11,224,0,2,0,0,1
11,225,1,0,1,2,0
11,226,0,2,1,0,1
11,227,0,0,1,0,0
11,228,1,1,2,1,2
11,229,1,0,0,0,0
11,230,1,1,2,0,0
11,231,1,1,0,1,1
11,232,1,2,2,1,0
11,233,0,0,0,0,1
11,234,1,1,1,0,1
11,235,2,0,2,1,2
11,236,0,1,0,1,0
11,237,0,1,1,2,0
11,238,1,0,2,0,1
11,239,0,1,0,0,1
11,240,1,0,2,0,1
11,241,0,0,0,1,1
11,242,1,0,1,0,1
11,243,0,0,1,0,2
11,244,0,0,2,1,0
11,245,2,0,0,0,0
11,246,0,0,0,0,1
11,247,0,0,1,1,1
11,248,1,0,1,0,2
11,249,0,0,2,2,0
11,250,1,0,0,0,0
11,251,1,1,0,0,0
11,252,1,0,1,2,0
11,253,1,0,1,0,0
11,254,1,0,1,0,0
11,255,1,2,1,2,1
11,256,2,0,0,0,0
11,257,0,1,1,0,0
11,258,2,0,1,0,0
11,259,0,0,2,0,0
11,260,1,0,0,1,1
11,261,2,0,0,1,1
11,262,0,0,0,0,2
11,263,0,1,1,1,0
11,264,0,0,0,2,2
11,265,0,1,0,0,0
11,266,0,2,0,2,1
11,267,1,0,1,0,0
11,268,2,1,2,2,1
11,269,0,2,0,0,1
11,270,0,0,1,1,1
11,271,2,0,1,2,1
11,272,0,2,0,0,1
11,273,0,0,1,0,1
11,274,1,0,0,0,0
11,275,2,0,1,1,0
11,276,0,1,0,2,1
11,277,1,0,0,0,0
11,278,1,0,1,0,2
11,279,2,1,2,1,0
11,280,0,1,0,0,1
11,281,0,2,0,1,1
11,282,1,0,2,2,0
11,283,1,0,0,0,0
11,284,1,0,2,0,2
11,285,2,1,0,0,0
11,286,0,2,1,2,0
11,287,1,0,1,0,1
11,288,2,1,0,1,1
11,289,0,0,2,0,1
11,290,1,1,0,1,2
11,291,0,2,1,2,0
11,292,1,0,0,0,1
11,293,2,2,2,1,1
11,294,0,0,0,1,1
11,295,1,0,1,1,0
11,296,1,2,1,0,2
11,297,0,0,1,1,0
11,298,1,0,1,1,2
11,299,1,0,1,1,0
11,300,0,0,1,1,0
11,301,2,2,2,2,0
11,302,0,0,0,0,0
11,303,1,0,1,1,1
11,304,0,0,0,0,0
11,305,2,0,2,2,0
11,306,0,0,0,0,0
11,307,1,0,1,1,2
11,308,2,0,0,0,0
11,309,0,0,1,0,1
11,310,2,2,0,1,1
11,311,0,0,1,0,2
11,312,1,2,0,1,0
11,313,1,0,1,1,1
11,314,1,1,2,0,1
11,315,1,0,0,1,0
11,316,1,1,2,2,2
11,317,1,0,0,0,0
11,318,1,0,1,1,0
11,319,1,0,2,1,1
11,320,2,2,0,1,0
11,321,0,0,1,1,1
11,322,2,2,0,1,0
11,323,0,0,1,0,0
11,324,0,1,2,2,0
11,325,1,0,0,0,2
11,326,1,2,1,2,0
11,327,0,0,1,0,1
11,328,1,1,0,2,0
11,329,1,2,0,0,0
11,330,2,0,2,1,1
11,331,0,2,0,1,1
11,332,2,0,0,2,2
11,333,0,0,0,0,0
11,334,0,0,2,0,1
11,335,0,0,0,0,1
11,336,2,2,2,1,1
11,337,0,0,0,1,0
11,338,1,2,1,1,1
11,339,1,0,0,0,2
11,340,2,1,1,1,0
11,341,0,2,1,1,0
11,342,1,0,0,1,1
11,343,2,2,1,1,0
11,344,0,0,1,0,0
11,345,1,0,0,1,1
11,346,2,0,0,0,2
11,347,0,1,1,1,0
11,348,0,2,2,0,0
11,349,0,0,0,0,0
11,350,2,2,1,1,1
11,351,0,0,0,0,0
11,352,0,0,1,1,0
11,353,2,1,1,0,1
11,354,0,0,1,2,1
11,355,2,1,1,0,0
11,356,0,1,1,2,0
11,357,2,0,2,0,1
11,358,0,0,0,0,1
11,359,2,1,2,2,2
11,360,0,0,0,0,0
11,361,0,1,0,1,0
11,362,1,2,2,0,2
11,363,0,0,0,0,0
11,364,1,1,1,0,0
11,365,0,1,1,1,0
11,366,2,1,0,1,0
11,367,0,1,2,2,0
11,368,2,2,0,0,0
11,369,0,0,1,0,1
11,370,0,2,2,0,0
11,371,0,0,0,1,2
11,372,2,0,2,0,0
11,373,0,1,0,0,0
11,374,0,0,0,1,1
11,375,1,0,1,0,0
11,376,0,1,2,1,0
11,377,1,1,0,1,0
11,378,1,2,0,1,2
11,379,0,0,0,2,0
11,380,1,2,1,0,2
11,381,1,0,0,2,0
11,382,1,0,0,0,0
11,383,0,2,0,0,2
11,384,0,0,1,0,0
11,385,1,1,0,0,0
11,386,1,1,0,0,0
11,387,2,1,1,0,1
11,388,0,2,0,1,1
11,389,2,0,1,0,1
11,390,0,2,0,1,0
11,391,1,0,2,1,0
11,392,0,0,0,2,0
11,393,1,0,0,0,2
11,394,0,0,0,1,0
11,395,1,2,1,1,1
11,396,2,0,0,0,0
11,397,0,2,2,1,1
11,398,0,0,0,0,2
11,399,1,1,1,0,0
11,400,2,1,0,1,1
11,401,0,1,1,0,0
11,402,2,0,0,0,0
11,403,0,2,2,0,2
11,404,1,0,0,2,0
11,405,1,1,0,0,0
11,406,2,0,1,1,2
11,407,0,1,0,0,0
11,408,1,1,0,1,1
11,409,0,0,1,1,1
11,410,2,2,0,1,0
11,411,0,0,1,0,1
11,412,2,1,0,0,0
11,413,0,2,1,1,1
11,414,1,0,1,0,0
11,415,0,1,0,1,1
11,416,1,1,0,1,0
11,417,2,1,1,1,0
11,418,0,0,1,0,0
11,419,2,1,0,2,0
11,420,0,0,0,0,0
11,421,2,1,1,1,2
11,422,0,2,1,1,0
11,423,0,0,1,1,0
11,424,2,1,1,1,0
11,425,0,1,1,1,2
11,426,1,2,0,1,0
11,427,2,0,2,0,0
11,428,0,1,0,0,0
11,429,1,1,2,1,0
11,430,0,1,0,0,0
11,431,1,2,0,0,1
11,432,1,0,1,0,1
11,433,1,1,0,1,2
11,434,2,0,0,1,0
11,435,0,0,2,0,0
11,436,2,0,0,2,1
11,437,0,0,1,0,1
11,438,2,0,1,1,0
11,439,0,0,2,0,2
11,440,1,0,0,1,0
11,441,1,1,2,0,0
11,442,1,0,0,0,1
11,443,1,0,1,0,0
11,444,1,0,1,1,2
11,445,1,0,1,2,0
11,446,1,2,1,0,0
11,447,1,0,0,0,1
11,448,0,1,0,0,1
11,449,0,0,0,0,2
11,450,2,1,2,0,0
11,451,0,0,0,0,2
11,452,0,2,0,2,0
11,453,2,0,1,0,2
11,454,0,2,0,1,0
11,455,2,0,0,1,2
11,456,0,2,2,1,0
11,457,2,0,0,2,2
11,458,0,2,1,0,0
11,459,0,0,1,0,2
11,460,0,0,1,2,0
11,461,1,1,1,0,2
11,462,0,1,1,1,0
11,463,0,1,1,1,2
11,464,0,0,1,0,0
11,465,1,1,1,0,0
11,466,0,0,1,0,1
11,467,0,1,2,0,0
11,468,2,0,0,1,1
11,469,0,0,1,1,2
11,470,2,0,1,0,0
11,471,0,0,1,2,2
11,472,2,0,1,0,0
11,473,0,0,0,0,0
11,474,1,0,0,0,2
11,475,2,0,2,2,0
11,476,0,0,0,0,2
11,477,0,0,1,1,0
11,478,1,2,1,1,1
11,479,1,0,1,0,1
11,480,1,0,1,0,2
11,481,0,1,2,1,0
11,482,2,2,0,0,2
11,483,0,0,2,0,0
11,484,2,1,0,1,2
11,485,0,0,1,0,0
11,486,1,0,1,0,2
11,487,0,2,2,0,0
11,488,1,0,0,0,1
11,489,0,0,0,2,2
11,490,0,1,1,0,0
11,491,1,0,1,0,2
11,492,0,0,1,0,0
11,493,1,0,1,2,2
11,494,0,1,0,0,0
11,495,0,0,2,0,2
11,496,1,0,0,1,0
11,497,0,1,1,1,1
11,498,0,1,1,1,2
11,499,2,0,2,1,0
11,500,0,2,0,0,2
11,501,1,0,1,0,0
11,502,0,0,2,2,2
11,503,1,0,0,0,0
11,504,1,1,1,0,1
11,505,0,0,0,2,0
11,506,1,1,0,0,2
11,507,0,0,1,0,0
11,508,0,0,0,0,2
11,509,0,0,1,0,0
11,510,2,1,0,0,2
11,511,0,0,1,0,0
11,512,2,0,1,1,0
11,513,0,0,1,1,1
11,514,0,0,0,0,2
11,515,0,0,0,2,0
11,516,0,1,2,0,2
11,517,2,2,0,2,0
11,518,0,0,2,0,0
11,519,0,0,0,1,2
11,520,0,0,0,1,0
11,521,2,2,1,1,2
11,522,0,0,1,0,0
11,523,1,1,0,2,0
11,524,2,0,0,0,1
11,525,0,2,1,0,2
11,526,1,0,1,2,0
11,527,0,2,2,0,2
11,528,1,0,0,1,0
11,529,0,0,2,2,1
11,530,0,2,0,0,0
11,531,2,0,0,1,2
11,532,0,0,1,0,0
11,533,2,0,0,2,0
11,534,0,0,1,0,2
11,535,1,2,1,2,0
11,536,2,0,1,0,0
11,537,0,0,1,2,2
11,538,0,2,0,0,0
11,539,2,0,1,1,0
11,540,0,0,0,1,1
11,541,0,2,0,1,2
11,542,0,0,0,2,0
11,543,1,2,2,0,2
11,544,0,0,0,0,0
11,545,0,2,2,0,0
11,546,1,0,0,1,2
11,547,2,2,2,0,0
11,548,0,0,0,1,2
11,549,2,0,1,0,0
11,550,0,2,1,2,1
11,551,2,0,2,0,2
11,552,0,2,0,0,0
11,553,2,0,0,2,2
11,554,0,1,2,0,0
11,555,2,0,0,2,2
11,556,0,2,0,0,0
11,557,1,0,1,2,2
11,558,0,1,1,0,0
11,559,2,0,1,0,2
11,560,0,0,0,1,0
11,561,2,1,2,1,0
11,562,0,2,0,0,2
11,563,2,0,1,2,0
11,564,0,2,1,0,2
11,565,2,0,1,2,0
11,566,0,0,1,0,1
11,567,2,2,1,2,2
11,568,0,0,2,0,0
11,569,0,2,0,1,1
11,570,0,0,2,1,0
11,571,2,2,0,1,2
11,572,0,0,0,2,0
11,573,1,2,0,0,2
11,574,0,0,0,2,0
11,575,1,2,2,0,0
11,576,0,0,0,2,2
11,577,1,2,0,0,0
11,578,2,0,0,2,0
11,579,0,2,0,0,0
11,580,0,0,1,0,1
11,581,1,1,2,2,2
11,582,1,2,0,0,0
11,583,0,0,1,2,0
11,584,0,2,0,0,0
11,585,1,0,0,1,0
11,586,0,2,1,1,2
11,587,1,0,2,2,0
11,588,2,2,0,0,2
11,589,0,0,0,2,0
11,590,2,0,1,0,2
11,591,0,0,0,1,0
11,592,2,2,2,0,1
11,593,0,0,0,1,1
11,594,0,1,2,2,2
11,595,0,2,0,0,0
11,596,1,0,0,0,2
11,597,2,2,1,2,0
11,598,0,0,2,0,2
11,599,2,2,0,0,0
11,600,0,0,1,2,2
11,601,0,2,0,0,0
11,602,2,0,2,0,2
11,603,0,0,0,2,0
11,604,1,2,2,0,2
11,605,0,0,0,2,0
11,606,2,2,2,0,0
11,607,0,0,0,2,2
11,608,1,0,2,0,0
11,609,1,0,0,1,1
11,610,1,0,2,1,2
11,611,0,2,0,1,0
11,612,0,0,1,0,0
11,613,2,2,2,0,2
11,614,0,0,0,1,0
11,615,2,1,1,0,1
11,616,0,1,2,1,2
11,617,0,2,0,2,0
11,618,0,0,2,0,1
11,619,1,0,0,0,0
11,620,2,2,2,2,2
11,621,0,0,0,0,0
11,622,0,0,0,1,2
11,623,0,1,2,2,0
11,624,0,2,0,0,2
11,625,2,0,2,2,0
11,626,0,0,0,0,1
11,627,2,1,2,0,0
11,628,0,1,0,0,2
11,629,0,2,1,1,0
11,630,2,0,2,0,1
11,631,0,1,0,0,0
11,632,2,1,0,0,2
11,633,0,0,2,0,0
11,634,2,2,0,0,2
11,635,0,0,2,0,0
11,636,0,1,0,2,1
11,637,1,0,0,0,2
11,638,2,0,2,2,0
11,639,0,0,0,0,0
11,640,2,0,1,1,0
11,641,0,2,2,1,2
11,642,2,0,0,0,0
11,643,0,1,0,1,2
11,644,1,2,0,2,0
11,645,2,0,1,0,2
11,646,0,2,1,2,0
11,647,1,0,2,0,2
11,648,1,2,0,2,0
11,649,2,0,2,0,0
11,650,0,2,0,2,1
11,651,2,0,2,0,0
11,652,0,0,0,1,2
11,653,2,0,2,0,0
11,654,0,2,0,0,2
11,655,0,0,1,1,0
11,656,2,0,1,2,2
11,657,0,2,2,0,0
11,658,2,0,0,2,2
11,659,0,2,0,0,0
11,660,2,0,2,1,2
11,661,0,2,0,1,0
11,662,2,0,2,0,2
11,663,0,2,0,2,0
11,664,1,0,0,0,1
11,665,1,0,2,0,2
11,666,0,2,0,2,0
11,667,2,0,0,0,1
11,668,0,2,2,0,2
11,669,1,0,0,0,0
11,670,2,0,1,1,0
11,671,0,2,2,0,2
11,672,0,0,0,0,0
11,673,1,2,2,0,1
11,674,2,0,0,1,0
11,675,0,0,0,2,0
11,676,1,2,1,0,1
11,677,2,0,1,2,2
11,678,0,0,2,0,0
11,679,2,0,0,2,2
11,680,0,0,0,0,0
11,681,1,0,1,0,2
11,682,0,1,2,2,0
11,683,2,2,0,0,2
11,684,0,0,1,2,0
11,685,0,0,2,0,1
11,686,2,0,0,1,2
11,687,0,2,2,2,0
11,688,0,0,0,0,1
11,689,2,2,2,2,2
11,690,0,0,0,0,0
11,691,2,0,1,0,2
11,692,0,2,2,2,0
11,693,1,0,0,0,0
11,694,0,0,0,2,1
11,695,2,0,0,0,0
11,696,0,2,2,2,1
11,697,2,0,0,0,2
11,698,0,2,0,2,0
11,699,2,0,2,0,1
11,700,0,1,0,1,0
11,701,1,1,0,2,2
11,702,0,1,0,0,0
11,703,1,1,1,2,0
11,704,2,2,2,0,2
11,705,0,0,0,0,0
11,706,1,1,2,1,2
11,707,0,2,0,1,0
11,708,1,0,1,0,2
11,709,2,2,0,2,0
11,710,0,0,2,0,2
11,711,1,2,0,1,0
11,712,1,0,0,2,1
11,713,1,0,1,0,2
11,714,1,2,2,0,0
11,715,2,0,0,2,2
11,716,0,0,2,0,0
11,717,1,0,0,2,1
11,718,1,1,1,0,1
11,719,0,0,2,2,1
11,720,0,2,0,0,1
11,721,0,0,1,0,0
11,722,1,0,0,2,1
11,723,2,2,0,0,1
11,724,0,0,1,0,0
11,725,1,1,2,2,0
11,726,2,1,0,0,1
11,727,0,2,2,1,0
11,728,0,0,0,1,2
11,729,0,1,2,2,0
11,730,1,2,0,0,2
11,731,2,0,1,0,0
11,732,0,2,2,1,2
11,733,1,0,0,0,0
11,734,0,1,1,2,1
11,735,0,0,2,0,0
11,736,2,2,0,0,1
11,737,0,0,1,2,0
11,738,0,1,1,0,2
11,739,2,1,1,0,0
11,740,0,2,2,2,1
11,741,2,0,0,0,1
11,742,0,0,1,2,0
11,743,2,1,1,0,0
11,744,0,0,0,2,2
11,745,0,0,1,0,0
11,746,2,0,1,1,2
11,747,0,1,0,1,0
11,748,2,1,2,2,2
11,749,0,1,0,0,0
11,750,0,1,2,2,2
11,751,0,2,0,0,0
11,752,2,0,1,0,2
11,753,0,0,2,2,0
11,754,2,0,0,0,0
11,755,0,0,1,0,2
11,756,0,0,0,0,0
11,757,1,2,2,1,2
11,758,2,0,0,2,0
11,759,0,0,2,0,1
11,760,2,2,0,2,0
11,761,0,0,0,0,2
11,762,0,2,2,2,0
11,763,2,0,0,0,2
11,764,0,2,0,0,0
11,765,2,0,1,0,2
11,766,0,0,0,0,0
11,767,2,0,2,2,2
11,768,0,0,0,0,0
11,769,2,2,2,1,2
11,770,0,0,0,2,0
11,771,2,1,2,0,2
11,772,0,2,0,0,0
11,773,2,0,2,1,0
11,774,0,0,0,1,1
11,775,0,1,2,2,2
11,776,2,0,0,0,0
11,777,0,1,0,1,1
11,778,2,1,1,2,2
11,779,0,0,0,0,0
11,780,2,1,0,0,2
11,781,0,2,1,2,0
11,782,2,0,1,0,2
11,783,0,0,1,2,0
11,784,2,2,2,0,2
11,785,0,0,0,0,0
11,786,0,2,0,2,2
11,787,2,0,2,0,0
11,788,0,1,0,2,0
11,789,0,1,2,0,2
11,790,2,0,0,2,0
11,791,0,0,2,0,1
11,792,0,0,0,2,2
11,793,2,1,2,0,0
11,794,0,1,0,1,2
11,795,2,1,2,2,0
11,796,0,0,0,0,2
11,797,2,0,2,2,0
11,798,0,1,0,0,0
11,799,2,0,0,0,0
11,800,0,0,2,2,2
11,801,2,1,0,0,0
11,802,0,1,2,1,2
11,803,0,2,0,0,0
11,804,2,0,2,1,2
11,805,0,0,0,2,0
11,806,0,1,0,0,1
11,807,1,0,2,2,2
11,808,1,1,0,0,0
11,809,0,0,0,1,0
11,810,2,2,1,2,2
11,811,0,0,2,0,0
11,812,0,1,0,0,1
11,813,1,1,2,1,1
11,814,2,1,0,0,0
11,815,0,0,1,0,0
11,816,2,1,2,1,1
11,817,0,0,0,0,1
11,818,2,0,2,0,2
11,819,0,0,0,2,0
11,820,1,2,2,0,1
11,821,2,0,0,2,2
11,822,0,1,0,0,0
11,823,2,1,2,1,1
11,824,0,0,0,1,0
11,825,2,2,1,1,1
11,826,0,0,0,1,1
11,827,1,1,2,2,0
11,828,0,0,0,0,0
11,829,2,1,0,2,2
11,830,0,2,1,0,0
11,831,2,0,1,2,2
11,832,0,1,2,0,0
11,833,0,0,0,2,2
11,834,0,0,0,0,0
11,835,0,0,2,0,2
11,836,0,0,0,2,0
11,837,2,2,0,0,0
11,838,0,0,0,0,0
11,839,1,1,0,1,2
11,840,2,2,1,2,0
11,841,0,0,1,0,2
11,842,2,0,2,1,0
11,843,0,0,0,2,0
11,844,1,1,2,0,1
11,845,2,2,0,0,0
11,846,0,0,0,1,2
11,847,0,0,2,2,0
11,848,2,0,0,0,1
11,849,0,1,2,1,2
11,850,2,2,0,0,0
11,851,0,0,0,2,0
11,852,2,0,2,0,0
11,853,0,2,0,2,1
11,854,1,0,0,0,2
11,855,2,0,0,1,0
11,856,0,0,2,1,2
11,857,2,0,0,0,0
11,858,0,1,2,2,0
11,859,0,0,0,0,1
11,860,2,2,2,1,2
11,861,0,0,0,0,0
11,862,2,1,1,2,2
11,863,0,2,2,0,0
11,864,2,0,0,2,2
11,865,0,0,0,0,0
11,866,1,1,2,2,2
11,867,2,0,0,0,0
11,868,0,1,2,0,0
11,869,1,0,0,2,2
11,870,2,0,2,0,0
11,871,0,1,0,1,2
11,872,2,0,2,0,0
11,873,0,2,0,0,0
11,874,2,0,0,0,0
11,875,0,0,1,0,2
11,876,2,1,0,0,0
11,877,0,2,0,2,2
11,878,0,0,1,0,0
11,879,2,2,2,0,0
11,880,0,0,0,0,1
11,881,2,0,1,2,2
11,882,0,0,2,0,0
11,883,0,0,0,2,2
11,884,2,2,2,0,0
11,885,0,0,0,0,0
11,886,2,1,0,2,0
11,887,0,0,0,0,1
11,888,2,2,2,2,2
11,889,0,0,0,0,0
11,890,1,1,2,1,0
11,891,1,1,0,2,2
11,892,1,1,2,0,0
11,893,1,1,0,0,2
11,894,1,0,0,2,0
11,895,1,2,2,0,2
11,896,1,0,0,1,0
11,897,2,0,2,1,2
11,898,0,0,0,1,0
11,899,2,0,2,0,2
11,900,0,0,0,1,0
11,901,1,2,2,2,1
11,902,1,0,0,0,1
11,903,0,0,2,1,1
11,904,0,0,0,0,2
11,905,1,1,0,2,0
11,906,0,0,2,0,2
11,907,0,0,0,1,0
11,908,1,0,2,1,0
11,909,2,1,0,1,2
11,910,0,1,1,2,0
11,911,2,0,2,0,2
11,912,0,0,0,0,0
11,913,0,0,1,1,2
11,914,1,2,2,0,0
11,915,2,0,0,0,1
11,916,0,1,2,1,2
11,917,2,0,0,0,0
11,918,0,1,2,2,2
11,919,1,0,0,0,0
11,920,2,0,2,1,2
11,921,0,1,0,2,0
11,922,2,0,1,0,1
11,923,0,2,2,0,0
11,924,1,0,0,0,1
11,925,0,0,2,1,2
11,926,0,2,0,2,0
11,927,2,0,0,0,2
11,928,0,1,2,1,0
11,929,2,2,0,0,1
11,930,0,0,0,0,2
11,931,2,2,1,1,0
11,932,0,0,1,2,0
11,933,0,0,0,0,1
11,934,0,1,2,0,1
11,935,0,0,0,2,2
11,936,2,1,1,0,0
11,937,0,1,2,2,2
11,938,2,1,0,0,0
11,939,0,2,0,1,2
11,940,1,0,2,2,0
11,941,0,0,0,0,1
11,942,2,2,0,1,2
11,943,0,0,2,2,0
11,944,0,2,0,0,2
11,945,0,0,0,1,0
11,946,0,1,2,2,2
11,947,2,2,0,0,0
11,948,0,0,2,2,1
11,949,2,2,0,0,0
11,950,0,0,2,1,2
11,951,1,0,0,2,0
11,952,1,0,0,0,0
11,953,1,1,0,2,2
11,954,2,2,0,0,0
11,955,0,0,2,2,0
11,956,2,0,0,0,1
11,957,0,0,2,2,2
11,958,2,1,0,0,0
11,959,0,1,0,2,1
11,960,1,0,2,0,2
11,961,0,1,0,2,0
11,962,1,2,2,0,1
11,963,2,0,0,0,2
11,964,0,0,1,0,0
11,965,2,0,2,0,2
11,966,0,0,0,2,0
11,967,0,0,2,0,0
11,968,2,1,0,1,2
11,969,0,0,2,1,0
11,970,0,0,0,1,2
11,971,0,0,2,1,0
11,972,0,2,0,1,2
11,973,2,0,2,1,0
11,974,0,0,0,1,0
11,975,0,2,2,1,2
11,976,2,0,0,1,0
11,977,0,2,2,1,1
11,978,0,0,0,0,2
11,979,0,2,1,1,0
11,980,0,0,1,1,0
11,981,0,2,2,1,1
11,982,0,0,0,2,1
11,983,2,0,0,0,2
11,984,0,0,1,1,0
11,985,2,1,2,0,0
11,986,0,0,0,1,2
11,987,2,1,2,1,0
11,988,0,2,0,2,2
11,989,2,0,0,0,0
11,990,0,1,2,2,2
11,991,1,2,0,0,0
11,992,2,0,0,1,2
11,993,0,2,2,1,0
11,994,1,0,0,1,1
11,995,1,0,2,1,1
11,996,1,2,0,2,2
11,997,2,0,2,0,0
11,998,0,0,0,0,1
11,999,2,0,0,0,2
12,0,1,2,2,0,2
12,1,1,0,0,0,0
12,2,0,2,2,2,2
12,3,2,0,0,0,0
12,4,0,1,2,2,1
12,5,0,0,0,0,2
12,6,2,2,1,0,0
12,7,0,0,0,2,0
12,8,2,2,0,0,2
12,9,0,0,2,2,0
12,10,0,2,0,0,2
12,11,1,0,2,0,0
12,12,0,0,0,2,0
12,13,2,2,2,0,0
12,14,0,0,0,2,1
12,15,0,0,2,0,0
12,16,1,2,0,1,1
12,17,1,0,2,1,2
12,18,1,1,0,0,0
12,19,2,1,2,0,2
12,20,0,0,0,1,0
12,21,0,1,1,1,2
12,22,0,0,0,0,0
12,23,0,0,2,2,2
12,24,2,0,0,0,0
12,25,0,1,2,2,1
12,26,0,2,0,0,2
12,27,1,0,0,0,0
12,28,1,2,1,2,0
12,29,0,0,1,0,0
12,30,1,0,0,0,2
12,31,2,0,1,0,0
12,32,0,1,0,1,2
12,33,2,1,1,1,0
12,34,0,1,2,0,2
12,35,2,0,0,1,0
12,36,0,2,0,0,2
12,37,2,0,2,0,0
12,38,0,1,0,2,1
12,39,2,2,2,0,2
12,40,0,0,0,0,0
12,41,2,1,0,1,0
12,42,0,1,0,1,2
12,43,1,1,2,0,0
12,44,1,1,0,2,1
12,45,0,0,2,0,0
12,46,2,1,0,2,1
12,47,0,2,0,0,0
12,48,1,0,2,1,1
12,49,2,0,0,1,2
12,50,0,1,2,0,0
12,51,0,0,0,1,2
12,52,0,2,0,1,0
12,53,0,0,1,1,2
12,54,0,0,2,2,0
12,55,2,0,0,0,2
12,56,0,0,0,2,0
12,57,0,2,1,0,2
12,58,1,0,2,2,0
12,59,1,0,0,0,2
12,60,2,1,0,1,0
12,61,0,0,0,0,2
12,62,2,0,1,0,0
12,63,0,0,0,1,2
12,64,0,2,0,0,0
12,65,1,0,1,2,2
12,66,2,1,1,0,0
12,67,0,2,1,0,2
12,68,1,0,2,0,0
12,69,0,2,0,2,0
12,70,2,0,2,0,1
12,71,0,0,0,1,2
12,72,1,0,2,2,0
12,73,1,1,0,0,0
12,74,2,1,2,1,2
12,75,0,0,0,0,0
12,76,0,2,0,1,2
12,77,2,0,2,0,0
12,78,0,0,0,0,2
12,79,2,2,1,2,0
12,80,0,0,1,0,2
12,81,0,2,2,1,0
12,82,2,0,0,0,2
12,83,0,1,2,1,0
12,84,1,0,0,1,2
12,85,0,0,2,2,0
12,86,1,2,0,0,2
12,87,0,0,0,1,0
12,88,0,2,0,0,2
12,89,0,0,1,2,0
12,90,1,2,0,0,0
12,91,0,0,2,1,1
12,92,1,1,0,0,1
12,93,0,2,2,0,0
12,94,2,0,0,1,0
12,95,0,2,0,1,1
12,96,0,0,1,1,2
12,97,1,0,1,0,0
12,98,2,0,1,0,1
12,99,0,0,0,1,0
12,100,1,1,2,1,1
12,101,0,0,0,2,2
12,102,2,2,2,0,0
12,103,0,0,0,0,2
12,104,2,2,1,1,0
12,105,0,0,0,1,2
12,106,0,2,1,0,0
12,107,2,0,0,2,2
12,108,0,1,0,0,0
12,109,1,2,1,2,2
12,110,1,0,0,0,0
12,111,0,1,1,2,1
12,112,2,2,2,0,0
12,113,0,0,0,2,1
12,114,0,1,0,0,2
12,115,1,1,0,2,0
12,116,1,0,0,0,2
12,117,1,1,0,0,0
12,118,1,0,1,0,0
12,119,2,2,0,0,0
12,120,0,0,1,0,1
12,121,2,2,1,1,2
12,122,0,0,0,0,0
12,123,2,1,1,0,2
12,124,0,0,0,1,0
12,125,2,2,1,2,2
12,126,0,0,1,0,0
12,127,0,0,2,0,1
12,128,0,0,0,0,2
12,129,2,2,1,0,0
12,130,0,0,2,0,2
12,131,2,0,0,0,0
12,132,0,2,2,2,1
12,133,2,0,0,0,1
12,134,0,2,0,2,2
12,135,1,0,1,0,0
12,136,2,0,2,2,1
12,137,0,2,0,0,2
12,138,1,0,2,0,0
12,139,1,2,0,2,1
12,140,0,0,1,0,1
12,141,0,0,1,1,2
12,142,1,2,1,1,0
12,143,0,0,1,1,2
12,144,0,2,2,0,0
12,145,1,0,0,2,2
12,146,1,2,0,0,0
12,147,2,0,0,0,2
12,148,0,2,2,1,0
12,149,2,0,0,0,2
12,150,0,2,2,2,0
12,151,2,0,0,0,2
12,152,0,2,1,2,0
12,153,1,0,0,0,0
12,154,2,2,0,2,2
12,155,0,0,2,0,0
12,156,1,1,0,1,2
12,157,0,1,2,1,0
12,158,0,1,0,1,2
12,159,1,1,2,2,0
12,160,1,0,0,0,2
12,161,0,2,0,1,0
12,162,2,0,1,0,0
12,163,0,1,1,0,0
12,164,2,1,0,2,0
12,165,0,0,1,0,2
12,166,0,1,1,1,0
12,167,0,0,1,2,2
12,168,2,0,1,0,0
12,169,0,2,1,2,0
12,170,1,0,1,0,0
12,171,0,0,1,2,2
12,172,2,1,1,0,0
12,173,0,0,0,2,1
12,174,0,1,0,0,2
12,175,2,0,1,2,0
12,176,0,2,0,0,2
12,177,0,0,1,0,0
12,178,0,0,1,2,0
12,179,1,1,0,0,2
12,180,0,0,1,0,0
12,181,1,1,2,1,2
12,182,2,0,0,2,0
12,183,0,1,2,0,2
12,184,0,0,0,2,0
12,185,1,0,1,0,0
12,186,0,0,2,2,2
12,187,2,2,0,0,0
12,188,0,0,1,0,2
12,189,2,1,1,2,0
12,190,0,1,2,0,2
12,191,0,1,0,1,0
12,192,1,2,1,0,0
12,193,1,0,0,2,2
12,194,0,2,0,0,0
12,195,0,0,2,2,2
12,196,1,2,0,0,0
12,197,0,0,2,1,2
12,198,0,1,0,1,0
12,199,2,1,1,0,0
12,200,0,0,2,0,2
12,201,2,1,0,0,0
12,202,0,0,1,2,0
12,203,0,0,0,0,2
12,204,1,1,2,1,0
12,205,0,0,0,1,1
12,206,0,1,2,2,1
12,207,1,2,0,0,2
12,208,0,0,1,1,0
12,209,1,2,0,0,2
12,210,0,0,0,2,0
12,211,1,2,0,0,2
12,212,0,0,2,2,0
12,213,0,1,0,0,2
12,214,1,0,1,1,0
12,215,2,1,0,1,2
12,216,0,0,2,2,0
12,217,2,2,0,0,2
12,218,0,0,2,2,0
12,219,1,1,0,0,0
12,220,1,0,0,2,2
12,221,2,0,0,0,0
12,222,0,1,2,1,2
12,223,0,1,0,2,0
12,224,1,2,1,0,2
12,225,0,0,0,0,0
12,226,0,1,2,0,2
12,227,1,2,0,2,0
12,228,0,0,0,0,2
12,229,1,1,0,1,0
12,230,0,0,2,2,0
12,231,2,0,0,0,2
12,232,0,2,1,0,0
12,233,0,0,2,1,0
12,234,1,0,0,0,2
12,235,1,2,1,0,0
12,236,1,0,2,2,0
12,237,0,2,0,0,0
12,238,2,0,1,0,1
12,239,0,0,0,2,2
12,240,1,2,0,0,0
12,241,2,0,1,2,0
12,242,0,0,2,0,2
12,243,2,0,0,0,0
12,244,0,2,1,2,0
12,245,1,0,1,0,2
12,246,0,0,2,0,0
12,247,2,1,0,2,2
12,248,0,2,1,0,0
12,249,0,0,0,2,0
12,250,2,1,1,0,0
12,251,0,1,2,1,0
12,252,2,1,0,2,0
12,253,0,0,1,0,2
12,254,2,2,2,2,0
12,255,0,0,0,0,2
12,256,2,2,0,2,0
12,257,0,0,0,0,2
12,258,1,1,2,2,0
12,259,0,0,0,0,1
12,260,2,1,1,1,2
12,261,0,0,0,0,0
12,262,1,1,2,2,2
12,263,0,1,0,0,0
12,264,1,2,1,1,2
12,265,0,0,0,0,0
12,266,1,1,1,0,2
12,267,0,1,2,2,0
12,268,2,2,0,0,2
12,269,0,0,0,2,0
12,270,2,0,1,0,2
12,271,0,1,2,1,0
12,272,1,0,0,0,0
12,273,0,2,2,2,2
12,274,2,0,0,0,0
12,275,0,0,0,2,0
12,276,2,1,2,0,2
12,277,0,2,0,1,0
12,278,2,0,0,0,2
12,279,0,1,2,0,0
12,280,1,2,0,1,1
12,281,0,0,2,1,2
12,282,0,0,0,0,0
12,283,0,0,0,2,2
12,284,0,1,1,0,0
12,285,0,0,2,1,2
12,286,1,0,0,0,0
12,287,1,1,2,1,2
12,288,1,0,0,1,0
12,289,1,1,1,0,2
12,290,2,1,2,1,0
12,291,0,1,0,0,2
12,292,2,1,0,0,0
12,293,0,2,2,1,2
12,294,2,0,0,0,0
12,295,0,1,2,1,2
12,296,2,0,0,2,0
12,297,0,1,1,0,0
12,298,2,0,0,2,0
12,299,0,1,0,0,2
12,300,2,0,1,2,0
12,301,0,0,2,0,1
12,302,0,1,0,2,2
12,303,2,2,2,0,0
12,304,0,0,0,2,0
12,305,2,1,2,0,2
12,306,0,0,0,2,0
12,307,1,1,2,0,1
12,308,0,0,0,0,0
12,309,1,1,1,0,0
12,310,1,0,2,0,1
12,311,0,2,0,2,1
12,312,0,0,0,0,0
12,313,0,1,1,1,2
12,314,0,1,1,2,0
12,315,0,2,2,0,2
12,316,1,0,0,1,0
12,317,1,1,1,1,1
12,318,0,1,1,2,2
12,319,2,0,1,0,0
12,320,0,1,1,1,2
12,321,2,2,1,1,0
12,322,0,0,1,1,2
12,323,1,1,1,1,0
12,324,2,0,1,2,0
12,325,0,1,1,0,2
12,326,0,1,1,0,0
12,327,2,0,2,0,0
12,328,0,0,0,1,0
12,329,0,2,1,1,1
12,330,0,0,1,0,0
12,331,0,1,2,1,0
12,332,0,2,0,1,1
12,333,1,0,2,0,2
12,334,2,1,0,1,0
12,335,0,0,1,0,0
12,336,2,1,1,1,1
12,337,0,1,1,1,2
12,338,1,0,1,1,0
12,339,2,1,1,1,2
12,340,0,0,1,2,0
12,341,1,1,1,0,1
12,342,0,0,1,1,2
12,343,2,1,1,0,0
12,344,0,2,2,1,2
12,345,0,0,0,0,0
12,346,1,0,2,0,1
12,347,0,0,0,1,2
12,348,1,2,1,2,0
12,349,1,0,0,0,0
12,350,0,1,1,2,0
12,351,0,0,1,0,2
12,352,2,1,1,2,0
12,353,0,1,0,0,0
12,354,2,2,1,2,2
12,355,0,0,0,0,0
12,356,1,2,0,1,2
12,357,0,0,2,2,0
12,358,1,1,0,0,2
12,359,1,2,0,1,0
12,360,2,0,2,1,0
12,361,0,1,0,1,2
12,362,0,1,0,1,0
12,363,0,1,1,1,0
12,364,0,2,1,0,2
12,365,1,0,0,0,0
12,366,1,0,1,2,2
12,367,1,2,0,0,0
12,368,1,0,1,1,1
12,369,2,2,2,0,0
12,370,0,0,0,0,1
12,371,0,0,2,1,2
12,372,1,2,0,1,0
12,373,1,0,0,0,1
12,374,1,2,0,0,1
12,375,2,0,1,1,1
12,376,0,1,1,0,0
12,377,1,2,2,1,2
12,378,0,0,0,1,0
12,379,0,2,1,0,1
12,380,2,0,2,0,1
12,381,0,1,0,1,2
12,382,2,1,0,1,0
12,383,0,0,0,0,1
12,384,0,2,0,2,1
12,385,0,0,0,0,0
12,386,2,0,2,1,1
12,387,0,1,0,0,1
12,388,1,0,0,0,0
12,389,1,1,0,2,1
12,390,1,2,1,0,0
12,391,0,0,1,1,0
12,392,1,1,0,0,2
12,393,1,2,1,2,0
12,394,2,0,2,0,1
12,395,0,1,0,1,2
12,396,1,1,1,1,0
12,397,1,0,1,1,0
12,398,0,0,2,1,1
12,399,0,1,0,1,0
12,400,2,0,1,0,1
12,401,0,2,2,0,0
12,402,0,0,0,2,1
12,403,1,1,0,0,0
12,404,2,0,2,1,1
12,405,0,2,0,0,1
12,406,2,0,2,2,1
12,407,0,0,0,0,1
12,408,2,0,2,0,0
12,409,0,0,0,0,0
12,410,1,0,2,2,1
12,411,2,2,0,0,2
12,412,0,0,0,1,0
12,413,2,0,2,1,0
12,414,0,0,0,0,1
12,415,2,1,1,2,2
12,416,0,0,2,0,0
12,417,1,1,0,1,1
12,418,2,1,2,1,0
12,419,0,2,0,1,1
12,420,0,0,2,0,0
12,421,1,1,0,0,2
12,422,2,0,0,0,0
12,423,0,1,1,1,1
12,424,1,0,0,1,2
12,425,1,1,1,0,0
12,426,0,2,1,2,1
12,427,1,0,0,0,2
12,428,2,1,2,0,0
12,429,0,1,0,1,2
12,430,1,0,1,0,0
12,431,2,0,2,1,1
12,432,0,2,0,1,2
12,433,2,0,0,0,0
12,434,0,1,2,0,0
12,435,0,0,0,2,0
12,436,0,1,0,0,0
12,437,1,1,0,1,1
12,438,0,0,1,1,0
12,439,2,1,2,1,1
12,440,0,0,0,2,0
12,441,1,2,0,0,2
12,442,0,0,1,2,0
12,443,1,2,1,0,0
12,444,0,0,2,0,0
12,445,2,0,0,0,1
12,446,0,1,2,1,0
12,447,1,1,0,2,2
12,448,2,1,0,0,0
12,449,0,0,1,2,0
12,450,1,1,2,0,1
12,451,2,2,0,1,0
12,452,0,0,2,2,1
12,453,0,1,0,0,2
12,454,0,0,2,1,0
12,455,1,0,0,2,0
12,456,1,1,0,0,2
12,457,1,1,0,2,0
12,458,2,0,0,0,0
12,459,0,1,0,1,0
12,460,0,1,1,0,1
12,461,0,1,1,2,2
12,462,1,0,0,0,0
12,463,1,2,2,1,2
12,464,0,0,0,2,0
12,465,2,2,1,0,1
12,466,0,0,0,1,0
12,467,1,1,1,1,1
12,468,1,2,1,1,0
12,469,1,0,1,1,2
12,470,0,1,2,1,0
12,471,1,0,0,0,2
12,472,2,1,2,0,0
12,473,0,0,0,1,0
12,474,1,1,0,1,0
12,475,2,1,0,2,2
12,476,0,0,0,0,0
12,477,2,2,0,2,2
12,478,0,0,1,0,0
12,479,2,2,2,1,1
12,480,0,0,0,1,0
12,481,0,1,1,1,0
12,482,2,1,2,1,1
12,483,0,2,0,1,1
12,484,2,0,0,1,2
12,485,0,0,2,2,0
12,486,2,1,0,0,0
12,487,0,1,2,0,1
12,488,2,0,0,0,2
12,489,0,2,2,0,0
12,490,0,0,0,2,2
12,491,2,1,2,0,0
12,492,0,1,0,2,1
12,493,2,0,2,0,2
12,494,0,1,0,1,0
12,495,2,0,2,2,2
12,496,0,2,0,0,0
12,497,0,0,0,2,0
12,498,2,1,1,0,1
12,499,0,1,0,1,0
12,500,1,1,1,0,0
12,501,1,0,0,0,2
12,502,0,1,2,0,0
12,503,0,1,0,0,1
12,504,2,1,0,1,0
12,505,0,1,0,0,0
12,506,0,1,2,2,1
12,507,0,1,0,0,1
12,508,0,0,2,0,0
12,509,1,2,0,2,0
12,510,0,0,2,0,0
12,511,1,0,0,2,2
12,512,1,0,2,0,0
12,513,2,0,0,0,0
12,514,0,2,0,0,0
12,515,0,0,1,0,1
12,516,2,1,1,2,2
12,517,0,2,2,0,0
12,518,0,0,0,0,0
12,519,1,1,2,1,0
12,520,1,1,0,2,0
12,521,0,2,2,0,0
12,522,0,0,0,0,0
12,523,0,0,2,0,0
12,524,0,0,0,0,2
12,525,2,1,2,0,0
12,526,0,1,0,1,0
12,527,2,2,0,0,2
12,528,0,0,0,1,0
12,529,1,2,1,1,1
12,530,0,0,2,2,2
12,531,0,1,0,0,0
12,532,0,2,0,2,2
12,533,1,0,0,0,0
12,534,1,2,2,0,1
12,535,1,0,0,2,0
12,536,1,0,1,0,0
12,537,1,0,0,0,1
12,538,1,2,1,1,0
12,539,0,0,1,2,1
12,540,1,0,2,0,0
12,541,1,0,0,0,1
12,542,1,0,2,1,2
12,543,2,0,0,2,0
12,544,0,0,2,0,0
12,545,0,1,0,1,2
12,546,0,0,1,2,0
12,547,2,1,2,0,1
12,548,0,1,0,2,0
12,549,0,1,2,0,0
12,550,2,2,0,1,0
12,551,0,0,1,1,1
12,552,1,1,2,1,1
12,553,1,2,0,1,0
12,554,2,0,2,0,1
12,555,0,0,0,0,1
12,556,2,1,0,0,0
12,557,0,1,1,1,2
12,558,2,1,0,0,0
12,559,0,1,0,0,0
12,560,2,1,1,2,0
12,561,0,2,1,0,2
12,562,2,0,0,2,0
12,563,0,0,1,0,1
12,564,2,2,2,0,1
12,565,0,0,0,1,1
12,566,1,0,1,1,0
12,567,2,2,1,1,0
12,568,0,0,1,0,1
12,569,2,1,1,0,2
12,570,0,1,2,2,0
12,571,1,1,0,0,1
12,572,0,1,0,1,1
12,573,2,1,0,0,0
12,574,0,2,2,1,1
12,575,2,0,0,1,0
12,576,0,1,2,0,1
12,577,1,1,0,2,1
12,578,1,0,2,0,1
12,579,2,1,0,2,1
12,580,0,0,2,0,0
12,581,1,0,0,1,2
12,582,2,0,0,1,0
12,583,0,0,2,2,0
12,584,2,0,0,0,2
12,585,0,1,2,2,0
12,586,1,1,0,0,0
12,587,2,1,2,2,0
12,588,0,1,0,0,0
12,589,0,0,0,2,0
12,590,0,1,1,0,1
12,591,0,2,1,0,2
12,592,2,0,2,1,0
12,593,0,2,0,1,0
12,594,0,0,2,0,2
12,595,2,0,0,1,0
12,596,0,1,2,1,0
12,597,0,1,0,1,1
12,598,2,1,2,0,1
12,599,0,0,0,2,1
12,600,1,1,2,0,1
12,601,1,0,0,0,0
12,602,1,0,2,2,0
12,603,2,0,0,0,1
12,604,0,2,1,0,1
12,605,2,0,2,1,0
12,606,0,2,0,2,0
12,607,2,0,0,0,0
12,608,0,2,2,0,0
12,609,1,0,0,2,0
12,610,0,0,0,0,0
12,611,0,1,1,1,0
12,612,2,1,1,1,2
12,613,0,0,0,0,0
12,614,2,2,1,2,0
12,615,0,0,1,0,1
12,616,2,0,2,2,1
12,617,0,1,0,0,0
12,618,2,0,2,0,1
12,619,0,0,0,0,0
12,620,1,1,1,1,1
12,621,0,0,0,1,2
12,622,2,1,0,1,0
12,623,0,1,0,1,0
12,624,1,1,0,2,1
12,625,1,2,0,0,0
12,626,1,0,2,1,1
12,627,0,0,0,2,0
12,628,1,0,1,0,0
12,629,0,2,2,1,0
12,630,0,0,0,1,1
12,631,1,1,0,2,0
12,632,1,2,2,0,1
12,633,1,0,0,1,1
12,634,0,0,2,2,1
12,635,1,2,0,0,1
12,636,0,0,2,2,1
12,637,1,2,0,0,0
12,638,1,0,2,2,2
12,639,1,0,0,0,0
12,640,2,1,2,0,0
12,641,0,1,0,2,1
12,642,2,2,0,0,1
12,643,0,0,2,1,0
12,644,0,1,0,1,0
12,645,1,0,2,2,2
12,646,0,1,0,0,0
12,647,1,1,1,2,1
12,648,1,1,0,0,2
12,649,2,0,0,1,0
12,650,0,1,0,0,1
12,651,1,1,1,2,1
12,652,1,2,2,0,0
12,653,1,0,0,2,0
12,654,1,0,0,0,1
12,655,0,2,1,0,1
12,656,1,0,1,2,2
12,657,1,0,2,0,0
12,658,1,0,0,2,2
12,659,0,0,2,0,0
12,660,1,0,0,1,2
12,661,1,1,0,1,0
12,662,2,0,1,0,0
12,663,0,1,2,1,0
12,664,2,0,0,0,0
12,665,0,2,2,2,0
12,666,1,0,0,0,1
12,667,1,1,2,2,2
12,668,1,1,0,0,0
12,669,1,1,1,1,0
12,670,1,0,2,1,0
12,671,0,0,0,1,0
12,672,1,1,2,2,1
12,673,1,2,0,0,1
12,674,2,0,2,2,2
12,675,0,0,0,0,0
12,676,1,1,2,0,0
12,677,0,0,0,0,0
12,678,1,0,2,2,0
12,679,0,1,0,0,0
12,680,1,1,0,2,0
12,681,1,2,2,0,0
12,682,0,0,0,1,0
12,683,0,0,0,0,2
12,684,1,1,1,0,0
12,685,0,2,0,1,1
12,686,2,0,1,0,1
12,687,0,0,2,1,0
12,688,0,1,0,0,0
12,689,1,1,2,1,0
12,690,2,2,0,0,0
12,691,0,0,2,2,2
12,692,2,1,0,0,0
12,693,0,0,0,2,0
12,694,0,1,2,0,1
12,695,1,1,0,2,2
12,696,1,1,0,0,0
12,697,1,1,2,2,0
12,698,2,0,0,0,0
12,699,0,0,1,0,1
12,700,0,0,0,2,0
12,701,1,2,2,0,0
12,702,0,0,0,1,2
12,703,0,0,1,2,0
12,704,2,1,0,0,0
12,705,0,1,2,2,2
12,706,2,1,0,0,0
12,707,0,2,0,1,2
12,708,2,0,1,2,0
12,709,0,0,2,0,0
12,710,0,1,0,2,2
12,711,2,0,2,0,0
12,712,0,1,0,2,2
12,713,1,1,1,0,0
12,714,2,1,0,1,1
12,715,0,1,2,0,0
12,716,0,1,0,2,0
12,717,2,1,2,0,0
12,718,0,0,0,2,0
12,719,1,0,0,0,0
12,720,1,1,0,2,0
12,721,1,2,2,0,1
12,722,0,0,0,1,0
12,723,0,0,2,2,0
12,724,1,0,0,0,0
12,725,2,2,2,0,0
12,726,0,0,0,2,1
12,727,1,0,1,0,1
12,728,1,0,1,2,2
12,729,1,0,0,0,0
12,730,1,2,0,1,0
12,731,1,0,0,0,2
12,732,1,2,2,2,0
12,733,0,0,0,0,0
12,734,0,2,2,2,1
12,735,2,0,0,0,2
12,736,0,2,1,1,0
12,737,1,0,0,2,0
12,738,2,2,2,0,2
12,739,0,0,0,2,0
12,740,1,0,2,0,2
12,741,0,0,0,2,0
12,742,1,1,2,0,2
12,743,0,2,0,2,0
12,744,1,0,2,0,0
12,745,0,1,0,2,2
12,746,2,1,2,0,0
12,747,0,1,0,0,1
12,748,1,1,2,2,2
12,749,2,1,0,0,0
12,750,0,1,2,2,2
12,751,1,1,0,0,0
12,752,2,1,2,2,1
12,753,0,2,0,0,1
12,754,2,0,1,2,0
12,755,0,1,1,0,0
12,756,1,0,1,1,2
12,757,1,0,0,2,0
12,758,2,1,1,0,0
12,759,0,1,0,1,1
12,760,2,0,0,2,1
12,761,0,2,2,0,1
12,762,2,0,0,2,0
12,763,0,0,1,0,2
12,764,1,1,2,1,0
12,765,0,1,0,2,0
12,766,0,1,2,0,0
12,767,1,1,0,1,1
12,768,1,2,2,1,0
12,769,2,0,0,1,0
12,770,0,0,2,2,2
12,771,1,1,0,0,0
12,772,0,2,1,2,2
12,773,1,0,2,0,0
12,774,2,2,0,0,2
12,775,0,0,2,2,0
12,776,2,1,0,0,1
12,777,0,2,2,1,1
12,778,1,0,0,2,0
12,779,0,1,2,0,2
12,780,1,0,0,2,0
12,781,0,2,0,0,1
12,782,0,0,1,2,2
12,783,0,1,2,0,0
12,784,1,0,0,2,2
12,785,0,0,2,0,0
12,786,1,2,0,0,1
12,787,0,0,2,2,1
12,788,1,2,0,0,2
12,789,1,0,0,0,0
12,790,0,2,1,0,2
12,791,1,0,2,1,0
12,792,2,0,0,0,2
12,793,0,0,2,0,0
12,794,2,1,0,0,0
12,795,0,0,2,1,1
12,796,0,1,0,0,0
12,797,1,1,2,1,1
12,798,1,1,0,1,2
12,799,1,1,2,1,0
12,800,1,1,0,1,1
12,801,1,1,1,1,1
12,802,2,0,1,1,2
12,803,0,2,2,1,0
12,804,2,0,0,0,1
12,805,0,2,0,1,0
12,806,1,0,1,2,1
12,807,0,1,1,0,1
12,808,1,2,1,2,1
12,809,0,0,2,0,0
12,810,1,2,0,0,0
12,811,2,0,1,2,1
12,812,0,2,2,0,1
12,813,1,0,0,2,0
12,814,0,2,0,0,1
12,815,0,0,2,2,2
12,816,2,2,0,0,0
12,817,0,0,0,2,2
12,818,1,1,0,0,0
12,819,2,1,2,0,1
12,820,0,0,0,1,2
12,821,0,0,1,1,0
12,822,1,2,2,2,1
12,823,1,0,0,0,1
12,824,1,1,2,1,0
12,825,2,0,0,2,0
12,826,0,0,2,0,0
12,827,1,0,0,2,2
12,828,0,2,2,0,0
12,829,2,0,0,2,0
12,830,0,1,0,0,1
12,831,1,1,2,1,1
12,832,1,0,0,1,1
12,833,0,2,0,2,1
12,834,0,0,2,0,2
12,835,1,2,0,1,0
12,836,1,0,2,2,1
12,837,0,1,0,0,1
12,838,1,2,0,2,2
12,839,0,0,2,0,0
12,840,1,1,0,1,2
12,841,2,2,2,1,0
12,842,0,0,0,1,1
12,843,0,1,2,1,1
12,844,0,2,0,0,1
12,845,0,0,2,1,0
12,846,0,0,0,2,0
12,847,0,2,2,0,0
12,848,2,0,0,2,0
12,849,0,2,2,0,2
12,850,1,0,0,0,0
12,851,1,1,0,1,2
12,852,1,0,1,0,0
12,853,0,2,2,0,0
12,854,0,0,0,2,1
12,855,2,1,0,0,1
12,856,0,1,1,1,0
12,857,1,0,0,0,1
12,858,0,1,0,2,2
12,859,1,0,0,0,0
12,860,0,2,2,1,1
12,861,1,0,0,0,1
12,862,0,1,1,0,0
12,863,1,1,2,1,2
12,864,2,0,0,0,0
12,865,0,2,1,2,2
12,866,2,0,2,0,0
12,867,0,2,0,2,0
12,868,2,0,0,0,0
12,869,0,0,0,0,1
12,870,1,1,1,2,1
12,871,0,1,2,0,1
12,872,0,1,0,1,2
12,873,2,1,2,2,0
12,874,0,2,0,0,0
12,875,2,0,2,2,0
12,876,0,2,0,0,2
12,877,2,0,2,1,0
12,878,0,2,0,0,1
12,879,2,0,0,2,2
12,880,0,0,2,0,0
12,881,0,1,0,0,1
12,882,2,1,1,0,0
12,883,0,1,0,1,1
12,884,1,1,2,0,1
12,885,1,1,0,2,0
12,886,1,1,2,0,0
12,887,1,1,0,2,0
12,888,0,0,1,0,1
12,889,2,1,1,1,1
12,890,0,0,2,0,1
12,891,1,2,0,1,2
12,892,2,0,1,2,0
12,893,0,2,2,0,0
12,894,1,0,0,2,1
12,895,2,2,2,0,0
12,896,0,0,0,1,1
12,897,0,2,2,2,0
12,898,2,0,0,0,0
12,899,0,1,0,0,2
12,900,2,0,2,1,0
12,901,0,1,0,1,0
12,902,0,2,0,2,0
12,903,0,0,1,0,1
12,904,2,2,1,1,2
12,905,0,0,0,1,0
12,906,1,2,2,2,2
12,907,0,0,0,0,0
12,908,1,0,1,0,1
12,909,1,1,0,1,2
12,910,2,0,2,1,0
12,911,0,2,0,0,2
12,912,1,0,0,1,0
12,913,0,2,2,2,2
12,914,1,0,0,0,0
12,915,1,0,2,2,2
12,916,2,2,0,0,0
12,917,0,0,1,2,2
12,918,1,0,2,0,0
12,919,1,0,0,1,2
12,920,1,0,1,2,0
12,921,2,1,2,0,1
12,922,0,0,0,2,0
12,923,2,1,1,0,0
12,924,0,1,1,2,2
12,925,0,2,2,0,0
12,926,0,0,0,0,0
12,927,1,2,1,1,2
12,928,2,0,1,0,0
12,929,0,1,1,0,2
12,930,1,1,0,0,0
12,931,2,2,2,1,2
12,932,0,0,0,0,0
12,933,0,2,0,0,1
12,934,2,0,1,0,2
12,935,0,1,2,1,0
12,936,1,1,0,0,1
12,937,1,0,2,2,2
12,938,0,0,0,0,0
12,939,1,0,1,2,2
12,940,0,0,1,0,0
12,941,1,0,2,2,1
12,942,2,0,0,0,0
12,943,0,0,0,0,0
12,944,0,1,2,1,0
12,945,1,2,0,2,0
12,946,0,0,2,0,0
12,947,2,0,0,0,2
12,948,0,2,2,2,0
12,949,0,0,0,0,1
12,950,0,2,2,2,2
12,951,2,0,0,0,0
12,952,0,1,2,2,2
12,953,0,2,0,0,0
12,954,0,0,2,1,2
12,955,0,2,0,0,0
12,956,0,0,1,2,2
12,957,0,2,2,0,0
12,958,2,0,0,1,2
12,959,0,2,2,2,0
12,960,1,0,0,0,1
12,961,0,1,2,2,1
12,962,1,2,0,0,2
12,963,1,0,1,1,0
12,964,1,1,2,2,2
12,965,0,1,0,0,0
12,966,1,2,2,2,0
12,967,1,0,0,0,0
12,968,0,2,1,2,2
12,969,2,0,0,0,0
12,970,0,2,1,1,0
12,971,0,0,2,2,2
12,972,0,2,0,0,0
12,973,0,0,2,1,0
12,974,1,0,0,0,1
12,975,2,0,1,1,0
12,976,0,2,0,0,0
12,977,1,0,0,0,2
12,978,1,2,2,1,0
12,979,2,0,0,1,0
12,980,0,1,1,1,1
12,981,1,1,0,2,2
12,982,0,1,2,0,0
12,983,1,1,0,0,2
12,984,0,0,2,0,0
12,985,0,0,0,1,2
12,986,1,1,0,0,0
12,987,2,0,2,0,0
12,988,0,1,0,1,2
12,989,1,2,2,2,0
12,990,0,0,0,0,0
12,991,0,2,1,1,1
12,992,0,0,2,0,0
12,993,1,2,0,2,0
12,994,1,0,2,0,0
12,995,1,0,0,2,1
12,996,1,0,0,0,0
12,997,0,0,2,1,2
12,998,1,1,0,1,0
12,999,1,0,0,2,2
13,0,2,2,2,2,2
13,1,0,0,0,0,0
13,2,1,2,2,0,1
13,3,1,0,0,0,0
13,4,1,0,1,2,0
13,5,1,2,0,0,2
13,6,1,0,2,2,0
13,7,1,2,0,0,2
13,8,2,0,0,2,0
13,9,0,1,1,0,2
13,10,1,2,2,0,0
13,11,0,0,0,1,2
13,12,0,0,1,2,0
13,13,0,0,0,0,0
13,14,1,2,0,2,1
13,15,2,0,1,0,2
13,16,0,0,0,2,0
13,17,1,1,0,0,1
13,18,1,0,2,0,2
13,19,1,1,0,2,0
13,20,1,2,0,0,2
13,21,2,0,1,2,0
13,22,0,0,0,0,1
13,23,1,0,2,0,0
13,24,0,1,0,0,2
13,25,1,0,1,1,0
13,26,2,0,0,0,1
13,27,0,2,2,1,2
13,28,2,0,0,2,0
13,29,0,2,2,0,2
13,30,0,0,0,1,0
13,31,0,1,1,0,1
13,32,0,1,0,0,2
13,33,0,0,0,2,0
13,34,2,1,2,0,2
13,35,0,0,0,0,0
13,36,2,1,0,0,0
13,37,0,1,0,0,2
13,38,1,1,0,1,0
13,39,0,1,2,0,2
13,40,2,1,0,0,0
13,41,0,0,0,2,2
13,42,1,1,2,0,0
13,43,1,0,0,2,1
13,44,2,1,2,0,0
13,45,0,0,0,2,0
13,46,2,1,2,0,0
13,47,0,0,0,1,2
13,48,2,2,1,0,0
13,49,0,0,0,2,2
13,50,2,1,0,0,0
13,51,0,2,0,2,2
13,52,1,0,2,0,0
13,53,2,2,0,1,1
13,54,0,0,2,0,2
13,55,2,2,0,0,0
13,56,0,0,2,2,1
13,57,2,2,0,0,0
13,58,0,0,2,2,2
13,59,2,2,0,0,0
13,60,0,0,2,2,2
13,61,2,0,0,0,0
13,62,0,1,0,0,2
13,63,2,1,0,2,0
13,64,0,0,2,0,2
13,65,2,1,0,0,0
13,66,0,2,2,1,2
13,67,1,0,0,2,0
13,68,1,1,1,0,1
13,69,2,1,0,1,2
13,70,0,0,1,0,0
13,71,2,0,1,2,2
13,72,0,1,0,0,0
13,73,1,0,2,0,1
13,74,1,1,0,2,0
13,75,0,0,2,0,0
13,76,1,2,0,1,2
13,77,0,0,0,0,0
13,78,0,0,0,1,1
13,79,1,1,0,0,2
13,80,0,2,1,1,0
13,81,0,0,0,1,2
13,82,2,0,2,2,0
13,83,0,2,0,0,1
13,84,2,0,1,0,1
13,85,0,1,2,2,2
13,86,1,2,0,0,0
13,87,0,0,2,2,2
13,88,0,2,0,0,0
13,89,0,0,2,0,2
13,90,0,1,0,2,0
13,91,0,0,1,0,1
13,92,2,2,1,2,2
13,93,0,0,0,0,0
13,94,0,0,2,2,2
13,95,2,2,0,0,0
13,96,0,0,0,2,2
13,97,2,2,0,0,0
13,98,0,0,1,0,2
13,99,2,2,0,2,0
13,100,0,0,0,0,2
13,101,2,0,2,0,0
13,102,0,1,0,2,1
13,103,2,1,1,0,2
13,104,0,2,0,2,0
13,105,2,0,2,0,2
13,106,0,0,0,1,0
13,107,0,2,2,1,2
13,108,1,0,0,0,0
13,109,0,1,2,0,0
13,110,1,2,0,1,2
13,111,0,0,2,2,0
13,112,2,1,0,0,1
13,113,0,1,0,1,2
13,114,2,1,0,0,0
13,115,0,0,2,0,1
13,116,1,2,0,2,1
13,117,1,0,2,0,2
13,118,2,1,0,0,0
13,119,0,2,2,0,1
13,120,2,0,0,0,0
13,121,0,2,2,0,0
13,122,1,0,0,0,1
13,123,2,0,2,0,2
13,124,0,0,0,0,0
13,125,0,2,0,0,2
13,126,0,0,2,0,0
13,127,2,2,0,0,2
13,128,0,0,1,0,0
13,129,2,2,1,0,2
13,130,0,0,0,1,0
13,131,1,2,2,2,1
13,132,1,0,0,0,0
13,133,0,1,1,1,2
13,134,2,2,0,0,0
13,135,0,0,0,1,0
13,136,1,2,1,1,2
13,137,1,0,1,1,0
13,138,1,1,2,1,2
13,139,1,0,0,1,0
13,140,2,2,1,0,2
13,141,0,0,0,2,0
13,142,2,0,2,0,2
13,143,0,1,0,2,0
13,144,2,1,0,0,0
13,145,0,2,1,2,0
13,146,1,0,1,0,2
13,147,2,2,2,2,0
13,148,0,0,0,0,2
13,149,0,2,2,2,0
13,150,0,0,0,0,0
13,151,2,0,0,2,1
13,152,0,1,2,0,1
13,153,0,2,0,0,2
13,154,2,0,0,2,0
13,155,0,2,0,0,1
13,156,1,0,1,2,0
13,157,1,0,1,0,1
13,158,1,2,2,2,2
13,159,1,0,0,0,0
13,160,2,2,1,2,0
13,161,0,0,1,0,0
13,162,0,2,1,1,2
13,163,1,0,2,1,0
13,164,1,1,0,2,1
13,165,0,1,1,0,2
13,166,2,2,0,0,0
13,167,0,0,1,1,2
13,168,2,2,2,2,0
13,169,0,0,0,0,0
13,170,0,1,2,0,1
13,171,2,0,0,0,2
13,172,0,0,2,0,0
13,173,1,0,0,1,0
13,174,0,1,2,2,0
13,175,2,1,0,0,1
13,176,0,1,0,2,1
13,177,2,0,0,0,2
13,178,0,0,0,1,0
13,179,2,1,2,0,1
13,180,0,0,0,2,2
13,181,1,1,1,0,0
13,182,2,1,1,2,2
13,183,0,2,0,0,0
13,184,1,0,2,2,0
13,185,1,0,0,0,1
13,186,1,1,1,0,1
13,187,2,1,0,1,2
13,188,0,2,2,0,0
13,189,2,0,0,1,2
13,190,0,2,2,2,0
13,191,2,0,0,0,2
13,192,0,0,1,1,0
13,193,2,2,2,2,2
13,194,0,0,0,0,0
13,195,2,1,2,2,1
13,196,0,2,0,0,0
13,197,2,0,1,2,0
13,198,0,1,1,0,2
13,199,2,1,1,0,0
13,200,0,0,1,2,0
13,201,2,0,1,0,2
13,202,0,0,1,2,0
13,203,1,2,2,0,2
13,204,1,0,0,1,0
13,205,0,1,2,2,2
13,206,0,2,0,0,0
13,207,0,0,0,1,2
13,208,0,2,2,1,0
13,209,1,0,0,2,1
13,210,2,0,1,0,0
13,211,0,1,2,0,2
13,212,1,1,0,1,0
13,213,0,1,1,1,2
13,214,1,0,2,0,0
13,215,1,0,0,1,2
13,216,2,1,2,1,0
13,217,0,1,0,2,0
13,218,0,0,1,0,2
13,219,1,2,0,1,0
13,220,0,0,1,0,0
13,221,1,1,2,2,2
13,222,1,2,0,0,0
13,223,1,0,1,2,2
13,224,2,0,0,0,0
13,225,0,2,2,2,1
13,226,1,0,0,0,0
13,227,0,1,2,2,1
13,228,1,1,0,0,1
13,229,1,1,1,2,0
13,230,0,1,0,0,1
13,231,1,0,0,0,0
13,232,1,1,2,2,2
13,233,0,1,0,0,0
13,234,0,1,2,2,0
13,235,2,0,0,0,0
13,236,0,0,2,1,0
13,237,2,2,0,1,2
13,238,0,0,1,0,0
13,239,2,2,0,2,2
13,240,0,0,0,0,0
13,241,2,1,0,1,1
13,242,0,2,1,2,2
13,243,1,0,0,0,0
13,244,2,1,0,2,1
13,245,0,2,1,0,1
13,246,0,0,1,1,1
13,247,2,1,1,0,2
13,248,0,2,2,2,0
13,249,0,0,0,0,2
13,250,0,1,1,0,0
13,251,2,1,0,2,0
13,252,0,0,1,0,2
13,253,1,2,1,1,0
13,254,1,0,0,0,2
13,255,1,2,1,1,0
13,256,2,0,2,0,2
13,257,0,0,0,2,0
13,258,1,0,1,0,2
13,259,1,1,2,0,0
13,260,0,0,0,2,2
13,261,0,1,1,0,0
13,262,1,0,2,2,2
13,263,1,2,0,0,0
13,264,0,0,1,1,2
13,265,2,2,1,0,0
13,266,0,0,1,2,2
13,267,0,2,0,0,0
13,268,0,0,0,2,2
13,269,0,1,0,0,0
13,270,0,1,2,2,1
13,271,0,1,0,0,2
13,272,1,2,1,2,0
13,273,0,0,0,0,2
13,274,0,1,0,2,0
13,275,0,0,1,0,0
13,276,1,2,0,2,2
13,277,0,0,0,0,0
13,278,2,1,0,1,1
13,279,0,2,1,1,2
13,280,2,0,1,2,0
13,281,0,0,0,0,0
13,282,1,0,1,1,1
13,283,2,2,2,1,2
13,284,0,0,0,1,0
13,285,2,2,1,1,1
13,286,0,0,2,1,2
13,287,0,0,0,1,0
13,288,1,1,0,0,1
13,289,2,1,0,2,1
13,290,0,1,1,0,2
13,291,1,1,1,1,0
13,292,1,0,1,0,1
13,293,1,1,0,1,1
13,294,0,1,0,0,0
13,295,2,0,0,1,2
13,296,0,0,2,2,0
13,297,2,1,0,0,0
13,298,0,2,1,2,0
13,299,1,0,0,0,1
13,300,0,2,1,2,1
13,301,0,0,0,0,0
13,302,2,1,2,2,2
13,303,0,0,0,0,0
13,304,0,1,1,2,0
13,305,1,0,0,0,2
13,306,1,1,0,2,0
13,307,0,2,0,0,1
13,308,2,0,2,0,2
13,309,0,1,0,1,0
13,310,1,2,0,2,2
13,311,2,0,1,0,0
13,312,0,0,2,2,0
13,313,0,2,0,0,2
13,314,1,0,0,2,0
13,315,1,1,1,0,2
13,316,0,1,2,2,0
13,317,1,1,0,0,2
13,318,2,0,1,0,0
13,319,0,0,1,2,2
13,320,1,1,1,0,0
13,321,1,1,1,2,2
13,322,1,0,2,0,0
13,323,1,0,0,0,2
13,324,1,2,1,1,0
13,325,1,0,2,0,1
13,326,2,2,0,0,0
13,327,0,0,0,2,1
13,328,1,1,2,0,2
13,329,0,2,0,1,0
13,330,2,0,0,1,2
13,331,0,0,0,0,0
13,332,0,2,2,2,1
13,333,1,0,0,0,0
13,334,0,1,2,2,1
13,335,0,1,0,0,2
13,336,0,1,0,2,0
13,337,0,1,1,0,1
13,338,0,1,1,2,0
13,339,2,2,2,0,2
13,340,0,0,0,1,0
13,341,1,1,2,0,0
13,342,0,1,0,1,1
13,343,0,1,0,0,1
13,344,2,0,2,2,1
13,345,0,1,0,0,2
13,346,0,2,2,2,0
13,347,0,0,0,0,0
13,348,2,1,2,0,2
13,349,0,1,0,0,0
13,350,2,2,2,0,1
13,351,0,0,0,0,1
13,352,2,1,2,0,0
13,353,0,1,0,1,0
13,354,2,1,0,2,2
13,355,0,0,2,0,0
13,356,2,2,0,1,1
13,357,0,0,2,2,1
13,358,1,2,0,0,2
13,359,0,0,1,2,0
13,360,1,1,0,0,1
13,361,2,0,1,1,2
13,362,0,2,2,1,0
13,363,2,0,0,2,1
13,364,0,0,2,0,0
13,365,1,1,0,0,2
13,366,1,2,1,0,0
13,367,0,0,1,2,1
13,368,1,0,0,0,2
13,369,1,1,2,2,0
13,370,1,2,0,0,1
13,371,2,0,2,2,0
13,372,0,1,0,0,2
13,373,2,0,2,2,0
13,374,0,2,0,0,2
13,375,1,0,0,2,0
13,376,1,1,2,0,0
13,377,2,1,0,1,1
13,378,0,2,1,0,1
13,379,0,0,2,1,0
13,380,1,1,0,2,0
13,381,1,0,1,0,0
13,382,2,2,1,2,2
13,383,0,0,1,0,0
13,384,2,1,0,1,1
13,385,0,2,1,1,2
13,386,0,0,2,1,0
13,387,1,2,0,1,2
13,388,0,0,1,0,0
13,389,1,0,0,2,2
13,390,0,0,1,0,0
13,391,0,1,2,2,1
13,392,1,1,0,0,2
13,393,2,1,1,2,0
13,394,0,1,1,0,2
13,395,2,1,0,1,0
13,396,0,1,1,1,0
13,397,0,2,2,1,2
13,398,1,0,0,2,0
13,399,2,1,1,0,2
13,400,0,0,2,2,0
13,401,2,1,0,0,0
13,402,0,2,1,0,2
13,403,0,0,0,1,0
13,404,2,1,1,2,2
13,405,0,2,1,0,0
13,406,0,0,2,1,1
13,407,1,2,0,1,1
13,408,2,0,1,1,0
13,409,0,1,0,1,0
13,410,1,0,1,2,0
13,411,2,1,0,0,0
13,412,0,0,2,0,2
13,413,1,1,0,2,0
13,414,1,1,1,0,2
13,415,2,1,0,1,0
13,416,0,2,2,0,2
13,417,2,0,0,1,0
13,418,0,1,2,0,1
13,419,1,2,0,0,2
13,420,1,0,2,2,0
13,421,0,0,0,0,2
13,422,1,1,2,0,0
13,423,2,1,0,1,1
13,424,0,1,1,2,0
13,425,1,2,0,0,2
13,426,0,0,2,0,0
13,427,0,1,0,2,1
13,428,1,0,0,0,2
13,429,1,0,2,0,0
13,430,1,1,0,0,1
13,431,0,0,0,0,0
13,432,1,1,0,1,1
13,433,0,0,0,2,1
13,434,1,1,2,0,0
13,435,0,0,0,1,1
13,436,0,0,0,2,0
13,437,2,2,2,0,2
13,438,0,0,0,2,0
13,439,0,1,2,0,2
13,440,0,0,0,1,0
13,441,0,1,0,0,2
13,442,0,2,2,2,0
13,443,2,0,0,0,0
13,444,0,1,1,2,2
13,445,1,1,1,0,0
13,446,1,0,0,0,1
13,447,1,0,0,2,0
13,448,1,1,0,0,1
13,449,0,1,1,1,1
13,450,0,1,0,1,1
13,451,0,2,1,1,0
13,452,1,0,1,0,0
13,453,2,2,1,1,0
13,454,0,0,1,1,0
13,455,2,0,0,2,0
13,456,0,2,2,0,1
13,457,2,0,0,0,2
13,458,0,1,0,2,0
13,459,2,1,1,0,2
13,460,0,0,1,2,0
13,461,1,0,0,0,2
13,462,1,1,0,2,0
13,463,0,0,1,0,2
13,464,1,1,1,2,0
13,465,2,1,0,0,2
13,466,0,0,2,2,0
13,467,2,1,0,0,2
13,468,0,2,2,2,0
13,469,1,0,0,0,1
13,470,0,1,2,2,1
13,471,0,1,0,0,2
13,472,1,0,1,1,0
13,473,1,0,1,0,2
13,474,1,2,0,0,0
13,475,0,0,0,1,2
13,476,2,1,0,2,0
13,477,0,1,0,0,2
13,478,2,0,0,1,0
13,479,0,1,0,1,2
13,480,1,1,0,0,0
13,481,0,1,2,2,2
13,482,1,0,0,0,0
13,483,1,1,2,2,1
13,484,2,1,0,0,0
13,485,0,1,1,2,0
13,486,0,1,1,0,1
13,487,2,1,2,1,0
13,488,0,1,0,2,1
13,489,0,0,1,0,1
13,490,2,0,0,0,1
13,491,0,0,0,0,2
13,492,2,2,1,0,0
13,493,0,0,1,2,1
13,494,1,1,0,0,0
13,495,0,2,1,2,2
13,496,1,0,0,0,0
13,497,0,1,2,1,0
13,498,1,0,0,0,0
13,499,1,0,1,2,2
13,500,1,2,0,0,0
13,501,2,0,2,0,2
13,502,0,1,0,1,0
13,503,2,2,0,2,0
13,504,0,0,0,0,2
13,505,2,2,1,2,0
13,506,0,0,2,0,2
13,507,0,1,0,2,0
13,508,2,1,0,0,0
13,509,0,0,1,2,0
13,510,2,1,0,0,1
13,511,0,1,1,2,2
13,512,2,1,1,0,0
13,513,0,1,0,2,2
13,514,0,1,2,0,0
13,515,1,1,0,0,2
13,516,1,1,1,1,0
13,517,1,0,0,0,0
13,518,1,1,0,0,2
13,519,1,1,0,2,0
13,520,2,1,0,0,2
13,521,0,2,2,2,0
13,522,0,0,0,0,2
13,523,2,1,2,0,0
13,524,0,1,0,2,2
13,525,0,1,2,0,0
13,526,2,2,0,2,0
13,527,0,0,0,0,2
13,528,1,2,1,2,0
13,529,2,0,0,0,2
13,530,0,1,1,2,0
13,531,1,0,0,0,1
13,532,0,0,2,1,2
13,533,1,1,0,2,0
13,534,1,2,0,0,2
13,535,0,0,0,1,0
13,536,1,2,0,2,2
13,537,1,0,0,0,0
13,538,1,1,1,2,2
13,539,0,1,0,0,0
13,540,1,0,1,2,0
13,541,2,1,2,0,0
13,542,0,2,0,2,0
13,543,0,0,1,0,2
13,544,2,2,2,0,0
13,545,0,0,0,1,2
13,546,0,0,0,1,0
13,547,2,0,0,2,1
13,548,0,1,2,0,1
13,549,2,0,0,1,0
13,550,0,1,2,1,0
13,551,0,0,0,2,0
13,552,1,1,0,0,2
13,553,0,2,1,1,0
13,554,2,0,0,1,1
13,555,0,0,0,1,1
13,556,0,0,0,1,1
13,557,0,2,2,2,2
13,558,0,0,0,0,0
13,559,1,2,1,2,1
13,560,1,0,0,0,1
13,561,0,2,2,1,2
13,562,2,0,0,0,0
13,563,0,1,0,0,1
13,564,0,0,0,2,0
13,565,0,2,0,0,2
13,566,0,0,0,2,0
13,567,0,1,0,0,1
13,568,2,1,0,1,1
13,569,0,2,1,0,2
13,570,2,0,2,1,0
13,571,0,0,0,0,2
13,572,2,2,2,0,0
13,573,0,0,0,0,0
13,574,2,0,2,2,2
13,575,0,0,0,0,0
13,576,0,1,2,2,2
13,577,0,0,0,0,0
13,578,1,0,0,2,2
13,579,1,0,0,0,0
13,580,1,2,2,0,0
13,581,1,0,0,2,1
13,582,2,0,0,0,2
13,583,0,1,2,1,0
13,584,1,1,0,0,2
13,585,0,2,2,0,0
13,586,1,0,0,2,0
13,587,0,1,0,0,1
13,588,1,2,2,0,1
13,589,0,0,0,2,2
13,590,0,1,0,0,0
13,591,1,1,0,0,1
13,592,0,2,0,0,1
13,593,1,0,0,2,0
13,594,1,2,2,0,0
13,595,1,0,0,0,1
13,596,1,2,0,2,1
13,597,0,0,0,0,0
13,598,1,0,0,0,0
13,599,1,0,0,0,0
13,600,1,2,1,1,1
13,601,2,0,2,0,1
13,602,0,0,0,2,1
13,603,1,0,0,0,1
13,604,0,1,2,0,1
13,605,2,2,0,0,2
13,606,0,0,0,1,0
13,607,0,0,0,2,0
13,608,2,2,1,0,0
13,609,0,0,0,2,2
13,610,2,1,1,0,0
13,611,0,0,2,1,0
13,612,0,1,0,0,2
13,613,0,1,1,0,0
13,614,2,0,2,2,1
13,615,0,1,0,0,0
13,616,1,2,1,0,1
13,617,1,0,0,0,1
13,618,0,1,1,0,2
13,619,0,2,1,2,0
13,620,1,0,2,0,0
13,621,0,1,0,0,1
13,622,0,1,0,1,0
13,623,2,2,1,0,2
13,624,0,0,1,1,0
13,625,1,2,0,0,0
13,626,0,0,0,2,1
13,627,2,0,0,0,2
13,628,0,0,1,1,0
13,629,0,0,2,2,2
13,630,1,0,0,0,0
13,631,1,1,0,1,2
13,632,2,0,2,1,0
13,633,0,1,0,0,1
13,634,2,2,1,1,1
13,635,0,0,0,1,1
13,636,2,0,1,1,1
13,637,0,1,2,1,1
13,638,2,2,0,1,1
13,639,0,0,0,1,1
13,640,1,1,0,0,2
13,641,1,2,2,1,0
13,642,1,0,0,2,2
13,643,2,0,2,0,0
13,644,0,1,0,1,2
13,645,1,1,2,1,0
13,646,0,2,0,2,1
13,647,2,0,2,0,1
13,648,0,0,0,2,0
13,649,2,1,2,0,0
13,650,0,1,0,0,1
13,651,1,0,0,2,1
13,652,0,1,1,0,0
13,653,0,1,1,0,1
13,654,1,0,1,1,0
13,655,1,1,1,0,1
13,656,2,1,2,1,0
13,657,0,1,0,2,0
13,658,1,0,0,0,1
13,659,2,0,1,2,0
13,660,0,2,1,0,0
13,661,2,0,2,1,1
13,662,0,2,0,2,1
13,663,1,0,0,0,0
13,664,2,1,2,2,0
13,665,0,2,0,0,0
13,666,2,0,2,1,1
13,667,0,0,0,2,1
13,668,0,0,1,0,1
13,669,0,0,2,2,2
13,670,1,0,0,0,0
13,671,1,0,1,2,2
13,672,1,2,0,0,0
13,673,1,0,1,0,2
13,674,0,2,0,0,0
13,675,0,0,0,2,2
13,676,1,1,0,0,0
13,677,0,0,1,2,0
13,678,2,2,0,0,0
13,679,0,0,2,0,2
13,680,0,1,0,1,0
13,681,2,0,0,1,0
13,682,0,1,0,0,0
13,683,1,0,2,0,1
13,684,1,1,0,2,0
13,685,2,2,0,0,1
13,686,0,0,0,0,2
13,687,0,2,0,1,0
13,688,1,0,0,2,2
13,689,1,0,1,0,0
13,690,2,1,0,0,1
13,691,0,0,1,0,1
13,692,2,1,2,1,1
13,693,0,2,0,0,2
13,694,2,0,0,2,0
13,695,0,2,1,0,0
13,696,2,0,0,0,2
13,697,0,1,2,2,0
13,698,1,1,0,0,1
13,699,1,1,0,2,1
13,700,2,1,0,0,2
13,701,0,2,0,0,0
13,702,2,0,1,1,2
13,703,0,1,1,2,0
13,704,1,1,0,0,1
13,705,1,1,1,1,0
13,706,0,1,2,1,1
13,707,2,0,0,2,2
13,708,0,1,1,0,0
13,709,1,2,1,2,2
13,710,1,0,2,0,0
13,711,1,1,0,2,0
13,712,1,1,2,0,1
13,713,2,0,0,1,0
13,714,0,2,1,1,1
13,715,2,0,2,2,2
13,716,0,0,0,0,0
13,717,2,0,2,1,0
13,718,0,0,0,0,2
13,719,0,1,0,1,0
13,720,1,2,0,1,1
13,721,0,0,0,2,0
13,722,0,2,0,0,0
13,723,1,0,1,2,2
13,724,0,2,0,0,0
13,725,0,0,0,2,2
13,726,2,1,1,0,0
13,727,0,1,1,0,1
13,728,1,1,0,2,0
13,729,1,0,0,0,0
13,730,1,1,1,2,1
13,731,0,1,1,0,0
13,732,0,1,2,0,0
13,733,1,0,0,1,2
13,734,2,2,0,2,0
13,735,0,0,2,0,2
13,736,2,0,0,0,0
13,737,0,1,2,0,1
13,738,2,2,0,0,1
13,739,0,0,2,0,1
13,740,2,1,0,1,2
13,741,0,2,2,2,0
13,742,0,0,0,0,1
13,743,0,0,2,1,1
13,744,1,1,0,1,1
13,745,0,2,1,1,1
13,746,1,0,0,1,1
13,747,1,1,2,0,0
13,748,0,2,0,1,0
13,749,1,0,1,1,0
13,750,2,2,0,1,0
13,751,0,0,2,1,0
13,752,2,0,0,0,1
13,753,0,0,1,0,2
13,754,2,2,0,0,0
13,755,0,0,1,0,1
13,756,1,2,0,2,0
13,757,2,0,2,0,0
13,758,0,1,0,0,2
13,759,0,0,0,0,0
13,760,2,1,2,2,2
13,761,0,0,0,0,0
13,762,1,1,0,2,2
13,763,0,1,1,0,0
13,764,2,1,2,1,1
13,765,0,0,0,2,0
13,766,1,1,2,0,0
13,767,2,0,0,2,2
13,768,0,2,2,0,0
13,769,1,0,0,2,1
13,770,2,0,1,0,2
13,771,0,0,2,1,0
13,772,0,0,0,0,0
13,773,1,0,1,2,0
13,774,0,1,1,0,0
13,775,1,0,0,0,2
13,776,1,1,0,2,0
13,777,2,1,1,0,1
13,778,0,0,0,1,0
13,779,2,1,1,0,1
13,780,0,2,1,1,2
13,781,1,0,1,0,0
13,782,1,2,0,0,2
13,783,1,0,2,2,0
13,784,1,1,0,0,0
13,785,2,2,2,1,2
13,786,0,0,0,2,0
13,787,2,1,2,0,1
13,788,0,0,0,1,2
13,789,0,0,1,1,0
13,790,2,0,0,2,0
13,791,0,2,2,0,2
13,792,2,0,0,1,0
13,793,0,0,2,0,1
13,794,1,0,0,2,1
13,795,2,1,2,0,0
13,796,0,0,0,2,1
13,797,1,0,1,0,2
13,798,2,1,2,0,0
13,799,0,0,0,2,2
13,800,1,1,2,0,0
13,801,1,0,0,2,2
13,802,1,2,2,0,0
13,803,1,0,0,0,2
13,804,2,0,0,1,0
13,805,0,2,2,1,2
13,806,2,0,0,0,0
13,807,0,0,1,2,2
13,808,2,2,2,0,0
13,809,0,0,0,0,2
13,810,1,0,0,2,0
13,811,0,1,2,0,1
13,812,2,0,0,2,0
13,813,0,0,1,0,1
13,814,1,2,2,0,0
13,815,0,0,0,0,2
13,816,1,1,1,0,0
13,817,2,0,0,1,0
13,818,0,1,2,0,2
13,819,2,0,0,0,0
13,820,0,1,2,1,2
13,821,0,1,0,1,0
13,822,1,1,2,0,0
13,823,2,0,0,2,2
13,824,0,1,2,0,0
13,825,0,0,0,0,0
13,826,1,1,2,1,0
13,827,1,0,0,0,0
13,828,2,2,1,1,0
13,829,0,0,2,1,2
13,830,2,1,0,1,0
13,831,0,2,2,0,2
13,832,0,0,0,2,0
13,833,2,1,2,0,1
13,834,0,0,0,2,2
13,835,1,0,2,0,0
13,836,2,2,0,2,0
13,837,0,0,1,0,0
13,838,0,2,1,1,2
13,839,1,0,2,1,0
13,840,0,1,0,1,2
13,841,1,1,2,1,0
13,842,2,0,0,2,2
13,843,0,2,2,0,0
13,844,0,0,0,2,0
13,845,1,1,2,0,2
13,846,1,2,0,0,0
13,847,2,0,1,2,0
13,848,0,1,2,0,2
13,849,1,0,0,2,0
13,850,1,0,1,0,2
13,851,1,1,0,1,0
13,852,2,2,2,0,2
13,853,0,0,0,2,0
13,854,2,2,2,0,1
13,855,0,0,0,0,2
13,856,1,0,0,0,0
13,857,0,2,2,0,1
13,858,1,0,0,1,2
13,859,1,0,2,0,0
13,860,2,1,0,1,0
13,861,0,1,0,2,1
13,862,0,1,0,0,2
13,863,0,1,1,1,0
13,864,1,1,1,1,2
13,865,2,0,2,2,0
13,866,0,2,0,0,2
13,867,1,0,1,0,0
13,868,0,1,2,1,2
13,869,1,2,0,1,0
13,870,0,0,2,1,0
13,871,2,0,0,1,0
13,872,0,2,1,0,2
13,873,0,0,2,1,0
13,874,2,2,0,1,0
13,875,0,0,2,1,1
13,876,2,2,0,1,0
13,877,0,0,0,2,2
13,878,2,2,2,0,0
13,879,0,0,0,2,2
13,880,2,2,2,0,0
13,881,0,0,0,2,1
13,882,0,1,0,0,0
13,883,0,1,2,2,0
13,884,2,2,0,0,2
13,885,0,0,1,0,0
13,886,2,1,1,1,2
13,887,0,1,2,0,0
13,888,0,1,0,0,0
13,889,1,2,2,1,2
13,890,0,0,0,1,0
13,891,2,1,0,0,2
13,892,0,0,2,2,0
13,893,2,1,0,0,0
13,894,0,1,2,0,0
13,895,1,2,0,1,1
13,896,1,0,2,2,0
13,897,2,0,0,0,2
13,898,0,0,2,1,0
13,899,2,1,0,2,2
13,900,0,2,0,0,0
13,901,0,0,2,1,1
13,902,2,2,0,0,2
13,903,0,0,1,1,0
13,904,0,0,0,1,2
13,905,0,0,2,1,0
13,906,1,2,0,1,2
13,907,1,0,2,0,0
13,908,2,2,0,2,2
13,909,0,0,0,0,0
13,910,0,1,2,2,2
13,911,1,0,0,0,0
13,912,1,2,0,2,1
13,913,0,0,2,0,2
13,914,2,0,0,0,0
13,915,0,2,0,2,1
13,916,2,0,1,0,0
13,917,0,1,0,0,1
13,918,0,2,2,2,0
13,919,1,0,0,0,0
13,920,1,2,2,2,0
13,921,2,0,0,0,0
13,922,0,0,1,1,0
13,923,1,1,2,0,2
13,924,0,0,0,0,0
13,925,1,2,2,0,2
13,926,2,0,0,2,0
13,927,0,2,1,0,2
13,928,0,0,2,1,0
13,929,1,2,0,0,2
13,930,2,0,2,1,0
13,931,0,0,0,2,2
13,932,2,2,2,0,0
13,933,0,0,0,0,0
13,934,0,2,2,0,2
13,935,1,0,0,2,0
13,936,2,1,0,0,0
13,937,0,0,2,2,1
13,938,2,0,0,0,0
13,939,0,0,2,2,0
13,940,1,2,0,0,2
13,941,2,0,2,2,0
13,942,0,1,0,0,1
13,943,2,0,2,1,0
13,944,0,1,0,2,2
13,945,2,0,2,0,0
13,946,0,1,0,0,1
13,947,2,2,2,0,0
13,948,0,0,0,2,2
13,949,2,2,2,0,0
13,950,0,0,0,0,0
13,951,2,2,2,0,2
13,952,0,0,0,0,0
13,953,2,1,2,2,2
13,954,0,0,0,0,0
13,955,1,0,2,0,2
13,956,2,1,0,2,0
13,957,0,0,2,0,0
13,958,2,0,0,2,0
13,959,0,1,1,0,0
13,960,1,0,2,1,0
13,961,0,1,0,0,1
13,962,1,1,1,1,0
13,963,0,2,1,2,1
13,964,1,0,2,0,1
13,965,1,0,0,1,2
13,966,2,1,0,2,0
13,967,0,1,1,0,2
13,968,0,1,2,2,0
13,969,1,0,0,0,0
13,970,1,1,1,2,1
13,971,0,1,1,0,1
13,972,1,1,2,2,2
13,973,0,0,0,0,0
13,974,1,0,2,2,0
13,975,2,2,0,0,2
13,976,0,0,1,2,0
13,977,2,1,0,0,2
13,978,0,2,2,1,0
13,979,1,0,0,0,2
13,980,0,2,1,2,0
13,981,2,0,2,0,2
13,982,0,2,0,0,0
13,983,2,0,2,1,2
13,984,0,2,0,2,0
13,985,1,0,2,0,0
13,986,2,2,0,0,0
13,987,0,0,0,2,1
13,988,2,1,0,0,2
13,989,0,0,2,0,0
13,990,1,2,0,0,2
13,991,2,0,2,1,0
13,992,0,2,0,0,2
13,993,2,0,2,0,0
13,994,0,0,0,0,2
13,995,1,1,2,1,0
13,996,2,1,0,0,2
13,997,0,1,2,2,0
13,998,0,2,0,0,0
13,999,2,0,1,2,2
14,0,2,0,0,2,2
14,1,0,2,2,0,0
14,2,2,0,0,2,2
14,3,0,2,2,0,0
14,4,2,0,0,0,2
14,5,0,1,2,2,0
14,6,0,0,0,0,2
14,7,2,2,2,2,0
14,8,0,0,0,0,0
14,9,2,2,2,2,0
14,10,0,0,0,0,0
14,11,1,2,2,0,2
14,12,2,0,0,2,0
14,13,0,2,2,0,2
14,14,2,0,0,1,0
14,15,0,1,1,2,2
14,16,0,1,2,0,0
14,17,2,2,0,0,0
14,18,0,0,2,0,1
14,19,1,2,0,0,2
14,20,1,0,2,1,0
14,21,2,2,0,2,0
14,22,0,0,2,0,2
14,23,1,1,0,0,0
14,24,1,0,1,0,1
14,25,2,0,0,1,2
14,26,0,0,2,0,0
14,27,1,1,0,2,2
14,28,0,1,1,0,0
14,29,0,0,0,2,2
14,30,0,1,1,0,0
14,31,2,1,0,0,0
14,32,0,1,2,0,2
14,33,1,1,0,0,0
14,34,0,2,0,0,2
14,35,0,0,1,0,0
14,36,2,2,1,2,2
14,37,0,0,1,0,0
14,38,1,0,2,0,2
14,39,1,2,0,1,0
14,40,0,0,2,1,1
14,41,2,0,0,0,2
14,42,0,0,2,0,0
14,43,0,0,0,1,2
14,44,0,0,2,1,0
14,45,2,2,0,1,2
14,46,0,0,2,2,0
14,47,0,1,0,0,2
14,48,2,2,1,1,0
14,49,0,0,2,1,2
14,50,0,1,0,1,0
14,51,1,0,2,1,1
14,52,1,1,0,0,2
14,53,1,0,0,1,0
14,54,0,1,2,1,0
14,55,0,1,0,0,2
14,56,0,1,0,1,0
14,57,1,1,1,2,2
14,58,0,1,2,0,0
14,59,0,0,0,0,2
14,60,2,1,1,0,0
14,61,0,1,1,2,2
14,62,0,2,1,0,0
14,63,2,0,1,0,0
14,64,0,0,1,0,1
14,65,2,1,0,0,1
14,66,0,1,2,0,2
14,67,1,2,0,2,0
14,68,1,0,2,0,1
14,69,0,0,0,1,2
14,70,2,1,2,0,0
14,71,0,1,0,0,2
14,72,1,1,2,1,0
14,73,1,0,0,2,2
14,74,0,1,2,0,0
14,75,1,0,0,1,0
14,76,2,0,0,0,0
14,77,0,0,0,1,2
14,78,1,0,2,0,0
14,79,1,1,0,2,1
14,80,2,0,0,0,0
14,81,0,0,1,1,2
14,82,1,0,0,1,0
14,83,1,0,2,2,1
14,84,2,2,0,0,0
14,85,0,0,2,0,0
14,86,0,2,0,1,0
14,87,1,0,1,1,2
14,88,1,0,1,1,0
14,89,2,0,2,1,2
14,90,0,1,0,1,0
14,91,1,0,2,0,1
14,92,1,0,0,2,2
14,93,2,2,2,0,0
14,94,0,0,0,0,2
14,95,1,0,1,1,0
14,96,2,0,1,0,2
14,97,0,1,2,2,0
14,98,2,1,0,0,1
14,99,0,0,2,1,2
14,100,1,1,0,2,0
14,101,2,0,1,0,2
14,102,0,2,0,2,0
14,103,2,0,1,0,1
14,104,0,0,1,0,2
14,105,2,1,1,0,0
14,106,0,2,1,2,0
14,107,1,0,1,0,2
14,108,2,2,0,2,0
14,109,0,0,2,0,2
14,110,2,2,0,1,0
14,111,0,0,0,0,2
14,112,0,2,2,2,0
14,113,2,0,0,0,2
14,114,0,1,2,2,0
14,115,0,2,0,0,1
14,116,0,0,2,2,2
14,117,1,0,0,0,0
14,118,2,1,1,2,2
14,119,0,0,0,0,0
14,120,0,0,1,0,0
14,121,0,0,1,2,2
14,122,0,0,1,0,0
14,123,0,2,1,2,2
14,124,0,0,2,0,0
14,125,1,2,0,2,1
14,126,1,0,2,0,2
14,127,0,2,0,0,0
14,128,0,0,2,2,0
14,129,0,2,0,0,1
14,130,1,0,1,2,2
14,131,0,1,1,0,0
14,132,0,0,2,2,0
14,133,0,0,0,0,2
14,134,0,0,2,2,0
14,135,2,0,0,0,2
14,136,0,0,1,2,0
14,137,1,1,1,0,2
14,138,0,1,0,0,0
14,139,2,1,1,2,1
14,140,0,0,0,0,2
14,141,2,1,2,0,0
14,142,0,1,0,2,2
14,143,0,2,2,0,0
14,144,2,0,0,1,2
14,145,0,2,0,0,0
14,146,2,0,2,2,0
14,147,0,2,0,0,0
14,148,1,0,1,2,2
14,149,2,2,1,0,0
14,150,0,0,2,1,2
14,151,0,2,0,0,0
14,152,0,0,2,2,1
14,153,1,2,0,0,2
14,154,0,0,1,1,0
14,155,1,2,0,2,1
14,156,2,0,2,0,0
14,157,0,0,0,2,2
14,158,1,0,2,0,0
14,159,1,2,0,1,2
14,160,2,0,1,2,0
14,161,0,1,1,0,0
14,162,1,1,2,2,2
14,163,1,1,0,0,0
14,164,1,1,2,2,0
14,165,2,1,0,0,2
14,166,0,1,1,1,0
14,167,2,1,0,1,0
14,168,0,0,1,1,0
14,169,2,1,0,1,2
14,170,0,1,1,2,0
14,171,2,1,2,0,2
14,172,0,1,0,2,0
14,173,2,1,2,0,2
14,174,0,2,0,0,0
14,175,2,0,2,2,1
14,176,0,1,0,0,1
14,177,2,1,0,2,2
14,178,0,1,1,0,0
14,179,2,1,1,2,1
14,180,0,1,2,0,2
14,181,0,1,0,1,0
14,182,0,1,2,2,1
14,183,2,1,0,0,2
14,184,0,1,2,0,0
14,185,0,1,0,1,2
14,186,2,1,1,2,0
14,187,0,2,0,0,0
14,188,2,0,1,2,2
14,189,0,1,1,0,0
14,190,2,0,1,0,2
14,191,0,1,1,2,0
14,192,1,0,1,0,2
14,193,0,1,2,1,0
14,194,2,0,0,2,2
14,195,0,1,1,0,0
14,196,1,2,2,2,0
14,197,1,0,0,0,2
14,198,1,2,0,2,0
14,199,2,0,0,0,2
14,200,0,1,2,1,0
14,201,0,1,0,0,2
14,202,1,0,2,0,0
14,203,1,1,0,2,1
14,204,1,1,0,0,1
14,205,1,1,1,2,1
14,206,1,1,1,0,1
14,207,0,1,0,2,2
14,208,1,2,2,0,0
14,209,1,0,0,2,2
14,210,2,1,2,0,0
14,211,0,1,0,0,2
14,212,1,0,1,0,0
14,213,1,0,2,2,2
14,214,1,1,0,0,0
14,215,2,2,2,2,2
14,216,0,0,0,0,0
14,217,2,0,2,0,2
14,218,0,1,0,2,0
14,219,0,0,2,0,1
14,220,1,2,0,2,1
14,221,0,0,1,0,0
14,222,2,0,2,2,2
14,223,0,0,0,0,0
14,224,1,0,1,1,1
14,225,1,2,2,0,0
14,226,1,0,0,0,1
14,227,2,1,2,2,0
14,228,0,0,0,0,2
14,229,1,1,2,2,0
14,230,2,1,0,0,0
14,231,0,1,0,0,0
14,232,0,2,2,1,2
14,233,2,0,0,0,0
14,234,0,1,2,0,2
14,235,0,2,0,2,0
14,236,0,0,1,0,0
14,237,2,2,1,2,2
14,238,0,0,1,0,0
14,239,1,1,0,2,2
14,240,2,2,1,0,0
14,241,0,0,2,1,2
14,242,2,1,0,2,0
14,243,0,0,2,0,1
14,244,0,0,0,0,0
14,245,2,1,1,2,2
14,246,0,1,2,0,0
14,247,0,1,0,2,2
14,248,2,1,1,0,0
14,249,0,0,2,2,2
14,250,2,1,0,0,0
14,251,0,2,1,1,1
14,252,2,0,2,2,0
14,253,0,1,0,0,2
14,254,2,1,0,1,0
14,255,0,1,0,2,0
14,256,1,0,2,0,2
14,257,1,1,0,2,0
14,258,1,2,2,0,2
14,259,0,0,0,0,0
14,260,2,1,0,2,2
14,261,0,1,1,0,0
14,262,2,1,0,2,0
14,263,0,0,0,0,1
14,264,2,1,1,2,0
14,265,0,0,2,0,2
14,266,0,0,0,2,0
14,267,1,1,1,0,0
14,268,1,0,2,1,1
14,269,0,0,0,0,2
14,270,2,1,2,2,0
14,271,0,2,0,0,2
14,272,1,0,1,2,0
14,273,2,2,2,0,2
14,274,0,0,0,0,0
14,275,2,0,2,2,2
14,276,0,1,0,0,0
14,277,0,0,0,2,0
14,278,2,0,0,0,0
14,279,0,0,1,1,1
14,280,1,2,0,0,2
14,281,2,0,0,0,0
14,282,0,1,1,0,0
14,283,2,1,2,1,1
14,284,0,0,0,0,1
14,285,1,1,0,2,2
14,286,2,0,1,0,0
14,287,0,2,2,0,1
14,288,1,0,0,1,2
14,289,2,1,2,0,0
14,290,0,0,0,0,0
14,291,0,2,0,2,1
14,292,0,0,1,0,0
14,293,2,1,0,0,2
14,294,0,1,2,1,0
14,295,2,1,0,2,0
14,296,0,0,0,0,0
14,297,0,1,2,2,1
14,298,2,0,0,0,1
14,299,0,2,0,1,1
14,300,2,0,1,2,0
14,301,0,2,2,0,1
14,302,2,0,0,2,2
14,303,0,1,0,0,0
14,304,2,0,1,2,2
14,305,0,2,0,0,0
14,306,1,0,1,2,1
14,307,0,2,2,0,1
14,308,0,0,0,0,0
14,309,2,2,1,2,0
14,310,0,0,1,0,2
14,311,1,0,1,2,0
14,312,2,1,2,0,2
14,313,0,2,0,0,0
14,314,2,0,2,0,0
14,315,0,2,0,0,0
14,316,2,0,2,2,2
14,317,0,0,0,0,0
14,318,1,1,2,2,2
14,319,0,0,0,0,0
14,320,1,0,2,2,2
14,321,1,2,0,0,0
14,322,1,0,1,2,2
14,323,2,1,0,0,0
14,324,0,2,1,1,0
14,325,2,0,2,1,2
14,326,0,0,0,0,0
14,327,1,1,2,2,1
14,328,0,1,0,0,0
14,329,2,2,2,2,2
14,330,0,0,0,0,0
14,331,2,0,2,0,1
14,332,0,0,0,0,2
14,333,0,1,2,2,0
14,334,1,0,0,0,2
14,335,2,2,2,1,0
14,336,0,0,0,1,2
14,337,0,1,2,2,0
14,338,0,1,0,0,1
14,339,0,1,2,0,2
14,340,2,1,0,1,0
14,341,0,1,0,0,1
14,342,0,1,0,0,1
14,343,2,0,0,0,1
14,344,0,1,1,1,2
14,345,1,0,2,2,0
14,346,0,1,0,0,2
14,347,1,0,2,2,0
14,348,2,1,0,0,2
14,349,0,0,1,0,0
14,350,2,2,2,2,1
14,351,0,0,0,0,0
14,352,2,0,0,0,2
14,353,0,2,1,2,0
14,354,1,0,1,0,2
14,355,2,1,0,0,0
14,356,0,0,2,1,2
14,357,1,1,0,0,0
14,358,2,1,1,0,1
14,359,0,2,1,1,2
14,360,1,0,1,1,0
14,361,1,1,1,0,1
14,362,1,0,1,2,0
14,363,1,0,1,0,2
14,364,0,1,1,1,0
14,365,1,1,0,0,0
14,366,0,2,0,2,0
14,367,1,0,1,0,0
14,368,0,1,2,0,2
14,369,0,0,0,0,0
14,370,2,0,2,0,2
14,371,0,1,0,1,0
14,372,2,0,2,0,2
14,373,0,0,0,2,0
14,374,0,0,1,0,2
14,375,2,1,1,2,0
14,376,0,1,1,0,2
14,377,1,2,1,0,0
14,378,0,0,1,0,0
14,379,1,1,0,0,1
14,380,1,2,0,0,2
14,381,1,0,1,1,0
14,382,2,1,2,0,2
14,383,0,1,0,1,0
14,384,2,2,1,0,2
14,385,0,0,1,2,0
14,386,1,0,0,0,2
14,387,2,0,1,1,0
14,388,0,0,1,0,2
14,389,1,1,1,1,0
14,390,1,1,0,0,2
14,391,0,1,1,0,0
14,392,1,1,2,0,1
14,393,0,1,0,2,2
14,394,0,2,0,0,0
14,395,0,0,2,1,2
14,396,1,1,0,2,0
14,397,2,2,1,0,2
14,398,0,0,1,0,0
14,399,0,0,0,1,1
14,400,2,1,0,0,0
14,401,0,0,2,1,0
14,402,2,2,0,1,0
14,403,0,0,1,2,2
14,404,0,0,0,0,0
14,405,1,0,1,2,1
14,406,2,0,0,0,2
14,407,0,0,1,1,0
14,408,0,0,1,1,1
14,409,0,0,1,2,2
14,410,1,0,0,0,0
14,411,2,0,0,2,2
14,412,0,0,1,0,0
14,413,1,1,0,2,2
14,414,2,1,2,0,0
14,415,0,0,0,2,2
14,416,1,1,1,0,0
14,417,1,0,1,1,0
14,418,2,1,0,2,2
14,419,0,2,0,0,0
14,420,1,0,1,1,2
14,421,0,2,0,0,0
14,422,1,0,1,1,2
14,423,1,1,0,1,0
14,424,2,1,1,2,1
14,425,0,2,1,0,2
14,426,2,0,2,1,0
14,427,0,0,0,2,1
14,428,1,1,2,0,1
14,429,1,1,0,1,2
14,430,0,1,2,2,0
14,431,0,1,0,0,2
14,432,1,1,1,2,0
14,433,0,0,2,0,2
14,434,0,0,0,1,0
14,435,2,2,0,0,2
14,436,0,0,1,0,0
14,437,0,1,0,0,0
14,438,2,0,1,0,2
14,439,0,1,1,1,0
14,440,0,1,2,1,2
14,441,0,2,0,1,0
14,442,0,0,2,1,2
14,443,2,0,0,2,0
14,444,0,0,0,0,1
14,445,0,1,1,2,0
14,446,2,1,1,0,0
14,447,0,0,2,2,1
14,448,2,1,0,0,1
14,449,0,1,1,2,0
14,450,0,1,2,0,0
14,451,1,1,0,0,0
14,452,0,0,1,1,0
14,453,2,1,1,1,0
14,454,0,1,1,2,2
14,455,2,1,1,0,0
14,456,0,2,0,2,0
14,457,2,0,1,0,2
14,458,0,0,2,2,0
14,459,0,1,0,0,2
14,460,1,1,2,0,0
14,461,2,2,0,2,1
14,462,0,0,0,0,0
14,463,1,2,2,0,2
14,464,2,0,0,0,0
14,465,0,1,2,0,0
14,466,0,0,0,2,2
14,467,0,1,1,0,0
14,468,0,0,1,1,0
14,469,1,2,1,1,0
14,470,0,0,2,0,0
14,471,1,1,0,1,0
14,472,0,1,1,1,1
14,473,0,1,1,2,1
14,474,1,2,2,0,1
14,475,1,0,0,1,0
14,476,0,1,0,0,2
14,477,1,1,2,1,0
14,478,0,2,0,0,2
14,479,2,0,1,1,0
14,480,0,1,2,2,1
14,481,0,1,0,0,0
14,482,1,1,1,1,2
14,483,0,2,1,1,0
14,484,0,0,0,1,2
14,485,2,1,0,2,0
14,486,0,1,0,0,2
14,487,2,1,1,1,0
14,488,0,0,0,0,2
14,489,2,1,0,0,0
14,490,0,1,0,0,2
14,491,2,1,1,1,0
14,492,0,1,2,1,1
14,493,1,1,0,2,0
14,494,1,2,0,0,2
14,495,0,0,0,1,0
14,496,1,0,0,2,2
14,497,1,0,0,0,0
14,498,0,1,1,0,2
14,499,0,0,2,1,0
14,500,1,1,0,1,2
14,501,2,2,1,1,0
14,502,0,0,1,2,1
14,503,0,1,1,0,1
14,504,1,2,1,1,0
14,505,0,0,0,0,2
14,506,2,2,2,0,0
14,507,0,0,0,2,2
14,508,0,0,2,0,0
14,509,2,2,0,2,0
14,510,0,0,0,0,2
14,511,1,0,0,2,0
14,512,2,2,0,0,1
14,513,0,0,1,1,2
14,514,0,0,1,1,0
14,515,0,2,0,0,0
14,516,0,0,1,1,1
14,517,2,1,0,0,0
14,518,0,1,1,2,2
14,519,0,1,1,0,0
14,520,2,0,2,1,1
14,521,0,0,0,1,1
14,522,0,2,1,0,1
14,523,2,0,1,1,0
14,524,0,1,2,1,1
14,525,0,2,0,1,0
14,526,1,0,0,1,0
14,527,2,2,1,2,0
14,528,0,0,0,0,0
14,529,1,2,1,2,1
14,530,0,0,0,0,0
14,531,2,2,2,2,1
14,532,0,0,0,0,0
14,533,1,2,1,2,2
14,534,1,0,2,0,0
14,535,2,0,0,0,1
14,536,0,1,1,2,0
14,537,1,1,0,0,0
14,538,1,1,2,1,2
14,539,2,0,0,1,0
14,540,0,1,0,2,1
14,541,0,1,2,0,0
14,542,1,1,0,1,1
14,543,1,0,1,1,1
14,544,1,1,2,0,2
14,545,0,1,0,2,0
14,546,0,2,2,0,0
14,547,2,0,0,0,1
14,548,0,2,2,1,1
14,549,1,0,0,0,2
14,550,2,1,2,0,0
14,551,0,0,0,2,2
14,552,1,1,2,0,0
14,553,1,2,0,1,1
14,554,2,0,1,1,1
14,555,0,2,2,2,1
14,556,1,0,0,0,2
14,557,2,2,1,1,0
14,558,0,0,2,1,1
14,559,0,1,0,1,1
14,560,2,1,2,1,1
14,561,0,0,0,1,0
14,562,0,1,1,0,1
14,563,1,1,1,0,0
14,564,0,2,0,0,0
14,565,1,0,0,2,1
14,566,2,1,1,0,1
14,567,0,0,2,2,2
14,568,0,0,0,0,0
14,569,0,1,1,1,0
14,570,1,1,0,0,0
14,571,0,2,2,1,1
14,572,1,0,0,2,1
14,573,1,1,1,0,2
14,574,1,1,2,2,0
14,575,1,2,0,0,1
14,576,2,0,1,0,0
14,577,0,2,2,0,2
14,578,0,0,0,2,0
14,579,1,1,2,0,0
14,580,1,1,0,0,0
14,581,2,1,2,1,0
14,582,0,1,0,1,0
14,583,1,1,2,0,0
14,584,1,0,0,1,1
14,585,1,1,2,1,0
14,586,2,1,0,2,1
14,587,0,1,2,0,1
14,588,0,1,0,1,0
14,589,2,0,0,2,2
14,590,0,1,2,0,0
14,591,1,1,0,1,0
14,592,0,1,2,1,1
14,593,1,1,0,1,0
14,594,0,2,2,2,0
14,595,2,0,0,0,1
14,596,0,1,2,2,0
14,597,0,1,0,0,1
14,598,0,0,2,1,0
14,599,0,1,0,1,1
14,600,0,1,0,0,1
14,601,2,1,2,1,1
14,602,0,1,0,1,1
14,603,1,1,2,2,2
14,604,1,1,0,0,0
14,605,1,1,2,1,1
14,606,1,0,0,1,1
14,607,1,1,0,0,1
14,608,2,1,2,0,1
14,609,0,1,0,1,1
14,610,0,1,2,2,2
14,611,2,1,0,0,0
14,612,0,1,1,1,2
14,613,2,1,2,0,0
14,614,0,1,0,1,0
14,615,1,1,2,0,1
14,616,0,0,0,2,2
14,617,1,1,0,0,0
14,618,1,0,2,2,1
14,619,1,2,0,0,1
14,620,1,0,2,0,1
14,621,1,1,0,0,1
14,622,2,1,2,0,1
14,623,0,1,0,0,1
14,624,1,1,2,0,1
14,625,1,1,0,0,1
14,626,1,1,2,1,1
14,627,1,1,0,2,1
14,628,2,2,2,0,1
14,629,0,0,0,1,1
14,630,2,1,0,0,2
14,631,0,0,0,1,0
14,632,2,1,0,1,2
14,633,0,2,2,1,0
14,634,1,0,0,0,1
14,635,2,0,0,2,1
14,636,0,1,1,0,1
14,637,1,1,0,2,1
14,638,0,1,1,0,2
14,639,1,2,1,2,0
14,640,2,0,0,0,2
14,641,0,1,2,1,0
14,642,1,1,0,0,2
14,643,1,0,2,0,0
14,644,1,1,0,2,2
14,645,1,2,0,0,0
14,646,2,0,2,1,2
14,647,0,0,0,0,0
14,648,2,1,0,1,1
14,649,0,1,2,2,1
14,650,0,0,0,0,2
14,651,2,2,0,2,0
14,652,0,0,2,0,1
14,653,0,1,0,0,1
14,654,0,1,1,1,0
14,655,0,2,2,2,1
14,656,2,0,0,0,0
14,657,0,1,1,0,1
14,658,1,0,2,2,0
14,659,1,2,0,0,1
14,660,1,0,2,0,1
14,661,2,0,0,1,1
14,662,0,1,2,2,1
14,663,1,1,0,0,0
14,664,2,0,2,1,1
14,665,0,1,0,0,0
14,666,2,1,2,2,1
14,667,0,1,0,0,2
14,668,1,1,1,0,0
14,669,2,1,0,2,1
14,670,0,2,2,0,1
14,671,1,0,0,2,0
14,672,2,0,1,0,1
14,673,0,1,1,2,1
14,674,1,2,0,0,2
14,675,2,0,0,1,0
14,676,0,1,2,1,1
14,677,1,2,0,2,1
14,678,1,0,1,0,2
14,679,0,0,0,2,0
14,680,1,1,2,0,0
14,681,1,2,0,0,2
14,682,2,0,2,0,0
14,683,0,1,0,0,0
14,684,0,1,2,2,2
14,685,1,1,0,0,0
14,686,1,2,2,2,2
14,687,1,0,0,0,0
14,688,1,2,2,2,1
14,689,0,0,0,0,1
14,690,2,1,2,0,0
14,691,0,1,0,2,2
14,692,1,1,2,0,0
14,693,2,1,0,0,1
14,694,0,1,0,2,1
14,695,1,1,1,0,1
14,696,0,1,0,0,1
14,697,2,0,0,2,1
14,698,0,1,0,0,1
14,699,1,0,2,2,1
14,700,0,0,0,0,2
14,701,1,1,0,1,0
14,702,2,1,0,2,0
14,703,0,1,0,0,2
14,704,1,1,0,2,0
14,705,2,1,0,0,1
14,706,0,1,2,0,1
14,707,2,2,0,2,0
14,708,0,0,1,0,0
14,709,1,1,2,2,0
14,710,2,2,0,0,0
14,711,0,0,0,2,1
14,712,0,1,2,0,0
14,713,1,1,0,1,2
14,714,2,1,1,1,0
14,715,0,1,0,1,1
14,716,1,2,2,1,1
14,717,1,0,0,2,0
14,718,2,1,2,0,1
14,719,0,2,0,1,1
14,720,0,0,0,0,0
14,721,2,1,2,1,2
14,722,0,1,0,1,0
14,723,1,2,0,2,1
14,724,0,0,0,0,1
14,725,0,1,2,1,1
14,726,0,1,0,2,0
14,727,0,2,2,0,2
14,728,1,0,0,1,0
14,729,0,1,1,0,1
14,730,1,2,2,1,1
14,731,2,0,0,2,0
14,732,0,0,0,0,1
14,733,1,0,1,0,2
14,734,0,0,1,1,0
14,735,1,0,2,2,2
14,736,0,2,0,0,0
14,737,1,0,0,2,2
14,738,1,1,0,0,0
14,739,1,2,0,1,1
14,740,1,0,2,2,1
14,741,1,1,0,0,0
14,742,0,1,2,2,0
14,743,1,1,0,0,1
14,744,0,1,1,2,2
14,745,0,2,1,0,0
14,746,1,0,2,1,1
14,747,2,0,0,0,0
14,748,0,1,2,0,2
14,749,2,1,0,0,0
14,750,0,1,0,1,1
14,751,1,1,2,1,1
14,752,2,1,0,1,0
14,753,0,1,0,0,0
14,754,1,1,2,1,0
14,755,1,1,0,1,0
14,756,0,1,2,0,0
14,757,1,2,0,0,2
14,758,1,0,2,1,0
14,759,1,2,0,1,0
14,760,0,0,2,1,0
14,761,2,1,0,2,2
14,762,0,1,2,0,0
14,763,2,1,0,2,2
14,764,0,1,2,0,0
14,765,0,0,0,2,2
14,766,1,0,0,0,0
14,767,0,2,2,2,1
14,768,0,0,0,0,2
14,769,1,1,1,2,0
14,770,0,1,2,0,0
14,771,1,1,0,2,0
14,772,1,1,0,0,1
14,773,1,2,1,1,1
14,774,0,0,1,2,1
14,775,1,2,2,0,1
14,776,0,0,0,2,2
14,777,0,0,1,0,0
14,778,1,1,2,2,2
14,779,2,0,0,0,0
14,780,0,1,2,2,2
14,781,1,1,0,0,0
14,782,1,1,2,0,1
14,783,2,1,0,0,2
14,784,0,1,2,0,0
14,785,1,2,0,2,1
14,786,1,0,2,0,2
14,787,2,2,0,1,0
14,788,0,0,1,2,1
14,789,1,0,1,0,1
14,790,2,1,0,2,1
14,791,0,0,2,0,1
14,792,1,2,0,2,2
14,793,1,0,0,0,0
14,794,0,1,2,2,1
14,795,0,0,0,0,0
14,796,0,0,0,1,2
14,797,1,1,2,1,0
14,798,0,1,0,1,2
14,799,0,1,2,2,0
14,800,2,1,0,0,0
14,801,0,1,0,1,0
14,802,2,1,1,1,2
14,803,0,1,0,1,0
14,804,0,1,2,2,2
14,805,1,2,0,0,0
14,806,1,0,2,1,1
14,807,1,2,0,1,2
14,808,2,0,2,0,0
14,809,0,0,0,1,0
14,810,0,0,1,1,2
14,811,0,0,1,2,0
14,812,0,2,2,0,2
14,813,0,0,0,1,0
14,814,1,1,0,2,2
14,815,2,2,1,0,0
14,816,0,0,1,1,2
14,817,0,1,0,2,0
14,818,2,2,2,0,0
14,819,0,0,0,2,1
14,820,1,1,1,0,2
14,821,1,1,2,2,0
14,822,2,2,0,0,0
14,823,0,0,1,0,2
14,824,2,1,0,1,0
14,825,0,1,2,1,2
14,826,0,1,0,2,0
14,827,1,1,1,0,2
14,828,1,2,2,2,0
14,829,2,0,0,0,2
14,830,0,1,0,2,0
14,831,1,1,2,0,2
14,832,0,1,0,0,0
14,833,1,0,1,1,1
14,834,1,2,1,2,2
14,835,1,0,2,0,0
14,836,2,0,0,1,2
14,837,0,1,2,2,0
14,838,2,1,0,0,1
14,839,0,2,2,0,2
14,840,1,0,0,0,0
14,841,2,1,2,2,1
14,842,0,1,0,0,1
14,843,1,0,1,1,0
14,844,1,1,2,1,2
14,845,2,1,0,2,0
14,846,0,2,1,0,2
14,847,1,0,2,1,0
14,848,0,1,0,1,2
14,849,1,2,2,1,0
14,850,2,0,0,0,1
14,851,0,0,2,1,0
14,852,0,0,0,1,2
14,853,0,1,2,1,0
14,854,1,1,0,0,2
14,855,1,1,0,0,0
14,856,0,2,2,2,2
14,857,1,0,0,0,0
14,858,0,0,2,1,2
14,859,1,2,0,1,0
14,860,0,0,1,0,2
14,861,1,1,2,1,0
14,862,1,2,0,0,1
14,863,0,0,0,1,0
14,864,1,1,2,0,2
14,865,2,0,0,0,0
14,866,0,0,1,2,2
14,867,2,0,2,0,0
14,868,0,0,0,1,1
14,869,0,1,1,0,2
14,870,2,0,1,0,0
14,871,0,1,2,0,2
14,872,2,2,0,0,0
14,873,0,0,1,0,1
14,874,2,1,1,0,2
14,875,0,0,0,0,0
14,876,1,2,1,0,1
14,877,0,0,0,0,0
14,878,1,0,2,0,2
14,879,1,2,0,2,0
14,880,1,0,1,0,0
14,881,2,2,2,0,0
14,882,0,0,0,1,2
14,883,2,1,1,1,0
14,884,0,2,2,2,2
14,885,0,0,0,0,0
14,886,0,2,1,0,2
14,887,1,0,2,1,0
14,888,2,2,0,0,2
14,889,0,0,1,2,0
14,890,1,1,2,0,2
14,891,2,1,0,0,0
14,892,0,1,0,2,2
14,893,1,0,0,0,0
14,894,0,1,2,1,0
14,895,1,2,0,1,0
14,896,1,0,1,0,0
14,897,2,1,2,1,0
14,898,0,2,0,1,2
14,899,1,0,2,1,0
14,900,0,1,0,0,0
14,901,1,1,2,2,0
14,902,2,2,0,0,0
14,903,0,0,2,1,2
14,904,2,2,0,1,0
14,905,0,0,0,0,1
14,906,2,0,2,0,1
14,907,0,2,0,1,0
14,908,1,0,2,0,1
14,909,1,2,0,0,1
14,910,0,0,0,0,2
14,911,0,2,2,0,0
14,912,2,0,0,2,2
14,913,0,0,1,0,0
14,914,1,2,2,1,1
14,915,0,0,0,1,0
14,916,1,0,2,0,0
14,917,0,1,0,0,2
14,918,2,0,2,0,0
14,919,0,1,0,1,1
14,920,2,1,2,1,0
14,921,0,2,0,0,2
14,922,1,0,0,0,0
14,923,0,0,2,1,1
14,924,2,1,0,0,0
14,925,0,2,2,1,0
14,926,0,0,0,1,1
14,927,2,0,2,1,0
14,928,0,1,0,1,0
14,929,0,0,2,1,2
14,930,2,2,0,1,0
14,931,0,0,0,1,0
14,932,0,1,2,1,1
14,933,1,1,0,1,0
14,934,0,1,0,1,2
14,935,1,1,1,0,0
14,936,1,2,0,0,2
14,937,0,0,0,1,0
14,938,1,2,2,0,0
14,939,1,0,0,1,1
14,940,0,2,2,1,0
14,941,0,0,0,0,1
14,942,1,1,2,2,0
14,943,0,2,0,0,0
14,944,2,0,2,2,2
14,945,0,2,0,0,0
14,946,0,0,2,1,2
14,947,0,2,0,2,0
14,948,0,0,0,0,2
14,949,1,0,2,2,0
14,950,1,2,0,0,2
14,951,1,0,2,0,0
14,952,1,0,0,0,2
14,953,0,2,2,1,0
14,954,2,0,0,1,0
14,955,0,0,2,1,2
14,956,2,2,0,1,0
14,957,0,0,2,0,0
14,958,1,1,0,1,0
14,959,2,0,1,1,0
14,960,0,2,0,1,0
14,961,1,0,0,2,2
14,962,2,1,2,0,0
14,963,0,1,0,2,2
14,964,2,1,2,0,0
14,965,0,2,0,1,0
14,966,0,0,0,1,2
14,967,1,1,0,0,0
14,968,1,1,0,1,2
14,969,0,2,2,1,0
14,970,0,0,0,1,2
14,971,2,2,2,2,0
14,972,0,0,0,0,0
14,973,2,0,0,1,2
14,974,0,0,2,0,0
14,975,2,1,0,1,2
14,976,0,1,0,1,0
14,977,2,2,1,2,2
14,978,0,0,0,0,0
14,979,1,1,2,2,2
14,980,2,2,0,0,0
14,981,0,0,1,2,0
14,982,1,0,1,0,2
14,983,0,0,1,2,0
14,984,1,2,2,0,1
14,985,2,0,0,0,0
14,986,0,2,2,1,1
14,987,0,0,0,2,0
14,988,1,0,2,0,2
14,989,1,2,0,2,0
14,990,1,0,2,0,2
14,991,1,2,0,0,0
14,992,0,0,2,1,1
14,993,1,2,0,2,0
14,994,1,0,2,0,0
14,995,0,0,0,1,2
14,996,1,0,1,1,0
14,997,2,1,0,1,1
14,998,0,0,2,1,1
14,999,0,0,0,1,2
15,0,1,0,2,0,1
15,1,0,2,0,1,0
15,2,1,0,2,1,2
15,3,2,0,0,1,0
15,4,0,2,2,1,0
15,5,2,0,0,1,2
15,6,0,2,1,1,0
15,7,2,0,1,1,2
15,8,0,0,1,2,0
15,9,1,2,1,0,1
15,10,2,0,0,2,2
15,11,0,1,2,0,0
15,12,1,2,0,1,2
15,13,1,0,2,1,0
15,14,1,1,0,1,2
15,15,0,1,2,2,0
15,16,1,1,0,0,0
15,17,0,1,2,2,2
15,18,1,1,0,0,0
15,19,1,1,2,2,1
15,20,1,1,0,0,2
15,21,2,1,1,0,0
15,22,0,2,0,2,1
15,23,2,0,1,0,2
15,24,0,1,0,2,0
15,25,1,1,1,0,0
15,26,1,1,1,2,2
15,27,1,1,1,0,0
15,28,2,0,2,0,2
15,29,0,2,0,1,0
15,30,2,0,0,0,2
15,31,0,1,1,1,0
15,32,2,1,2,0,1
15,33,0,1,0,0,2
15,34,0,1,1,1,0
15,35,2,1,2,1,2
15,36,0,0,0,0,0
15,37,2,0,0,2,2
15,38,0,2,0,0,0
15,39,2,0,2,0,0
15,40,0,0,0,2,2
15,41,2,2,0,0,0
15,42,0,0,1,2,0
15,43,0,1,0,0,2
15,44,1,2,2,2,0
15,45,2,0,0,0,2
15,46,0,1,2,0,0
15,47,1,1,0,2,2
15,48,0,2,0,0,0
15,49,1,0,2,2,1
15,50,0,2,0,0,2
15,51,1,0,2,2,0
15,52,1,1,0,0,0
15,53,1,1,0,2,2
15,54,1,1,2,0,0
15,55,1,1,0,1,1
15,56,0,1,2,2,0
15,57,1,1,0,0,2
15,58,0,2,2,0,0
15,59,2,0,0,2,2
15,60,0,0,1,0,0
15,61,1,2,0,0,2
15,62,1,0,2,2,0
15,63,0,2,0,0,2
15,64,1,0,2,2,0
15,65,2,2,0,0,2
15,66,0,0,0,2,0
15,67,0,1,2,0,2
15,68,2,1,0,0,0
15,69,0,1,0,2,2
15,70,2,0,2,0,0
15,71,0,1,0,0,0
15,72,2,1,2,2,2
15,73,0,2,0,0,0
15,74,2,0,0,2,2
15,75,0,0,1,0,0
15,76,1,2,0,2,2
15,77,1,0,1,0,0
15,78,2,2,1,2,0
15,79,0,0,0,0,2
15,80,1,1,1,2,0
15,81,0,1,2,0,2
15,82,0,2,0,1,0
15,83,0,0,0,1,2
15,84,1,1,1,0,0
15,85,1,1,2,1,0
15,86,2,0,0,1,2
15,87,0,2,2,2,0
15,88,2,0,0,0,0
15,89,0,2,2,2,2
15,90,2,0,0,0,0
15,91,0,1,1,0,1
15,92,1,0,2,0,2
15,93,1,2,0,2,0
15,94,0,0,2,0,2
15,95,0,2,0,1,0
15,96,1,0,2,2,1
15,97,2,0,0,0,2
15,98,0,2,0,2,0
15,99,1,0,1,0,2
15,100,1,2,2,2,0
15,101,0,0,0,0,2
15,102,2,2,0,1,0
15,103,0,0,1,0,0
15,104,1,2,0,0,2
15,105,2,0,0,2,0
15,106,0,0,0,0,2
15,107,2,0,2,1,0
15,108,0,2,0,0,2
15,109,2,0,2,2,0
15,110,0,2,0,0,0
15,111,2,0,1,1,1
15,112,0,0,1,2,2
15,113,0,0,1,0,0
15,114,2,2,1,0,2
15,115,0,0,2,2,0
15,116,1,2,0,0,2
15,117,2,0,1,0,0
15,118,0,2,0,0,2
15,119,2,0,2,1,0
15,120,0,2,0,0,0
15,121,1,0,1,2,2
15,122,1,2,2,0,0
15,123,1,0,0,1,2
15,124,1,1,2,0,0
15,125,1,0,0,1,2
15,126,2,0,0,0,0
15,127,0,0,1,0,2
15,128,0,0,1,0,0
15,129,0,0,2,2,0
15,130,2,1,0,0,2
15,131,0,2,1,2,0
15,132,2,0,2,0,2
15,133,0,2,0,2,0
15,134,2,0,0,0,0
15,135,0,2,2,2,2
15,136,2,0,0,0,0
15,137,0,0,1,2,2
15,138,2,2,1,0,0
15,139,0,0,0,2,1
15,140,2,2,1,0,1
15,141,0,0,1,0,1
15,142,1,2,2,2,2
15,143,2,0,0,0,0
15,144,0,2,0,2,0
15,145,0,0,1,0,2
15,146,2,2,2,2,0
15,147,0,0,0,0,2
15,148,2,1,2,2,0
15,149,0,2,0,0,2
15,150,0,0,2,0,0
15,151,0,1,0,0,2
15,152,0,0,2,2,0
15,153,2,0,0,0,0
15,154,0,2,0,2,2
15,155,2,0,0,0,0
15,156,0,1,1,2,2
15,157,0,1,0,0,0
15,158,1,2,0,0,2
15,159,1,0,2,2,0
15,160,2,1,0,0,0
15,161,0,2,2,0,1
15,162,1,0,0,2,2
15,163,2,1,2,0,0
15,164,0,1,0,1,2
15,165,1,1,0,0,0
15,166,0,2,0,1,2
15,167,2,0,1,1,0
15,168,0,1,2,1,2
15,169,2,1,0,0,0
15,170,0,1,1,0,0
15,171,1,1,2,1,2
15,172,1,2,0,2,0
15,173,1,0,2,0,1
15,174,0,1,0,1,0
15,175,2,2,2,0,1
15,176,0,0,0,2,0
15,177,2,1,2,0,2
15,178,0,0,0,2,0
15,179,1,1,0,0,2
15,180,2,0,1,2,0
15,181,0,2,2,0,2
15,182,0,0,0,2,0
15,183,2,1,2,0,0
15,184,0,1,0,2,2
15,185,0,0,1,0,0
15,186,0,0,2,0,2
15,187,2,1,0,2,0
15,188,0,1,0,0,2
15,189,2,1,0,2,0
15,190,0,0,1,0,2
15,191,1,1,0,2,0
15,192,1,2,1,0,1
15,193,1,0,2,1,2
15,194,1,2,0,0,0
15,195,1,0,1,2,1
15,196,0,0,1,0,2
15,197,0,0,2,2,0
15,198,2,2,0,0,2
15,199,0,0,1,2,0
15,200,2,1,2,0,1
15,201,0,1,0,0,1
15,202,2,0,0,2,1
15,203,0,1,2,0,2
15,204,2,1,0,2,0
15,205,0,1,2,0,2
15,206,2,2,0,2,0
15,207,0,0,1,0,0
15,208,0,1,2,2,1
15,209,1,2,0,0,2
15,210,0,0,1,0,0
15,211,0,1,2,1,1
15,212,1,1,0,1,2
15,213,2,2,1,0,0
15,214,0,0,2,2,2
15,215,1,1,0,0,0
15,216,1,2,2,1,2
15,217,0,0,0,0,0
15,218,0,1,0,0,2
15,219,0,0,1,2,0
15,220,1,1,1,0,1
15,221,0,1,1,1,2
15,222,1,0,0,0,0
15,223,0,2,1,1,2
15,224,2,0,1,0,0
15,225,0,1,1,2,1
15,226,2,1,1,0,2
15,227,0,1,2,0,0
15,228,2,1,0,1,2
15,229,0,1,1,2,0
15,230,2,2,2,0,1
15,231,0,0,0,0,0
15,232,1,1,2,2,2
15,233,2,2,0,0,0
15,234,0,0,2,1,2
15,235,0,2,0,0,0
15,236,1,0,2,2,2
15,237,1,0,0,0,0
15,238,1,2,2,2,1
15,239,2,0,0,0,0
15,240,0,0,2,2,0
15,241,2,2,0,0,2
15,242,0,0,1,2,0
15,243,1,0,2,0,2
15,244,1,2,0,2,0
15,245,0,0,2,0,0
15,246,2,1,0,2,2
15,247,0,0,0,0,0
15,248,2,1,2,2,1
15,249,0,2,0,0,0
15,250,0,0,2,0,2
15,251,2,0,0,0,0
15,252,0,1,2,2,2
15,253,0,0,0,0,0
15,254,1,1,1,1,2
15,255,2,0,0,0,0
15,256,0,1,1,2,2
15,257,1,0,2,0,0
15,258,0,0,0,0,1
15,259,1,1,2,2,0
15,260,1,2,0,0,0
15,261,0,0,2,0,2
15,262,0,0,0,0,0
15,263,0,2,2,1,2
15,264,0,0,0,2,0
15,265,2,0,0,0,2
15,266,0,1,1,2,0
15,267,1,1,1,0,0
15,268,1,0,0,2,0
15,269,1,2,2,0,1
15,270,0,0,0,2,0
15,271,0,2,1,0,2
15,272,0,0,1,1,0
15,273,0,0,2,0,2
15,274,0,1,0,0,0
15,275,1,0,1,1,2
15,276,1,1,2,1,0
15,277,2,2,0,0,0
15,278,0,0,1,2,2
15,279,0,2,0,0,0
15,280,1,0,1,2,0
15,281,0,2,2,0,2
15,282,1,0,0,1,0
15,283,2,0,2,1,2
15,284,0,0,0,1,0
15,285,1,1,0,2,2
15,286,0,2,1,0,0
15,287,1,0,2,2,0
15,288,2,1,0,0,2
15,289,0,2,2,2,0
15,290,0,0,0,0,2
15,291,2,1,2,0,0
15,292,0,0,0,1,2
15,293,1,2,2,2,0
15,294,0,0,0,0,0
15,295,1,2,2,0,0
15,296,1,0,0,2,1
15,297,0,1,2,0,1
15,298,1,0,0,0,2
15,299,2,0,2,2,0
15,300,0,2,0,0,2
15,301,2,0,1,2,0
15,302,0,2,2,0,2
15,303,0,0,0,0,0
15,304,0,2,1,2,2
15,305,0,0,1,0,0
15,306,2,0,0,2,2
15,307,0,0,2,0,0
15,308,1,0,0,1,1
15,309,1,1,1,1,2
15,310,1,2,1,0,0
15,311,1,0,2,2,0
15,312,1,1,0,0,2
15,313,0,0,1,1,0
15,314,1,1,1,2,2
15,315,0,2,1,0,0
15,316,1,0,2,0,2
15,317,1,1,0,1,0
15,318,1,2,1,2,2
15,319,1,0,1,0,0
15,320,2,1,0,2,2
15,321,0,2,2,0,0
15,322,1,0,0,1,2
15,323,1,2,2,0,0
15,324,0,0,0,1,2
15,325,1,1,2,1,0
15,326,0,2,0,1,2
15,327,1,0,2,0,0
15,328,1,1,0,1,1
15,329,1,0,1,1,2
15,330,1,1,0,0,0
15,331,2,0,2,0,2
15,332,0,1,0,2,0
15,333,1,1,0,0,2
15,334,0,0,1,2,0
15,335,0,2,0,0,2
15,336,0,0,0,0,0
15,337,1,1,2,1,0
15,338,1,1,0,0,2
15,339,1,1,1,2,0
15,340,1,2,2,0,0
15,341,0,0,0,2,0
15,342,1,1,2,0,2
15,343,0,1,0,0,0
15,344,0,1,1,1,2
15,345,0,1,1,2,0
15,346,2,1,1,0,2
15,347,0,1,2,2,0
15,348,0,1,0,0,1
15,349,1,0,1,0,2
15,350,0,0,1,1,0
15,351,1,1,2,0,0
15,352,0,2,0,0,2
15,353,2,0,0,2,0
15,354,0,2,0,0,2
15,355,1,0,2,1,0
15,356,2,1,0,0,0
15,357,0,2,1,0,2
15,358,2,0,2,2,0
15,359,0,1,0,0,2
15,360,1,2,1,1,0
15,361,2,0,0,2,1
15,362,0,1,0,0,1
15,363,1,1,2,2,0
15,364,1,1,0,0,2
15,365,0,0,2,1,0
15,366,1,2,0,1,0
15,367,2,0,0,1,1
15,368,0,1,0,1,0
15,369,1,2,0,2,2
15,370,1,0,0,0,0
15,371,1,2,2,0,2
15,372,0,0,0,0,0
15,373,1,1,2,0,2
15,374,2,0,0,2,0
15,375,0,0,1,0,2
15,376,2,1,2,1,0
15,377,0,0,0,0,2
15,378,2,0,1,1,0
15,379,0,1,2,1,0
15,380,2,2,0,0,0
15,381,0,0,1,1,1
15,382,0,1,2,0,2
15,383,0,0,0,2,0
15,384,2,1,2,0,2
15,385,0,1,0,1,0
15,386,2,2,2,0,1
15,387,0,0,0,0,1
15,388,1,2,2,2,2
15,389,0,0,0,0,0
15,390,0,2,1,2,2
15,391,2,0,1,0,0
15,392,0,1,2,0,2
15,393,0,1,0,2,0
15,394,0,1,1,0,0
15,395,2,1,1,2,1
15,396,0,0,1,0,0
15,397,0,0,1,2,2
15,398,1,1,2,0,0
15,399,0,0,0,2,1
15,400,0,1,2,0,2
15,401,1,1,0,2,0
15,402,0,0,1,0,2
15,403,2,0,2,1,0
15,404,0,0,0,0,1
15,405,1,0,0,2,0
15,406,2,2,2,0,0
15,407,0,0,0,2,2
15,408,1,0,1,0,0
15,409,1,1,2,1,2
15,410,0,1,0,1,0
15,411,0,1,2,2,2
15,412,0,1,0,0,0
15,413,0,1,2,0,1
15,414,0,0,0,0,2
15,415,1,0,2,1,0
15,416,1,1,0,1,2
15,417,0,2,1,0,0
15,418,0,0,1,1,1
15,419,0,1,0,0,0
15,420,0,0,2,2,0
15,421,1,1,0,0,2
15,422,1,2,1,2,0
15,423,0,0,0,0,2
15,424,1,1,2,2,0
15,425,0,1,0,0,0
15,426,0,2,1,2,1
15,427,0,0,1,0,2
15,428,1,0,2,2,0
15,429,1,1,0,0,2
15,430,1,1,2,0,0
15,431,2,1,0,2,0
15,432,0,2,2,0,0
15,433,1,0,0,2,0
15,434,2,1,2,0,1
15,435,0,1,0,2,2
15,436,1,1,0,0,0
15,437,0,1,2,1,0
15,438,2,2,0,0,0
15,439,0,0,1,0,1
15,440,2,1,0,1,2
15,441,0,0,2,0,0
15,442,1,0,0,1,0
15,443,2,0,0,2,0
15,444,0,0,1,0,0
15,445,1,0,2,1,0
15,446,2,1,0,1,1
15,447,0,0,2,0,0
15,448,1,1,0,1,1
15,449,0,0,0,1,2
15,450,1,2,1,2,0
15,451,1,0,0,0,0
15,452,1,1,1,1,0
15,453,0,0,2,1,2
15,454,2,0,0,0,0
15,455,0,1,1,2,2
15,456,0,1,1,0,0
15,457,0,2,0,2,2
15,458,2,0,1,0,0
15,459,0,2,1,0,2
15,460,0,0,2,2,0
15,461,2,1,0,0,2
15,462,0,1,1,1,0
15,463,1,0,1,2,1
15,464,2,1,2,0,2
15,465,0,1,0,2,0
15,466,2,0,1,0,0
15,467,0,1,2,1,1
15,468,0,0,0,2,0
15,469,1,1,2,0,2
15,470,2,1,0,2,0
15,471,0,1,2,0,2
15,472,0,2,0,1,0
15,473,0,0,0,0,2
15,474,0,1,1,0,0
15,475,1,1,0,1,2
15,476,0,2,0,1,0
15,477,0,0,1,2,2
15,478,1,0,2,0,0
15,479,2,2,0,1,2
15,480,0,0,1,1,0
15,481,1,1,2,1,0
15,482,0,1,0,1,2
15,483,1,2,1,1,0
15,484,1,0,1,1,2
15,485,1,1,1,1,0
15,486,0,0,1,1,2
15,487,2,2,2,0,0
15,488,0,0,0,1,2
15,489,2,1,1,0,0
15,490,0,2,2,2,0
15,491,1,0,0,0,2
15,492,2,1,1,2,0
15,493,0,0,0,0,2
15,494,2,2,2,0,0
15,495,0,0,0,1,2
15,496,1,0,2,2,0
15,497,2,1,0,0,2
15,498,0,2,2,1,0
15,499,0,0,0,0,1
15,500,0,1,2,1,2
15,501,0,1,0,2,0
15,502,1,1,2,0,2
15,503,1,1,0,1,0
15,504,2,2,1,1,2
15,505,0,0,0,1,0
15,506,1,1,2,2,1
15,507,0,1,0,0,2
15,508,0,1,2,1,0
15,509,1,1,0,0,2
15,510,0,2,2,2,0
15,511,2,0,0,0,2
15,512,0,2,2,1,0
15,513,1,0,0,0,1
15,514,0,0,2,0,2
15,515,0,2,0,2,0
15,516,0,0,2,0,2
15,517,0,1,0,2,0
15,518,1,1,2,0,2
15,519,2,0,0,1,0
15,520,0,1,1,1,1
15,521,1,1,1,0,2
15,522,2,1,2,0,0
15,523,0,1,0,2,2
15,524,0,0,2,0,0
15,525,2,1,0,1,2
15,526,0,1,2,1,0
15,527,1,1,0,0,0
15,528,2,2,0,2,1
15,529,0,0,2,0,1
15,530,0,1,0,2,0
15,531,0,0,2,0,0
15,532,1,1,0,1,2
15,533,1,1,2,1,0
15,534,1,2,0,1,2
15,535,1,0,2,2,0
15,536,0,1,0,0,2
15,537,2,0,2,0,0
15,538,0,2,0,1,0
15,539,1,0,1,1,2
15,540,2,1,2,2,0
15,541,0,2,0,0,2
15,542,0,0,0,1,0
15,543,1,1,0,1,2
15,544,2,2,0,2,0
15,545,0,0,0,0,2
15,546,1,1,2,1,0
15,547,0,1,0,2,1
15,548,0,1,1,0,1
15,549,2,1,2,0,0
15,550,0,1,0,2,1
15,551,0,1,0,0,0
15,552,1,2,2,1,2
15,553,0,0,0,1,0
15,554,1,1,2,1,0
15,555,1,1,0,2,2
15,556,1,1,1,0,0
15,557,1,0,2,1,1
15,558,1,0,0,1,0
15,559,0,1,2,1,2
15,560,1,1,0,1,0
15,561,0,1,0,1,0
15,562,0,1,2,1,2
15,563,1,0,0,1,0
15,564,0,2,2,1,2
15,565,2,0,0,0,0
15,566,0,1,0,1,2
15,567,2,1,0,0,0
15,568,0,1,2,0,2
15,569,1,1,0,2,0
15,570,1,1,1,0,2
15,571,1,1,1,1,0
15,572,0,1,1,1,2
15,573,0,1,1,1,0
15,574,1,0,1,2,2
15,575,2,1,0,0,0
15,576,0,1,2,1,0
15,577,0,1,0,1,2
15,578,1,1,1,1,0
15,579,2,1,2,0,2
15,580,0,1,0,1,0
15,581,1,0,2,2,0
15,582,2,2,0,0,0
15,583,0,0,0,1,1
15,584,0,1,2,0,1
15,585,1,0,0,2,0
15,586,2,2,2,0,1
15,587,0,0,0,2,2
15,588,0,2,0,0,0
15,589,2,0,0,0,2
15,590,0,0,2,1,0
15,591,2,1,0,1,2
15,592,0,0,0,2,0
15,593,2,1,2,0,2
15,594,0,1,0,1,0
15,595,2,1,1,2,1
15,596,0,2,2,0,2
15,597,1,0,0,1,0
15,598,1,1,2,1,2
15,599,0,2,0,2,0
15,600,1,0,2,0,2
15,601,2,2,0,2,0
15,602,0,0,2,0,0
15,603,2,0,0,2,2
15,604,0,1,0,0,0
15,605,2,0,2,0,2
15,606,0,1,0,0,0
15,607,0,1,0,1,0
15,608,2,2,0,1,1
15,609,0,0,2,1,1
15,610,2,1,0,1,0
15,611,0,0,2,1,2
15,612,1,1,0,2,0
15,613,1,0,2,0,2
15,614,1,1,0,2,0
15,615,0,1,2,0,2
15,616,1,1,0,1,0
15,617,2,0,2,1,2
15,618,0,1,0,0,0
15,619,0,0,2,0,0
15,620,2,1,0,0,1
15,621,0,2,1,2,2
15,622,1,0,1,0,0
15,623,1,2,1,1,0
15,624,2,0,1,0,0
15,625,0,0,2,2,2
15,626,1,1,0,0,0
15,627,1,0,0,1,1
15,628,2,1,1,1,2
15,629,0,1,2,2,0
15,630,2,1,0,0,2
15,631,0,2,2,1,0
15,632,2,0,0,0,2
15,633,0,2,1,0,0
15,634,1,0,0,1,2
15,635,0,1,0,2,0
15,636,0,1,0,0,2
15,637,1,2,2,1,0
15,638,0,0,0,1,2
15,639,1,2,0,0,0
15,640,0,0,2,2,2
15,641,1,0,0,0,0
15,642,0,0,0,1,1
15,643,0,0,2,1,0
15,644,1,0,0,1,2
15,645,1,1,0,0,0
15,646,1,1,0,1,1
15,647,1,2,0,0,1
15,648,2,0,0,1,1
15,649,0,1,0,0,0
15,650,1,2,0,2,2
15,651,0,0,2,0,0
15,652,1,1,0,0,1
15,653,0,2,1,0,2
15,654,1,0,1,0,0
15,655,2,2,1,2,1
15,656,0,0,0,0,1
15,657,2,1,2,2,2
15,658,0,1,0,0,0
15,659,1,1,2,1,1
15,660,1,1,0,0,1
15,661,2,1,0,1,0
15,662,0,0,0,2,0
15,663,1,1,1,0,0
15,664,1,1,2,0,2
15,665,1,2,0,2,0
15,666,1,0,2,0,1
15,667,1,0,0,0,1
15,668,1,0,0,0,1
15,669,1,1,2,2,2
15,670,1,2,0,0,0
15,671,0,0,2,0,2
15,672,1,1,0,0,0
15,673,2,1,0,2,1
15,674,0,1,0,0,0
15,675,1,0,1,2,1
15,676,0,1,2,0,1
15,677,0,1,0,1,1
15,678,1,1,2,1,1
15,679,1,0,0,0,1
15,680,0,1,2,1,1
15,681,1,2,0,1,2
15,682,1,0,0,1,0
15,683,2,1,0,1,2
15,684,0,1,2,1,0
15,685,1,2,0,1,1
15,686,1,0,2,0,1
15,687,1,0,0,1,2
15,688,1,1,0,0,0
15,689,1,1,2,0,2
15,690,2,2,0,1,0
15,691,0,0,1,1,2
15,692,2,1,2,0,0
15,693,0,1,0,1,2
15,694,1,2,2,1,0
15,695,0,0,0,0,1
15,696,1,0,1,1,1
15,697,1,1,2,1,0
15,698,2,2,0,1,1
15,699,0,0,0,0,1
15,700,0,0,1,2,2
15,701,1,1,0,0,0
15,702,1,0,2,1,2
15,703,0,1,0,0,0
15,704,1,1,0,1,2
15,705,1,2,2,1,0
15,706,0,0,0,0,0
15,707,2,2,2,1,2
15,708,0,0,0,0,0
15,709,1,1,2,0,1
15,710,1,0,0,0,2
15,711,1,1,0,2,0
15,712,1,1,2,0,0
15,713,2,1,0,2,1
15,714,0,0,2,0,1
15,715,2,1,0,1,1
15,716,0,1,2,1,0
15,717,0,0,0,1,2
15,718,1,0,1,2,0
15,719,1,1,0,0,2
15,720,1,0,2,0,0
15,721,2,1,0,2,0
15,722,0,1,0,0,2
15,723,1,0,0,1,0
15,724,2,1,0,1,1
15,725,0,0,2,1,1
15,726,1,0,0,0,0
15,727,0,1,0,1,1
15,728,1,1,0,0,0
15,729,1,1,2,1,2
15,730,1,0,0,1,0
15,731,1,2,2,1,2
15,732,1,0,0,2,0
15,733,0,2,2,0,2
15,734,1,0,0,2,0
15,735,1,1,2,0,2
15,736,1,1,0,2,0
15,737,1,1,2,0,1
15,738,1,2,0,1,0
15,739,2,0,1,2,2
15,740,0,1,1,0,0
15,741,2,2,1,1,2
15,742,0,0,0,2,0
15,743,2,2,1,0,2
15,744,0,0,0,2,0
15,745,1,2,0,0,0
15,746,2,0,0,0,2
15,747,0,1,0,1,0
15,748,1,1,0,0,2
15,749,2,1,2,2,0
15,750,0,1,0,0,0
15,751,0,2,2,0,2
15,752,0,0,0,2,0
15,753,2,1,1,0,0
15,754,0,1,1,2,2
15,755,2,1,1,0,0
15,756,0,0,1,1,1
15,757,1,2,0,2,1
15,758,1,0,1,0,1
15,759,0,1,1,2,1
15,760,0,1,2,0,2
15,761,2,0,0,2,0
15,762,0,1,2,0,1
15,763,1,1,0,2,0
15,764,2,2,1,0,0
15,765,0,0,2,2,2
15,766,1,0,0,0,0
15,767,0,2,2,0,0
15,768,0,0,0,2,0
15,769,2,1,2,0,0
15,770,0,1,0,2,0
15,771,2,0,2,0,1
15,772,0,2,0,1,0
15,773,1,0,1,1,0
15,774,0,2,0,2,2
15,775,2,0,2,0,0
15,776,0,2,0,0,1
15,777,2,0,1,2,1
15,778,0,0,2,0,0
15,779,2,1,0,1,2
15,780,0,1,1,2,0
15,781,1,1,1,0,1
15,782,1,2,2,0,1
15,783,2,0,0,0,2
15,784,0,1,1,2,0
15,785,0,2,0,0,0
15,786,1,0,2,2,1
15,787,2,1,0,0,2
15,788,0,1,2,2,0
15,789,0,1,0,0,2
15,790,1,2,2,1,0
15,791,1,0,0,2,2
15,792,2,1,2,0,0
15,793,0,2,0,2,0
15,794,0,0,2,0,0
15,795,0,1,0,0,2
15,796,1,2,2,0,0
15,797,0,0,0,1,2
15,798,0,1,2,2,0
15,799,1,1,0,0,0
15,800,0,1,1,0,2
15,801,1,1,0,0,0
15,802,2,1,1,1,2
15,803,0,1,1,2,0
15,804,2,1,1,0,0
15,805,0,1,0,2,0
15,806,1,1,0,0,2
15,807,0,2,1,2,0
15,808,1,0,1,0,0
15,809,0,1,2,0,2
15,810,0,1,0,0,0
15,811,2,1,1,2,0
15,812,0,1,1,0,0
15,813,0,1,0,2,0
15,814,0,1,1,0,1
15,815,0,2,0,1,0
15,816,0,0,0,2,1
15,817,1,1,0,0,2
15,818,1,2,2,2,0
15,819,1,0,0,0,2
15,820,1,1,2,1,0
15,821,0,2,0,2,2
15,822,1,0,1,0,0
15,823,0,1,0,2,2
15,824,0,1,2,0,0
15,825,1,2,0,0,2
15,826,1,0,2,2,0
15,827,1,1,0,0,2
15,828,1,1,2,0,0
15,829,1,1,0,0,0
15,830,0,2,2,2,0
15,831,1,0,0,0,0
15,832,1,1,2,0,2
15,833,2,0,0,0,0
15,834,0,1,2,0,2
15,835,2,0,0,0,0
15,836,0,0,0,0,0
15,837,2,1,2,0,2
15,838,0,0,0,0,0
15,839,2,1,1,0,1
15,840,0,0,2,0,2
15,841,0,1,0,1,0
15,842,0,2,2,2,2
15,843,2,0,0,0,0
15,844,0,1,2,2,1
15,845,2,2,0,0,2
15,846,0,0,0,2,0
15,847,1,1,2,0,1
15,848,1,0,0,1,2
15,849,2,0,1,2,0
15,850,0,0,1,0,2
15,851,1,0,0,1,0
15,852,2,2,1,0,1
15,853,0,0,2,1,2
15,854,1,2,0,2,0
15,855,2,0,2,0,2
15,856,0,0,0,1,0
15,857,1,2,2,1,2
15,858,0,0,0,1,0
15,859,2,0,0,1,2
15,860,0,0,2,0,0
15,861,1,1,0,2,2
15,862,1,1,1,0,0
15,863,0,1,1,0,2
15,864,2,0,2,0,0
15,865,0,2,0,0,0
15,866,2,0,2,0,1
15,867,0,0,0,1,1
15,868,2,0,2,0,1
15,869,0,2,0,2,1
15,870,2,0,2,0,2
15,871,0,0,0,1,0
15,872,2,0,0,0,1
15,873,0,0,0,1,2
15,874,1,0,2,0,0
15,875,0,0,0,2,0
15,876,0,1,2,0,0
15,877,2,0,0,0,0
15,878,0,0,2,2,0
15,879,2,0,0,0,2
15,880,0,0,0,1,0
15,881,2,2,2,1,0
15,882,0,0,0,1,0
15,883,0,1,2,2,1
15,884,0,0,0,0,1
15,885,1,2,0,0,0
15,886,2,0,0,1,2
15,887,0,0,2,0,0
15,888,2,1,0,2,2
15,889,0,0,1,0,0
15,890,1,0,2,2,0
15,891,1,0,0,0,2
15,892,0,0,2,1,0
15,893,1,0,0,0,1
15,894,0,0,1,0,1
15,895,0,0,2,0,2
15,896,2,0,0,0,0
15,897,0,2,0,0,2
15,898,0,0,2,0,0
15,899,2,0,0,1,0
15,900,0,0,2,2,0
15,901,2,0,0,0,0
15,902,0,0,0,2,0
15,903,0,0,2,0,0
15,904,2,1,0,0,0
15,905,0,0,2,1,2
15,906,2,0,0,1,0
15,907,0,1,2,1,0
15,908,1,1,0,2,0
15,909,0,0,2,0,0
15,910,1,0,0,2,2
15,911,2,0,2,0,0
15,912,0,2,0,1,2
15,913,2,0,2,1,0
15,914,0,1,0,0,2
15,915,0,0,0,1,0
15,916,0,2,2,2,0
15,917,0,0,0,0,0
15,918,2,0,0,1,2
15,919,0,1,2,1,0
15,920,2,1,0,0,2
15,921,0,0,1,1,0
15,922,2,0,2,1,2
15,923,0,2,0,1,0
15,924,0,0,0,1,2
15,925,2,0,2,0,0
15,926,0,0,0,1,0
15,927,0,0,1,2,2
15,928,1,1,2,0,0
15,929,0,0,0,0,0
15,930,2,0,1,2,1
15,931,0,1,0,0,0
15,932,1,2,2,0,0
15,933,0,0,0,1,2
15,934,1,0,2,1,0
15,935,1,2,0,0,1
15,936,0,0,2,1,2
15,937,1,2,0,1,0
15,938,1,0,2,0,2
15,939,1,2,0,0,0
15,940,1,0,0,1,1
15,941,1,2,1,1,2
15,942,1,0,2,2,0
15,943,2,1,0,0,1
15,944,0,1,1,1,0
15,945,2,1,2,2,0
15,946,0,0,0,0,0
15,947,2,1,2,0,0
15,948,0,2,0,0,0
15,949,2,0,0,2,2
15,950,0,1,2,0,0
15,951,1,0,0,2,0
15,952,0,1,0,0,0
15,953,0,1,2,1,0
15,954,1,0,0,1,1
15,955,0,2,2,2,0
15,956,1,0,0,0,0
15,957,2,2,0,0,0
15,958,0,0,2,2,2
15,959,1,2,0,0,0
15,960,2,0,0,0,2
15,961,0,0,2,2,0
15,962,1,2,0,0,2
15,963,1,0,2,2,0
15,964,2,2,0,0,0
15,965,0,0,0,2,0
15,966,1,2,1,0,1
15,967,0,0,2,2,1
15,968,1,0,0,0,2
15,969,0,2,1,1,0
15,970,1,0,0,1,2
15,971,0,2,1,2,0
15,972,0,0,0,0,1
15,973,1,2,0,2,1
15,974,1,0,2,0,0
15,975,1,2,0,2,0
15,976,0,0,1,0,0
15,977,1,0,2,2,0
15,978,2,2,0,0,0
15,979,0,0,0,1,2
15,980,1,2,2,2,0
15,981,2,0,0,0,0
15,982,0,2,1,2,2
15,983,1,0,2,0,0
15,984,1,2,0,2,0
15,985,2,0,0,0,0
15,986,0,0,0,0,2
15,987,2,2,2,2,0
15,988,0,0,0,0,0
15,989,2,1,2,1,1
15,990,0,2,0,1,2
15,991,2,0,2,2,0
15,992,0,0,0,0,1
15,993,2,0,2,0,0
15,994,0,2,0,0,0
15,995,0,0,1,1,0
15,996,2,2,2,0,1
15,997,0,0,0,2,0
15,998,1,1,2,0,2
15,999,0,1,0,1,0
16,0,1,2,1,2,1
16,1,3,0,0,0,2
16,2,0,2,3,2,0
16,3,1,0,0,0,2
16,4,3,2,0,2,0
16,5,0,0,1,0,2
16,6,0,2,1,2,0
16,7,1,0,0,0,2
16,8,1,2,2,2,0
16,9,1,0,0,0,2
16,10,0,2,3,1,0
16,11,2,0,0,2,2
16,12,0,2,2,0,0
16,13,1,0,0,2,2
16,14,1,3,2,0,0
16,15,0,0,0,3,2
16,16,1,0,2,0,0
16,17,0,2,0,2,2
16,18,3,0,3,0,0
16,19,0,1,0,3,2
16,20,1,2,1,0,0
16,21,0,0,1,2,0
16,22,1,1,1,0,2
16,23,0,1,1,1,0
16,24,3,0,1,3,2
16,25,0,1,3,0,0
16,26,2,1,0,2,2
16,27,0,1,2,0,0
16,28,1,1,0,1,2
16,29,0,0,2,2,0
16,30,1,1,0,0,0
16,31,0,1,2,2,0
16,32,0,1,0,0,0
16,33,2,1,2,2,0
16,34,0,0,0,0,1
16,35,2,1,2,2,3
16,36,0,1,0,0,0
16,37,2,2,1,3,2
16,38,0,0,2,0,0
16,39,2,1,0,2,2
16,40,0,0,0,0,0
16,41,2,1,0,0,0
16,42,0,2,2,1,2
16,43,0,0,0,0,0
16,44,1,1,1,1,2
16,45,1,0,2,0,0
16,46,3,1,0,2,1
16,47,0,1,2,0,1
16,48,1,2,0,0,2
16,49,0,0,2,2,0
16,50,2,1,0,0,2
16,51,0,3,0,0,0
16,52,3,0,2,1,2
16,53,0,1,0,3,0
16,54,1,1,2,0,2
16,55,3,0,0,0,0
16,56,0,2,2,3,1
16,57,0,0,0,0,2
16,58,0,1,0,1,0
16,59,2,1,3,1,2
16,60,0,1,0,1,0
16,61,1,3,0,1,3
16,62,2,0,1,1,0
16,63,0,1,3,1,2
16,64,2,1,0,2,0
16,65,0,2,3,0,2
16,66,3,0,0,3,0
16,67,0,1,1,0,2
16,68,2,3,3,0,0
16,69,0,0,0,1,2
16,70,2,0,1,1,0
16,71,0,1,1,1,1
16,72,0,0,0,1,2
16,73,2,1,0,3,0
16,74,0,3,2,0,2
16,75,2,0,0,1,0
16,76,0,1,1,1,2
16,77,2,1,0,1,0
16,78,0,1,3,1,2
16,79,1,1,0,1,0
16,80,0,1,1,1,0
16,81,1,1,2,3,2
16,82,3,1,0,0,0
16,83,0,1,3,1,0
16,84,1,2,0,2,2
16,85,2,0,2,0,0
16,86,0,1,0,1,1
16,87,2,3,1,1,2
16,88,0,0,1,1,0
16,89,1,2,0,3,1
16,90,1,0,1,0,3
16,91,2,2,1,0,0
16,92,0,0,1,1,1
16,93,3,0,1,3,3
16,94,0,2,3,0,0
16,95,2,0,0,3,2
16,96,0,0,0,0,0
16,97,2,2,1,1,2
16,98,0,0,1,1,0
16,99,2,1,0,1,2
16,100,0,3,0,1,0
16,101,3,0,2,1,2
16,102,0,1,0,0,0
16,103,1,1,0,0,3
16,104,0,1,0,1,0
16,105,1,1,0,2,1
16,106,1,1,2,0,2
16,107,1,1,0,1,0
16,108,3,2,2,3,0
16,109,0,0,0,0,1
16,110,3,3,2,1,0
16,111,0,0,0,2,1
16,112,0,0,1,0,2
16,113,2,0,2,2,0
16,114,0,1,0,0,1
16,115,2,2,2,1,2
16,116,0,0,0,0,0
16,117,3,2,2,2,2
16,118,0,0,0,0,0
16,119,2,2,2,3,3
16,120,0,0,0,0,0
16,121,2,3,2,1,2
16,122,0,0,0,2,0
16,123,2,1,2,0,2
16,124,0,1,0,1,0
16,125,2,1,1,1,0
16,126,0,3,3,0,2
16,127,2,0,0,3,0
16,128,0,1,3,0,0
16,129,2,3,0,2,2
16,130,0,0,3,0,0
16,131,0,2,0,3,2
16,132,2,0,0,0,0
16,133,0,1,0,2,2
16,134,1,0,0,0,0
16,135,1,2,2,1,2
16,136,1,0,0,1,0
16,137,2,2,0,1,2
16,138,0,0,1,3,0
16,139,1,3,2,0,3
16,140,0,0,0,2,0
16,141,1,2,2,0,3
16,142,0,0,0,3,0
16,143,3,3,2,0,1
16,144,0,0,0,0,3
16,145,0,3,3,1,0
16,146,1,0,0,3,1
16,147,1,2,1,0,3
16,148,0,0,2,1,0
16,149,0,2,0,0,0
16,150,2,0,2,1,3
16,151,0,2,0,0,0
16,152,1,0,1,1,0
16,153,0,2,1,0,1
16,154,0,0,2,2,3
16,155,0,2,0,0,0
16,156,0,0,1,1,2
16,157,2,3,1,1,0
16,158,0,0,1,2,1
16,159,1,1,1,0,1
16,160,2,1,3,1,1
16,161,0,1,0,0,2
16,162,2,2,1,0,0
16,163,0,0,0,0,1
16,164,2,0,1,0,2
16,165,0,1,0,1,0
16,166,0,1,1,0,3
16,167,0,1,1,2,0
16,168,2,1,3,0,2
16,169,0,1,0,0,0
16,170,1,0,2,1,3
16,171,1,2,0,0,0
16,172,3,0,2,3,3
16,173,0,2,0,0,0
16,174,1,0,2,0,2
16,175,1,2,0,1,0
16,176,3,0,3,2,2
16,177,0,1,0,0,0
16,178,2,1,2,3,0
16,179,0,3,0,0,2
16,180,2,0,3,1,0
16,181,0,1,0,0,1
16,182,0,1,2,3,1
16,183,1,0,0,0,0
16,184,0,1,1,1,3
16,185,1,2,1,0,0
16,186,2,0,1,3,2
16,187,0,1,3,0,0
16,188,1,0,0,3,2
16,189,0,1,3,0,0
16,190,1,0,0,3,2
16,191,2,3,2,0,0
16,192,0,0,0,3,1
16,193,2,1,0,0,2
16,194,0,0,0,2,0
16,195,2,1,2,0,2
16,196,0,3,0,3,0
16,197,1,0,2,0,3
16,198,2,0,0,0,0
16,199,0,1,2,0,3
16,200,3,0,0,3,0
16,201,0,0,0,0,2
16,202,1,0,2,3,0
16,203,0,2,0,0,3
16,204,1,0,1,3,0
16,205,3,3,2,0,0
16,206,0,0,0,2,1
16,207,2,1,3,0,2
16,208,0,1,0,3,0
16,209,2,0,1,0,1
16,210,0,0,1,3,3
16,211,2,1,1,0,0
16,212,0,1,1,3,0
16,213,2,0,3,0,1
16,214,0,1,0,3,1
16,215,2,2,2,0,2
16,216,0,0,0,3,0
16,217,2,3,3,0,2
16,218,0,0,0,3,0
16,219,2,0,1,0,2
16,220,0,0,2,0,0
16,221,1,1,0,3,2
16,222,1,1,2,0,0
16,223,0,2,0,1,2
16,224,1,0,0,3,0
16,225,3,0,2,0,2
16,226,0,0,0,0,0
16,227,1,1,2,0,3
16,228,1,0,0,2,0
16,229,1,3,0,0,0
16,230,1,0,2,2,2
16,231,2,1,0,0,0
16,232,0,2,2,2,2
16,233,1,0,0,0,0
16,234,1,0,1,3,0
16,235,1,0,1,0,3
16,236,1,0,1,3,0
16,237,1,3,1,0,0
16,238,1,0,1,0,2
16,239,3,1,2,3,0
16,240,0,1,0,0,3
16,241,1,0,3,0,0
16,242,0,2,0,0,2
16,243,1,0,1,3,0
16,244,1,2,3,0,3
16,245,0,0,0,3,0
16,246,0,2,2,0,2
16,247,0,0,0,2,0
16,248,2,2,1,0,0
16,249,0,0,1,2,1
16,250,0,3,2,0,3
16,251,3,0,0,1,0
16,252,0,2,1,3,1
16,253,0,0,1,0,3
16,254,0,3,2,2,0
16,255,2,0,0,0,0
16,256,0,3,1,0,2
16,257,3,0,1,3,0
16,258,0,2,1,0,2
16,259,0,0,0,1,0
16,260,3,1,3,0,2
16,261,0,3,0,1,0
16,262,1,0,1,2,2
16,263,2,1,3,0,0
16,264,0,1,0,2,3
16,265,3,2,0,0,0
16,266,0,0,1,3,2
16,267,3,2,0,0,0
16,268,0,0,1,0,3
16,269,2,1,2,1,0
16,270,0,2,0,2,2
16,271,1,0,0,0,0
16,272,0,1,1,1,0
16,273,0,0,1,2,2
16,274,3,2,0,0,0
16,275,0,0,1,1,1
16,276,2,2,0,2,2
16,277,0,0,0,0,0
16,278,2,0,1,3,2
16,279,0,2,0,0,0
16,280,2,0,0,1,2
16,281,0,2,0,1,0
16,282,0,0,0,1,2
16,283,2,0,0,1,0
16,284,0,2,2,1,2
16,285,1,0,0,0,0
16,286,2,1,3,1,3
16,287,0,2,0,1,0
16,288,2,0,0,2,2
16,289,0,2,2,0,0
16,290,2,0,0,1,2
16,291,0,1,0,1,0
16,292,1,2,2,1,2
16,293,3,0,0,1,0
16,294,0,2,3,0,2
16,295,2,0,0,2,0
16,296,0,0,0,0,1
16,297,2,1,0,2,2
16,298,0,3,0,0,0
16,299,2,0,0,1,1
16,300,0,3,2,2,2
16,301,0,0,0,0,0
16,302,0,0,2,0,3
16,303,1,1,0,2,0
16,304,3,2,1,0,0
16,305,0,0,1,1,1
16,306,0,3,2,2,3
16,307,0,0,0,0,0
16,308,0,2,1,1,3
16,309,2,0,2,0,0
16,310,0,1,0,1,3
16,311,1,1,2,0,0
16,312,1,0,0,0,3
16,313,1,2,2,1,0
16,314,0,0,0,0,3
16,315,2,1,3,1,0
16,316,0,2,0,0,3
16,317,1,0,1,0,0
16,318,2,1,2,0,3
16,319,0,3,0,1,0
16,320,1,0,0,0,3
16,321,3,1,3,0,0
16,322,0,3,0,0,3
16,323,0,0,1,2,0
16,324,3,1,1,0,2
16,325,0,2,3,0,0
16,326,3,0,0,2,3
16,327,0,2,2,0,0
16,328,3,0,0,2,2
16,329,0,1,1,0,0
16,330,2,3,0,1,3
16,331,0,0,2,1,0
16,332,0,1,0,3,1
16,333,3,2,2,0,1
16,334,0,0,0,0,2
16,335,2,1,3,1,0
16,336,0,1,0,2,3
16,337,1,1,2,0,0
16,338,0,3,0,1,1
16,339,0,0,2,1,1
16,340,1,0,0,1,2
16,341,2,1,1,1,0
16,342,0,0,1,1,2
16,343,0,1,2,1,0
16,344,0,1,0,1,2
16,345,0,1,1,3,0
16,346,0,1,1,0,2
16,347,1,3,2,1,0
16,348,0,0,0,1,1
16,349,2,1,0,3,2
16,350,0,1,0,0,0
16,351,1,1,0,1,0
16,352,2,0,1,0,2
16,353,0,1,2,1,0
16,354,0,3,0,1,3
16,355,2,0,1,1,0
16,356,0,0,1,2,3
16,357,2,2,2,0,0
16,358,0,0,0,1,3
16,359,1,2,2,1,0
16,360,3,0,0,1,3
16,361,0,3,2,2,0
16,362,3,0,0,0,2
16,363,0,1,3,1,0
16,364,3,1,0,0,3
16,365,0,1,0,1,0
16,366,2,0,0,1,0
16,367,0,0,2,1,2
16,368,0,1,0,2,0
16,369,3,2,0,0,2
16,370,0,0,0,1,0
16,371,0,2,0,1,0
16,372,0,0,1,1,2
16,373,0,1,2,0,0
16,374,3,1,0,0,2
16,375,0,2,1,2,0
16,376,0,0,0,0,2
16,377,2,1,1,1,0
16,378,0,0,3,2,0
16,379,1,1,0,0,1
16,380,1,2,0,0,2
16,381,2,0,0,2,0
16,382,0,0,2,0,2
16,383,1,1,0,3,0
16,384,2,1,2,0,2
16,385,0,1,0,1,0
16,386,0,0,0,3,2
16,387,3,0,0,0,0
16,388,0,1,1,1,2
16,389,2,0,0,1,0
16,390,0,0,0,1,2
16,391,2,1,3,3,0
16,392,0,0,0,0,2
16,393,2,3,2,2,0
16,394,0,0,0,0,2
16,395,0,0,3,0,0
16,396,0,0,0,2,1
16,397,1,0,3,0,3
16,398,3,0,0,0,0
16,399,0,3,3,1,2
16,400,0,0,0,1,0
16,401,1,2,1,1,2
16,402,0,0,1,1,0
16,403,2,1,3,2,2
16,404,0,0,0,0,0
16,405,1,3,1,3,2
16,406,1,0,0,0,0
16,407,1,3,3,1,2
16,408,0,0,0,3,0
16,409,3,2,3,0,1
16,410,0,0,0,3,3
16,411,2,2,3,0,0
16,412,0,0,0,3,1
16,413,2,0,2,0,1
16,414,0,3,0,2,2
16,415,2,0,3,0,0
16,416,0,1,0,3,3
16,417,2,3,3,0,0
16,418,0,0,0,1,1
16,419,2,1,2,1,2
16,420,0,0,0,2,0
16,421,1,1,1,0,2
16,422,3,1,2,1,0
16,423,0,1,0,1,2
16,424,0,0,0,1,0
16,425,1,1,0,1,2
16,426,1,0,2,0,0
16,427,3,1,0,0,3
16,428,0,1,3,1,0
16,429,2,1,0,1,2
16,430,0,0,2,1,0
16,431,2,1,0,3,2
16,432,0,1,2,0,0
16,433,3,1,0,1,1
16,434,0,3,2,2,1
16,435,0,0,0,0,2
16,436,3,3,2,0,0
16,437,0,0,0,2,2
16,438,1,1,1,0,0
16,439,0,1,3,1,1
16,440,2,3,0,3,1
16,441,0,0,2,0,1
16,442,1,3,0,2,3
16,443,1,0,2,0,0
16,444,2,2,0,2,0
16,445,0,0,1,0,2
16,446,1,0,2,1,0
16,447,2,0,0,3,1
16,448,0,1,3,0,1
16,449,0,3,0,1,1
16,450,1,0,0,2,1
16,451,2,0,2,0,0
16,452,0,0,0,2,3
16,453,2,0,0,0,0
16,454,0,0,2,1,3
16,455,0,0,0,1,0
16,456,0,0,3,1,3
16,457,0,0,0,1,0
16,458,0,1,3,2,1
16,459,2,1,0,0,0
16,460,0,1,1,1,2
16,461,0,1,3,0,0
16,462,1,1,0,3,1
16,463,2,1,1,0,1
16,464,0,0,2,3,1
16,465,1,0,0,0,1
16,466,3,0,2,1,1
16,467,0,3,0,1,3
16,468,3,0,2,1,0
16,469,0,0,0,1,1
16,470,0,0,2,1,1
16,471,0,0,0,1,1
16,472,0,1,1,1,0
16,473,0,0,3,3,2
16,474,0,0,0,0,0
16,475,0,0,3,0,1
16,476,2,0,0,0,1
16,477,0,2,2,1,3
16,478,1,0,0,1,0
16,479,2,1,1,0,1
16,480,0,0,2,0,2
16,481,1,1,0,2,0
16,482,1,1,2,0,3
16,483,1,1,0,2,0
16,484,1,1,1,0,1
16,485,0,2,2,0,1
16,486,2,0,0,1,2
16,487,0,0,1,1,0
16,488,2,2,2,1,1
16,489,0,0,0,3,2
16,490,3,1,2,0,0
16,491,0,0,0,1,1
16,492,0,0,0,2,1
16,493,1,0,0,0,3
16,494,0,1,2,1,0
16,495,0,1,0,3,0
16,496,1,2,3,0,1
16,497,1,0,0,1,2
16,498,3,0,2,1,0
16,499,0,0,0,1,1
16,500,3,1,2,1,2
16,501,0,3,0,1,0
16,502,2,0,0,1,2
16,503,0,0,1,1,0
16,504,3,1,0,3,1
16,505,0,0,2,0,0
16,506,1,1,0,1,2
16,507,0,2,3,1,0
16,508,0,0,0,0,1
16,509,2,0,2,3,1
16,510,0,0,0,0,0
16,511,0,0,2,2,1
16,512,1,2,0,0,0
16,513,1,0,3,2,2
16,514,0,3,0,0,0
16,515,0,0,2,1,0
16,516,0,0,0,1,1
16,517,0,1,0,1,1
16,518,0,3,2,1,0
16,519,0,0,0,1,1
16,520,0,2,0,1,1
16,521,0,0,0,0,0
16,522,0,1,2,1,0
16,523,3,1,0,1,0
16,524,0,2,1,1,0
16,525,0,0,2,1,1
16,526,2,1,0,1,0
16,527,0,0,3,1,1
16,528,0,2,0,3,0
16,529,2,0,1,0,3
16,530,0,3,3,2,0
16,531,1,0,0,0,0
16,532,0,2,2,1,1
16,533,1,0,0,1,0
16,534,1,2,2,1,3
16,535,2,0,0,0,0
16,536,0,2,3,1,0
16,537,2,0,0,3,3
16,538,0,3,0,0,0
16,539,1,0,3,1,3
16,540,2,2,0,0,0
16,541,0,0,1,1,0
16,542,0,1,1,1,2
16,543,2,1,1,1,0
16,544,0,1,2,2,3
16,545,0,2,0,0,0
16,546,1,0,2,1,2
16,547,2,1,0,0,0
16,548,0,3,2,1,2
16,549,1,0,0,0,0
16,550,2,1,2,1,2
16,551,0,0,0,1,0
16,552,2,0,2,1,2
16,553,0,0,0,1,0
16,554,0,3,2,1,2
16,555,0,0,0,1,0
16,556,3,3,0,2,2
16,557,0,0,2,0,0
16,558,0,3,0,0,0
16,559,0,0,3,3,2
16,560,0,0,0,0,0
16,561,1,2,1,3,2
16,562,0,0,2,0,0
16,563,2,1,0,0,2
16,564,0,1,2,0,0
16,565,0,1,0,1,0
16,566,1,1,2,2,2
16,567,3,1,0,0,0
16,568,0,1,3,0,2
16,569,1,1,0,1,0
16,570,0,1,0,1,0
16,571,2,2,2,2,2
16,572,0,0,0,0,0
16,573,2,3,3,1,3
16,574,0,0,0,1,0
16,575,2,2,2,3,0
16,576,0,0,0,0,3
16,577,1,0,2,1,0
16,578,3,1,0,1,1
16,579,0,1,3,3,3
16,580,2,1,0,0,0
16,581,0,1,3,1,2
16,582,2,1,0,2,0
16,583,0,1,1,0,2
16,584,2,1,3,1,0
16,585,0,3,0,1,2
16,586,2,0,1,1,0
16,587,0,0,0,0,1
16,588,1,3,2,1,2
16,589,1,0,0,0,0
16,590,3,0,2,3,1
16,591,0,0,0,0,2
16,592,1,1,1,0,0
16,593,3,3,2,0,3
16,594,0,0,0,1,0
16,595,2,1,2,1,2
16,596,0,1,0,0,0
16,597,0,3,2,1,3
16,598,1,0,0,3,0
16,599,3,1,2,0,2
16,600,0,3,0,1,0
16,601,3,0,0,3,2
16,602,0,1,2,0,0
16,603,3,1,0,3,2
16,604,0,0,2,0,0
16,605,3,3,0,1,0
16,606,0,0,2,1,1
16,607,3,1,0,0,2
16,608,0,2,2,3,0
16,609,2,0,0,0,0
16,610,0,2,2,3,2
16,611,1,0,0,0,0
16,612,0,0,1,2,3
16,613,2,0,3,0,0
16,614,0,0,0,3,3
16,615,2,0,2,0,0
16,616,0,3,0,3,3
16,617,2,0,1,0,0
16,618,0,1,3,1,2
16,619,1,1,0,1,0
16,620,0,1,2,0,3
16,621,0,3,0,1,0
16,622,1,0,0,1,1
16,623,2,3,2,2,2
16,624,0,0,0,0,0
16,625,2,3,2,3,1
16,626,0,0,0,0,1
16,627,0,1,0,3,2
16,628,3,2,1,0,0
16,629,0,0,1,3,2
16,630,0,3,1,0,0
16,631,1,0,3,3,1
16,632,0,3,0,0,2
16,633,1,0,2,1,0
16,634,3,2,0,0,0
16,635,0,0,2,0,3
16,636,3,3,0,2,0
16,637,0,0,3,0,0
16,638,3,1,0,3,2
16,639,0,2,3,0,0
16,640,1,0,0,0,2
16,641,0,1,0,0,0
16,642,0,1,3,0,2
16,643,1,2,0,1,0
16,644,1,0,2,0,2
16,645,2,2,0,1,0
16,646,0,0,2,1,2
16,647,0,2,0,2,0
16,648,0,0,2,0,0
16,649,0,1,0,1,1
16,650,2,1,2,1,0
16,651,0,0,0,1,1
16,652,2,1,2,1,2
16,653,0,3,0,2,0
16,654,2,0,3,0,1
16,655,0,3,0,1,1
16,656,3,0,2,0,0
16,657,0,3,0,0,1
16,658,2,0,2,2,0
16,659,0,0,0,0,3
16,660,2,3,2,1,0
16,661,0,0,0,2,1
16,662,1,0,2,0,3
16,663,0,1,0,3,0
16,664,1,2,2,0,1
16,665,1,0,0,3,2
16,666,1,0,2,0,0
16,667,1,3,0,1,3
16,668,1,0,2,3,0
16,669,3,2,0,0,2
16,670,0,0,2,3,0
16,671,1,1,0,0,2
16,672,0,0,2,2,0
16,673,2,3,0,0,0
16,674,0,0,2,2,0
16,675,3,3,0,0,2
16,676,0,0,0,3,0
16,677,2,3,3,0,2
16,678,0,0,0,3,0
16,679,0,2,2,0,2
16,680,0,0,0,0,0
16,681,0,3,2,3,0
16,682,0,0,0,0,0
16,683,0,2,2,3,2
16,684,2,0,0,0,0
16,685,0,3,2,3,0
16,686,1,0,0,0,0
16,687,1,2,2,3,2
16,688,1,0,0,0,0
16,689,0,3,2,2,1
16,690,1,0,0,0,0
16,691,1,3,1,3,2
16,692,0,0,0,0,0
16,693,1,2,2,3,1
16,694,1,0,0,0,1
16,695,1,2,2,3,0
16,696,2,0,0,0,3
16,697,0,2,2,3,0
16,698,2,0,0,0,1
16,699,0,2,2,2,1
16,700,0,0,0,0,1
16,701,0,2,1,2,3
16,702,1,0,1,0,0
16,703,2,0,3,0,0
16,704,0,2,0,3,0
16,705,2,0,1,0,1
16,706,0,2,2,2,1
16,707,1,0,0,0,2
16,708,0,2,2,2,0
16,709,3,0,0,0,2
16,710,0,0,2,1,0
16,711,1,1,0,3,0
16,712,0,3,2,0,3
16,713,0,0,0,3,0
16,714,2,2,2,0,0
16,715,0,0,0,0,1
16,716,1,3,3,3,1
16,717,2,0,0,0,1
16,718,0,1,2,3,1
16,719,1,3,0,0,2
16,720,0,0,2,1,0
16,721,3,3,0,0,1
16,722,0,0,2,3,1
16,723,3,3,0,0,0
16,724,0,0,2,3,0
16,725,2,1,0,0,1
16,726,0,3,2,3,0
16,727,0,0,0,0,1
16,728,2,3,1,1,2
16,729,0,0,2,1,0
16,730,2,3,0,1,0
16,731,0,0,2,3,3
16,732,3,3,0,0,0
16,733,0,0,2,3,0
16,734,2,0,0,0,1
16,735,0,0,3,0,1
16,736,1,0,0,3,1
16,737,1,2,2,0,2
16,738,2,0,0,3,0
16,739,0,3,2,0,1
16,740,2,0,0,3,1
16,741,0,0,0,0,1
16,742,3,3,2,2,0
16,743,0,0,0,0,1
16,744,2,2,2,3,1
16,745,0,0,0,0,1
16,746,3,1,2,3,1
16,747,0,3,0,0,1
16,748,2,0,2,3,1
16,749,0,3,0,0,0
16,750,2,0,2,2,3
16,751,0,1,0,0,0
16,752,2,0,1,1,2
16,753,0,3,0,2,0
16,754,1,0,2,0,1
16,755,2,2,0,2,1
16,756,0,0,0,0,0
16,757,3,1,3,3,1
16,758,0,3,0,0,1
16,759,3,0,2,3,1
16,760,0,2,0,0,2
16,761,1,0,2,3,0
16,762,0,1,0,0,1
16,763,3,2,3,1,0
16,764,0,0,0,3,0
16,765,3,2,2,0,0
16,766,0,0,0,0,2
16,767,0,0,2,3,0
16,768,3,3,0,0,0
16,769,0,0,2,3,0
16,770,3,3,0,0,2
16,771,0,0,2,3,0
16,772,3,3,0,0,1
16,773,0,0,2,3,1
16,774,3,0,0,0,0
16,775,0,2,0,3,0
16,776,2,0,1,0,0
16,777,0,3,3,0,3
16,778,3,0,0,3,0
16,779,0,3,0,0,1
16,780,0,0,2,3,3
16,781,1,2,0,0,0
16,782,0,0,2,0,3
16,783,3,2,0,0,0
16,784,0,0,2,0,0
16,785,2,2,0,3,1
16,786,0,0,0,0,1
16,787,1,3,1,0,1
16,788,1,0,2,0,1
16,789,1,2,0,0,1
16,790,1,0,0,1,1
16,791,2,2,0,1,0
16,792,0,0,2,2,2
16,793,1,2,0,0,0
16,794,3,0,2,3,0
16,795,0,2,0,0,0
16,796,2,0,2,2,0
16,797,0,1,0,0,0
16,798,1,2,2,3,1
16,799,3,0,0,0,0
16,800,0,0,2,3,0
16,801,0,1,0,0,3
16,802,1,2,2,0,0
16,803,1,0,0,1,0
16,804,1,2,0,0,3
16,805,1,0,2,3,0
16,806,1,1,0,0,1
16,807,1,2,2,2,1
16,808,0,0,0,0,0
16,809,1,1,3,3,0
16,810,2,2,0,0,2
16,811,0,0,2,2,0
16,812,3,2,0,0,1
16,813,0,0,2,3,1
16,814,2,3,0,0,0
16,815,0,0,3,1,0
16,816,1,1,0,3,1
16,817,3,3,2,0,3
16,818,0,0,0,3,0
16,819,2,3,2,0,1
16,820,0,0,0,3,1
16,821,2,2,1,0,1
16,822,0,0,2,1,1
16,823,2,1,0,3,1
16,824,0,1,3,0,0
16,825,3,0,0,3,0
16,826,0,3,0,0,2
16,827,2,0,2,2,0
16,828,0,1,0,0,3
16,829,1,3,2,3,0
16,830,0,0,0,0,2
16,831,0,3,1,3,0
16,832,1,0,2,0,0
16,833,1,3,0,3,0
16,834,1,0,1,0,2
16,835,0,3,2,1,0
16,836,3,0,0,0,0
16,837,0,0,1,3,1
16,838,2,3,3,0,1
16,839,0,0,0,3,1
16,840,0,1,3,0,2
16,841,2,3,0,3,0
16,842,0,0,2,0,2
16,843,2,3,0,3,0
16,844,0,0,1,0,0
16,845,3,3,2,3,2
16,846,0,0,0,0,0
16,847,3,3,2,3,3
16,848,0,0,0,0,0
16,849,0,3,1,3,2
16,850,3,0,2,0,0
16,851,0,3,0,2,2
16,852,3,0,0,0,0
16,853,0,3,3,2,0
16,854,1,0,0,0,3
16,855,1,2,2,0,0
16,856,3,0,0,3,1
16,857,0,2,0,0,2
16,858,3,0,1,3,0
16,859,0,0,0,0,1
16,860,0,1,2,0,1
16,861,3,1,0,0,2
16,862,0,1,3,3,0
16,863,3,3,0,0,1
16,864,0,0,3,3,2
16,865,2,0,0,0,0
16,866,0,0,0,3,0
16,867,2,1,2,0,1
16,868,0,1,0,3,0
16,869,2,3,2,0,3
16,870,0,0,0,3,0
16,871,0,1,2,0,0
16,872,2,0,0,1,2
16,873,0,3,1,2,0
16,874,2,0,1,0,2
16,875,0,3,2,3,0
16,876,2,0,0,0,1
16,877,0,3,0,0,3
16,878,2,0,2,3,0
16,879,0,3,0,0,2
16,880,1,0,2,3,0
16,881,1,3,0,0,1
16,882,2,0,2,3,2
16,883,0,3,0,0,0
16,884,2,0,3,3,2
16,885,0,2,0,0,0
16,886,2,0,3,3,2
16,887,0,2,0,0,0
16,888,2,0,1,2,2
16,889,0,3,3,0,0
16,890,3,0,0,3,2
16,891,0,3,2,0,0
16,892,3,0,0,1,2
16,893,0,2,2,0,0
16,894,3,0,0,0,0
16,895,0,0,2,0,2
16,896,3,3,0,3,0
16,897,0,0,2,0,2
16,898,3,2,0,3,0
16,899,0,0,2,0,0
16,900,2,3,0,3,2
16,901,0,0,0,0,0
16,902,2,2,2,3,2
16,903,0,0,0,0,0
16,904,2,2,1,3,1
16,905,0,0,2,0,3
16,906,2,1,0,3,0
16,907,0,1,3,0,0
16,908,1,1,0,0,3
16,909,0,0,2,3,0
16,910,2,1,0,0,3
16,911,0,1,2,2,0
16,912,1,1,0,0,2
16,913,3,1,2,3,0
16,914,0,0,0,0,0
16,915,2,0,3,3,3
16,916,0,2,0,0,0
16,917,2,0,2,2,2
16,918,0,1,0,0,0
16,919,2,3,3,1,2
16,920,0,0,0,0,0
16,921,2,2,2,3,1
16,922,0,0,0,0,2
16,923,2,3,0,2,0
16,924,0,0,2,0,2
16,925,1,1,0,0,0
16,926,0,1,3,2,2
16,927,2,0,0,0,0
16,928,0,3,2,3,0
16,929,1,0,0,0,1
16,930,2,0,3,1,2
16,931,0,0,0,3,0
16,932,2,0,2,0,2
16,933,0,0,0,3,0
16,934,3,1,2,0,2
16,935,0,1,0,2,0
16,936,3,2,2,0,3
16,937,0,0,0,3,0
16,938,2,0,1,0,2
16,939,0,1,3,1,0
16,940,3,3,0,2,2
16,941,0,0,2,0,0
16,942,2,1,0,3,2
16,943,0,3,2,0,0
16,944,3,0,0,3,2
16,945,0,1,3,0,0
16,946,2,3,0,2,2
16,947,0,0,0,0,0
16,948,2,2,2,0,2
16,949,0,0,0,3,0
16,950,2,3,2,0,2
16,951,0,0,0,3,0
16,952,2,3,2,0,2
16,953,0,0,0,1,0
16,954,2,0,2,3,3
16,955,0,0,0,0,0
16,956,2,0,0,0,0
16,957,0,2,2,1,1
16,958,1,0,0,3,3
16,959,0,0,2,0,0
16,960,3,0,0,3,0
16,961,0,0,1,0,2
16,962,0,0,2,0,0
16,963,3,3,0,0,2
16,964,0,0,2,3,0
16,965,1,0,0,0,2
16,966,0,1,2,3,0
16,967,0,1,0,0,0
16,968,2,0,2,3,2
16,969,0,0,0,0,0
16,970,3,1,1,2,2
16,971,0,0,2,0,0
16,972,1,2,0,0,2
16,973,1,0,2,3,0
16,974,3,3,0,0,2
16,975,0,0,0,3,0
16,976,1,1,1,0,0
16,977,2,2,1,2,2
16,978,0,0,2,0,0
16,979,1,0,0,0,1
16,980,1,2,0,3,2
16,981,1,0,2,0,0
16,982,3,0,0,3,2
16,983,0,0,2,0,0
16,984,1,3,0,3,2
16,985,0,0,2,0,0
16,986,2,3,0,3,3
16,987,0,0,2,0,0
16,988,0,3,0,3,3
16,989,1,0,2,0,0
16,990,1,3,0,1,1
16,991,1,0,2,3,2
16,992,1,0,0,0,0
16,993,2,3,2,3,1
16,994,0,0,0,0,3
16,995,2,2,3,3,0
16,996,0,0,0,0,0
16,997,1,3,2,1,3
16,998,0,0,0,2,0
16,999,1,2,2,0,3
17,0,3,2,3,3,3
17,1,0,0,0,0,0
17,2,3,0,3,3,0
17,3,0,2,0,0,3
17,4,3,0,0,2,0
17,5,0,2,2,0,1
17,6,1,0,0,0,1
17,7,0,1,1,3,0
17,8,0,1,0,0,3
17,9,1,1,2,3,0
17,10,0,1,0,0,2
17,11,2,1,2,3,0
17,12,0,1,0,0,3
17,13,3,1,1,3,0
17,14,0,0,2,0,1
17,15,3,1,0,3,2
17,16,0,1,3,0,0
17,17,3,2,0,3,1
17,18,0,0,1,0,3
17,19,3,1,0,3,0
17,20,0,3,2,0,0
17,21,3,0,0,3,2
17,22,0,0,3,0,0
17,23,0,1,0,3,2
17,24,3,1,2,0,0
17,25,0,0,0,0,2
17,26,1,2,3,3,0
17,27,0,0,0,0,2
17,28,3,3,3,3,0
17,29,0,0,0,0,3
17,30,3,2,1,3,0
17,31,0,0,0,0,2
17,32,1,1,0,2,0
17,33,0,0,2,0,2
17,34,3,1,0,1,0
17,35,0,0,2,3,2
17,36,3,0,0,0,0
17,37,0,1,1,0,2
17,38,1,1,3,3,0
17,39,0,0,0,0,3
17,40,3,0,1,0,0
17,41,0,3,2,0,3
17,42,3,0,0,0,0
17,43,0,1,0,3,0
17,44,0,1,2,0,0
17,45,3,2,0,1,3
17,46,0,0,3,2,0
17,47,3,0,0,0,2
17,48,0,1,0,2,0
17,49,1,2,2,0,2
17,50,2,0,0,1,0
17,51,0,2,0,2,0
17,52,3,0,0,0,0
17,53,0,2,3,2,2
17,54,0,0,0,0,0
17,55,3,1,0,3,2
17,56,0,3,3,0,0
17,57,2,0,0,1,1
17,58,0,3,2,1,3
17,59,3,0,0,0,0
17,60,0,1,0,2,2
17,61,3,1,1,0,0
17,62,0,1,0,2,2
17,63,3,2,1,0,0
17,64,0,0,3,2,3
17,65,3,1,0,0,0
17,66,0,1,2,1,2
17,67,3,3,0,2,0
17,68,0,0,2,0,2
17,69,3,1,0,1,0
17,70,0,2,1,1,3
17,71,3,0,1,2,0
17,72,0,0,3,0,2
17,73,3,1,0,1,0
17,74,0,1,2,3,3
17,75,3,0,0,0,0
17,76,0,3,2,1,3
17,77,3,0,0,3,0
17,78,0,1,2,0,3
17,79,2,2,0,2,0
17,80,0,0,1,0,0
17,81,3,0,2,0,2
17,82,0,1,0,3,0
17,83,2,1,2,0,0
17,84,0,0,0,3,0
17,85,3,3,2,0,3
17,86,0,0,0,2,0
17,87,3,2,2,0,3
17,88,0,0,0,2,0
17,89,0,1,2,0,2
17,90,0,1,0,2,0
17,91,0,3,2,0,3
17,92,2,0,0,0,0
17,93,0,1,2,0,2
17,94,3,0,0,0,0
17,95,0,0,2,0,0
17,96,2,2,0,2,0
17,97,0,0,3,0,3
17,98,2,1,0,2,0
17,99,0,3,2,0,3
17,100,3,0,0,1,0
17,101,0,2,3,0,2
17,102,3,0,0,2,0
17,103,0,0,0,0,2
17,104,2,3,2,0,0
17,105,0,0,0,2,2
17,106,2,0,1,0,0
17,107,0,1,2,0,2
17,108,0,3,0,2,0
17,109,3,0,2,0,2
17,110,0,1,0,1,0
17,111,1,3,2,2,1
17,112,2,0,0,0,1
17,113,0,3,3,3,3
17,114,3,0,0,0,0
17,115,0,3,0,0,2
17,116,2,0,3,1,0
17,117,0,2,0,1,2
17,118,0,0,0,0,0
17,119,3,2,0,0,2
17,120,0,0,0,0,0
17,121,0,2,0,3,1
17,122,3,0,0,0,3
17,123,0,1,1,1,0
17,124,3,0,0,1,2
17,125,0,3,3,0,0
17,126,3,0,0,2,2
17,127,0,2,1,0,0
17,128,3,0,0,2,0
17,129,0,0,2,0,2
17,130,3,3,0,0,0
17,131,0,0,3,2,2
17,132,0,3,0,0,0
17,133,3,0,3,3,2
17,134,0,2,0,0,0
17,135,3,0,2,0,2
17,136,0,2,0,3,0
17,137,3,0,2,0,3
17,138,0,3,0,3,0
17,139,3,0,3,0,0
17,140,0,3,0,3,1
17,141,1,0,0,0,2
17,142,3,3,2,3,0
17,143,0,0,0,0,0
17,144,2,3,3,1,3
17,145,0,0,0,0,0
17,146,3,3,1,3,2
17,147,0,0,3,0,0
17,148,3,0,0,3,2
17,149,0,0,1,0,0
17,150,0,2,1,3,2
17,151,3,0,1,0,0
17,152,0,1,1,3,3
17,153,3,2,0,0,0
17,154,0,0,2,3,2
17,155,3,0,0,0,0
17,156,0,2,2,3,3
17,157,0,0,0,0,0
17,158,1,3,1,3,2
17,159,2,0,2,0,0
17,160,0,2,0,0,2
17,161,3,0,3,3,0
17,162,0,2,0,0,2
17,163,3,0,0,1,0
17,164,0,1,0,3,1
17,165,2,0,0,0,0
17,166,0,2,1,2,3
17,167,3,0,0,0,0
17,168,0,2,0,3,2
17,169,1,0,1,0,0
17,170,3,0,3,1,2
17,171,0,1,0,2,0
17,172,3,1,2,0,0
17,173,0,3,0,2,2
17,174,3,0,0,0,0
17,175,0,1,2,3,2
17,176,3,0,0,0,0
17,177,0,3,0,2,2
17,178,3,0,3,0,0
17,179,0,1,0,3,2
17,180,3,3,1,0,0
17,181,0,0,0,1,2
17,182,1,1,3,2,0
17,183,0,3,0,0,3
17,184,2,0,2,2,0
17,185,0,1,0,0,3
17,186,3,3,2,3,0
17,187,0,0,0,0,2
17,188,3,0,2,0,0
17,189,0,3,0,2,1
17,190,1,0,1,0,0
17,191,3,3,1,1,2
17,192,0,0,1,1,0
17,193,3,1,2,0,0
17,194,0,3,0,1,3
17,195,1,0,0,3,0
17,196,3,3,3,0,1
17,197,0,0,0,3,3
17,198,1,3,0,0,0
17,199,1,0,3,0,3
17,200,1,1,0,3,0
17,201,0,3,2,0,3
17,202,0,0,0,0,0
17,203,1,3,1,0,1
17,204,1,0,3,0,1
17,205,2,3,0,0,2
17,206,0,0,2,2,0
17,207,0,1,0,0,1
17,208,1,2,2,1,0
17,209,1,0,0,3,3
17,210,1,2,3,0,0
17,211,1,0,0,3,2
17,212,1,3,3,0,0
17,213,1,0,0,1,3
17,214,1,3,3,2,0
17,215,1,0,0,0,2
17,216,1,3,2,3,0
17,217,1,0,0,0,0
17,218,2,3,2,0,2
17,219,0,0,0,0,0
17,220,1,2,2,3,2
17,221,3,0,0,0,0
17,222,0,0,2,1,3
17,223,2,3,0,0,0
17,224,0,0,1,3,2
17,225,3,1,0,0,0
17,226,0,2,3,3,3
17,227,2,0,0,0,0
17,228,0,3,3,3,2
17,229,3,0,0,0,0
17,230,0,3,1,3,0
17,231,1,0,2,0,2
17,232,2,1,0,1,0
17,233,0,3,3,0,2
17,234,2,0,0,2,0
17,235,0,2,3,0,0
17,236,2,0,0,3,1
17,237,0,3,3,0,1
17,238,3,0,0,2,3
17,239,0,3,0,0,0
17,240,2,0,3,2,3
17,241,0,2,0,0,0
17,242,2,0,2,3,3
17,243,0,3,0,0,0
17,244,3,0,3,1,0
17,245,0,2,0,0,3
17,246,3,0,3,3,0
17,247,0,3,0,0,0
17,248,3,0,3,1,1
17,249,0,2,0,2,3
17,250,3,0,2,0,0
17,251,0,2,0,1,0
17,252,3,0,0,1,1
17,253,0,1,1,1,2
17,254,3,1,3,0,0
17,255,0,3,0,1,2
17,256,2,0,3,0,0
17,257,0,1,0,0,3
17,258,0,1,3,3,0
17,259,3,3,0,0,1
17,260,0,0,3,0,2
17,261,2,3,0,1,0
17,262,0,0,3,0,2
17,263,2,3,0,2,0
17,264,0,0,3,0,2
17,265,1,3,0,1,0
17,266,0,0,0,3,2
17,267,2,1,3,0,0
17,268,0,0,0,2,2
17,269,1,3,3,0,0
17,270,0,0,0,3,2
17,271,2,3,1,0,0
17,272,0,0,2,0,3
17,273,3,3,0,2,0
17,274,0,0,0,0,3
17,275,2,1,3,3,0
17,276,0,0,0,0,3
17,277,2,1,3,3,0
17,278,0,2,0,0,3
17,279,2,0,3,3,0
17,280,0,0,0,0,1
17,281,2,1,1,1,3
17,282,0,0,3,1,0
17,283,0,3,0,3,3
17,284,3,0,3,0,0
17,285,0,0,0,3,2
17,286,2,3,3,0,0
17,287,0,0,0,1,1
17,288,1,3,1,3,3
17,289,3,0,3,0,0
17,290,0,1,0,3,3
17,291,2,3,3,0,0
17,292,0,0,0,3,2
17,293,3,1,3,0,0
17,294,0,1,0,3,0
17,295,3,3,3,0,0
17,296,0,0,0,0,3
17,297,0,3,3,1,0
17,298,3,0,0,0,3
17,299,0,3,3,1,0
17,300,2,0,0,0,1
17,301,0,3,3,0,3
17,302,3,0,0,1,0
17,303,0,3,3,0,0
17,304,0,0,0,3,2
17,305,1,1,3,0,0
17,306,1,2,0,3,2
17,307,1,0,3,0,0
17,308,1,1,0,3,2
17,309,2,1,3,0,0
17,310,0,3,0,2,1
17,311,2,0,3,0,3
17,312,0,3,0,2,0
17,313,3,0,0,0,3
17,314,0,3,2,2,0
17,315,2,0,0,0,1
17,316,0,3,3,1,1
17,317,0,0,0,2,0
17,318,3,3,3,0,3
17,319,0,0,0,0,0
17,320,2,3,3,3,2
17,321,0,0,0,0,0
17,322,1,3,1,3,3
17,323,3,0,3,0,0
17,324,0,3,0,3,1
17,325,2,0,1,0,3
17,326,0,0,3,0,0
17,327,1,2,0,0,3
17,328,1,0,3,2,0
17,329,2,2,0,0,3
17,330,0,0,3,2,0
17,331,2,1,0,0,2
17,332,0,1,3,2,0
17,333,3,0,0,0,3
17,334,0,0,3,2,0
17,335,2,2,0,0,3
17,336,0,0,3,2,0
17,337,2,3,0,0,1
17,338,0,0,1,2,2
17,339,3,3,3,0,0
17,340,0,0,0,3,0
17,341,2,2,0,0,3
17,342,0,0,0,2,0
17,343,1,3,3,0,3
17,344,1,0,0,1,0
17,345,0,3,3,1,2
17,346,3,0,0,0,0
17,347,0,0,3,3,1
17,348,0,3,0,0,3
17,349,2,0,2,3,0
17,350,0,3,0,0,2
17,351,1,0,0,0,0
17,352,2,3,0,3,3
17,353,0,0,1,0,0
17,354,2,2,1,2,3
17,355,0,0,0,0,0
17,356,2,3,0,3,3
17,357,0,0,2,0,0
17,358,2,0,0,2,3
17,359,0,1,2,0,0
17,360,0,3,0,3,0
17,361,1,0,0,0,3
17,362,1,3,3,3,0
17,363,1,0,0,0,3
17,364,3,3,0,1,0
17,365,0,0,0,1,3
17,366,2,3,0,0,0
17,367,0,0,2,1,2
17,368,0,3,0,3,0
17,369,2,0,2,0,2
17,370,0,3,0,0,0
17,371,1,0,2,0,2
17,372,1,0,0,3,0
17,373,3,2,3,0,3
17,374,0,0,0,1,0
17,375,0,3,3,0,2
17,376,0,0,0,2,0
17,377,2,3,1,0,3
17,378,0,0,1,2,0
17,379,1,3,3,0,1
17,380,0,0,0,1,3
17,381,0,2,2,1,0
17,382,3,0,0,0,3
17,383,0,3,2,3,0
17,384,0,0,0,0,3
17,385,1,3,2,0,0
17,386,1,0,0,0,2
17,387,1,3,2,3,0
17,388,0,0,0,0,0
17,389,1,3,0,3,1
17,390,0,0,2,0,3
17,391,1,0,0,0,0
17,392,1,3,0,3,3
17,393,1,0,3,0,0
17,394,3,0,0,0,2
17,395,0,2,3,0,0
17,396,0,0,0,1,3
17,397,1,3,3,0,0
17,398,1,0,0,3,3
17,399,1,3,1,0,0
17,400,2,0,3,2,3
17,401,0,0,0,0,0
17,402,1,2,1,1,2
17,403,0,0,0,2,0
17,404,1,2,0,0,1
17,405,1,0,2,0,3
17,406,3,2,0,3,0
17,407,0,0,2,0,3
17,408,3,0,0,1,0
17,409,0,2,0,3,3
17,410,0,0,0,0,0
17,411,2,2,0,3,2
17,412,0,0,3,0,0
17,413,3,0,0,2,3
17,414,0,3,1,0,0
17,415,0,0,3,2,0
17,416,1,0,0,0,0
17,417,1,3,1,3,1
17,418,1,0,0,0,1
17,419,1,1,3,2,3
17,420,0,0,0,0,0
17,421,1,3,3,3,2
17,422,2,0,0,0,0
17,423,0,2,1,2,2
17,424,0,0,1,0,0
17,425,1,3,3,1,2
17,426,0,0,0,1,0
17,427,1,1,3,1,3
17,428,0,3,0,1,0
17,429,1,0,3,1,3
17,430,3,0,0,1,0
17,431,0,1,3,0,0
17,432,0,3,0,3,2
17,433,1,0,1,0,0
17,434,3,1,3,0,2
17,435,0,1,0,1,0
17,436,3,3,0,2,3
17,437,0,0,3,0,0
17,438,0,1,0,2,0
17,439,1,3,1,0,2
17,440,2,0,2,1,0
17,441,0,0,0,2,3
17,442,0,2,1,0,0
17,443,3,0,0,2,3
17,444,0,2,2,0,0
17,445,0,0,0,1,2
17,446,1,3,3,0,0
17,447,1,0,0,0,1
17,448,1,3,0,1,3
17,449,0,0,0,2,0
17,450,3,2,1,0,0
17,451,0,0,0,2,2
17,452,1,2,0,0,0
17,453,0,0,3,1,3
17,454,1,2,0,1,0
17,455,2,0,1,2,3
17,456,0,3,1,0,0
17,457,0,0,3,1,3
17,458,0,2,0,3,0
17,459,2,0,2,0,1
17,460,0,3,0,1,3
17,461,1,0,2,2,0
17,462,1,3,0,0,3
17,463,2,0,1,0,0
17,464,0,1,0,3,1
17,465,2,3,1,0,3
17,466,0,0,3,1,0
17,467,2,2,0,0,3
17,468,0,0,2,1,0
17,469,0,2,0,0,3
17,470,2,0,0,0,0
17,471,0,1,0,1,0
17,472,1,0,2,1,3
17,473,2,0,0,3,0
17,474,0,1,2,0,3
17,475,0,1,0,1,0
17,476,2,0,1,2,3
17,477,0,0,2,0,0
17,478,1,3,0,0,2
17,479,1,0,2,1,0
17,480,1,1,0,0,3
17,481,3,0,2,2,0
17,482,0,1,0,0,0
17,483,1,1,1,1,3
17,484,1,2,0,2,0
17,485,1,0,1,0,3
17,486,3,2,3,1,0
17,487,0,0,0,2,3
17,488,0,2,2,0,0
17,489,0,0,0,2,3
17,490,2,2,2,0,0
17,491,0,0,0,1,0
17,492,3,3,1,3,3
17,493,0,0,3,0,0
17,494,0,2,0,2,2
17,495,2,0,2,0,0
17,496,0,0,0,0,3
17,497,1,1,1,0,0
17,498,1,2,2,1,3
17,499,1,0,0,1,0
17,500,3,3,3,1,3
17,501,0,0,0,0,0
17,502,0,3,2,1,1
17,503,1,0,0,2,3
17,504,0,1,0,0,0
17,505,0,0,2,2,3
17,506,1,3,0,0,0
17,507,3,0,2,1,1
17,508,0,0,0,1,3
17,509,1,2,3,0,0
17,510,1,0,0,1,1
17,511,1,3,2,2,3
17,512,0,0,0,0,0
17,513,0,2,2,3,3
17,514,3,0,0,0,0
17,515,0,3,2,2,3
17,516,3,0,0,0,0
17,517,0,2,3,1,3
17,518,3,0,0,1,0
17,519,0,0,2,1,3
17,520,3,0,0,1,0
17,521,0,0,1,3,3
17,522,0,2,0,0,0
17,523,2,0,1,2,2
17,524,0,2,0,0,0
17,525,0,0,0,3,1
17,526,0,1,2,0,3
17,527,2,2,0,3,0
17,528,0,0,1,0,3
17,529,0,1,0,3,0
17,530,2,2,0,0,2
17,531,0,0,2,1,0
17,532,2,3,0,1,2
17,533,0,0,3,3,0
17,534,2,2,0,0,1
17,535,0,0,2,3,3
17,536,2,3,0,0,0
17,537,0,0,1,1,3
17,538,1,2,1,1,0
17,539,1,0,2,1,3
17,540,1,2,0,2,0
17,541,0,0,1,0,1
17,542,1,0,0,2,3
17,543,0,3,2,0,0
17,544,1,0,0,2,3
17,545,1,3,3,0,0
17,546,3,0,0,3,0
17,547,0,1,2,0,2
17,548,0,0,0,1,0
17,549,1,3,2,2,3
17,550,2,0,0,0,0
17,551,0,1,3,2,2
17,552,1,0,0,0,0
17,553,1,0,3,1,3
17,554,1,0,0,0,0
17,555,3,0,0,3,0
17,556,0,0,2,0,3
17,557,1,1,0,3,0
17,558,1,3,2,0,3
17,559,1,0,0,2,0
17,560,0,0,1,0,1
17,561,3,2,3,2,3
17,562,0,0,0,0,0
17,563,3,0,2,2,3
17,564,0,0,0,0,0
17,565,3,0,2,2,2
17,566,0,0,0,0,0
17,567,1,2,3,1,1
17,568,1,0,0,1,2
17,569,2,0,3,2,0
17,570,0,1,0,0,3
17,571,0,2,1,2,0
17,572,2,0,2,0,2
17,573,0,2,0,2,0
17,574,2,0,2,0,1
17,575,0,0,0,3,1
17,576,0,0,3,0,3
17,577,0,1,0,3,0
17,578,2,3,0,0,0
17,579,0,0,3,3,1
17,580,1,1,0,0,3
17,581,3,1,1,3,0
17,582,0,1,0,0,1
17,583,0,1,1,1,2
17,584,0,3,1,3,0
17,585,3,0,3,0,3
17,586,0,1,0,3,0
17,587,1,0,1,0,2
17,588,1,2,3,1,0
17,589,2,0,0,3,3
17,590,0,0,0,0,0
17,591,1,2,0,1,0
17,592,1,0,0,3,3
17,593,3,2,0,0,0
17,594,0,0,1,3,3
17,595,1,0,2,0,0
17,596,0,1,0,3,2
17,597,3,1,0,0,0
17,598,0,0,0,2,1
17,599,3,1,2,0,2
17,600,0,0,0,2,0
17,601,3,0,2,0,3
17,602,0,0,0,2,0
17,603,3,0,2,0,1
17,604,0,0,0,1,0
17,605,3,2,0,0,3
17,606,0,0,0,3,0
17,607,3,3,3,0,0
17,608,0,0,0,1,3
17,609,3,0,3,1,0
17,610,0,0,0,1,2
17,611,3,3,3,1,0
17,612,0,0,0,0,3
17,613,3,2,0,3,0
17,614,0,0,0,0,3
17,615,3,0,0,0,0
17,616,0,0,3,0,3
17,617,1,3,0,3,0
17,618,0,0,1,0,1
17,619,3,3,3,2,2
17,620,0,0,0,0,0
17,621,0,2,2,3,1
17,622,0,0,0,0,3
17,623,1,0,1,0,0
17,624,1,0,3,3,1
17,625,0,0,0,0,3
17,626,3,3,0,1,0
17,627,0,0,1,1,2
17,628,1,2,2,2,0
17,629,2,0,0,0,3
17,630,0,1,1,3,0
17,631,1,3,2,0,3
17,632,3,0,0,3,0
17,633,0,1,2,0,2
17,634,2,0,0,3,0
17,635,0,1,1,0,1
17,636,2,1,1,2,3
17,637,0,0,2,0,0
17,638,2,1,0,3,3
17,639,0,3,3,0,0
17,640,2,0,0,3,3
17,641,0,0,1,0,0
17,642,1,3,0,2,3
17,643,1,0,0,0,0
17,644,3,1,1,2,0
17,645,0,1,1,0,3
17,646,1,0,1,3,0
17,647,0,3,3,0,1
17,648,1,0,0,1,3
17,649,0,1,2,3,0
17,650,1,0,0,0,3
17,651,1,1,3,2,0
17,652,1,3,0,0,3
17,653,2,0,0,3,0
17,654,0,1,0,0,3
17,655,3,2,2,3,0
17,656,0,0,0,0,3
17,657,3,1,2,3,0
17,658,0,0,0,0,3
17,659,1,1,2,3,0
17,660,2,0,0,0,3
17,661,0,2,3,3,0
17,662,1,0,0,0,3
17,663,1,1,0,1,0
17,664,2,1,2,2,3
17,665,0,3,0,0,0
17,666,1,0,0,0,3
17,667,0,2,3,3,0
17,668,3,0,0,0,3
17,669,0,2,3,0,0
17,670,0,0,0,3,3
17,671,3,1,2,0,0
17,672,0,2,0,1,3
17,673,1,0,2,1,0
17,674,3,3,0,3,3
17,675,0,0,3,0,0
17,676,3,1,0,3,3
17,677,0,3,3,0,0
17,678,2,0,0,1,3
17,679,0,2,3,3,0
17,680,1,0,0,0,3
17,681,1,0,2,3,0
17,682,1,0,0,0,3
17,683,1,3,2,3,0
17,684,3,0,0,0,3
17,685,0,3,2,3,0
17,686,3,0,0,0,3
17,687,0,3,2,3,0
17,688,0,0,0,0,3
17,689,1,1,2,1,0
17,690,1,0,0,3,3
17,691,1,1,0,0,0
17,692,2,1,3,3,0
17,693,0,3,0,0,2
17,694,2,0,0,2,0
17,695,0,3,2,0,2
17,696,2,0,0,3,0
17,697,0,1,2,0,1
17,698,2,0,0,2,3
17,699,0,3,1,0,0
17,700,0,0,3,2,3
17,701,1,1,0,0,0
17,702,0,1,2,2,2
17,703,1,0,0,0,0
17,704,0,1,0,3,3
17,705,1,2,0,0,0
17,706,1,0,0,2,3
17,707,3,0,3,0,0
17,708,0,3,0,3,1
17,709,3,0,0,0,3
17,710,0,2,0,3,0
17,711,1,0,0,0,0
17,712,1,2,2,3,3
17,713,1,0,0,0,0
17,714,3,1,3,3,3
17,715,0,3,0,0,0
17,716,1,0,3,2,2
17,717,1,1,0,0,0
17,718,1,1,2,3,2
17,719,1,1,0,0,0
17,720,2,1,2,1,1
17,721,0,1,0,3,3
17,722,2,3,0,0,0
17,723,0,0,0,3,1
17,724,2,1,2,0,3
17,725,0,2,0,2,0
17,726,0,0,1,0,3
17,727,0,1,3,3,0
17,728,1,3,0,0,3
17,729,0,0,3,1,0
17,730,2,1,0,1,1
17,731,0,3,0,3,3
17,732,1,0,2,0,0
17,733,3,1,0,3,1
17,734,0,1,2,0,3
17,735,2,0,0,3,0
17,736,0,1,2,0,3
17,737,1,3,0,1,0
17,738,2,0,2,3,3
17,739,0,3,0,0,0
17,740,0,0,2,2,1
17,741,2,0,0,0,0
17,742,0,0,0,0,1
17,743,1,1,2,1,3
17,744,1,2,0,1,0
17,745,1,0,2,1,0
17,746,2,0,0,2,0
17,747,0,1,2,0,2
17,748,1,0,0,1,0
17,749,3,1,2,1,3
17,750,0,0,0,3,0
17,751,0,3,2,0,0
17,752,1,0,0,0,0
17,753,2,1,2,2,3
17,754,0,1,0,0,0
17,755,2,0,1,1,0
17,756,0,0,0,3,1
17,757,1,1,2,0,2
17,758,2,0,0,3,0
17,759,0,2,1,0,0
17,760,1,0,3,3,3
17,761,1,2,0,0,0
17,762,0,0,2,3,1
17,763,2,1,0,0,3
17,764,0,0,2,1,0
17,765,1,1,0,2,3
17,766,2,0,2,0,0
17,767,0,2,0,3,3
17,768,2,0,1,0,0
17,769,0,0,3,3,3
17,770,2,1,0,0,0
17,771,0,1,2,3,3
17,772,2,1,0,0,0
17,773,0,0,2,3,2
17,774,1,2,0,0,0
17,775,2,0,2,0,3
17,776,0,2,0,2,0
17,777,1,0,1,0,0
17,778,1,3,3,3,0
17,779,2,0,0,0,3
17,780,0,2,2,3,0
17,781,3,0,0,0,3
17,782,0,1,0,3,0
17,783,2,0,0,0,3
17,784,0,1,0,0,0
17,785,1,0,2,1,3
17,786,1,3,0,0,0
17,787,3,0,2,3,0
17,788,0,3,0,0,3
17,789,2,0,3,0,0
17,790,0,0,0,2,3
17,791,1,0,3,0,0
17,792,2,3,0,1,1
17,793,0,0,3,0,3
17,794,1,0,0,0,0
17,795,3,1,2,3,2
17,796,0,3,0,0,0
17,797,1,0,3,3,3
17,798,0,1,0,0,0
17,799,3,0,3,0,3
17,800,0,1,0,0,0
17,801,0,0,1,2,0
17,802,1,1,1,0,2
17,803,1,2,2,0,0
17,804,1,0,0,1,3
17,805,3,1,1,0,0
17,806,0,2,2,2,3
17,807,2,0,0,0,0
17,808,0,3,2,3,3
17,809,0,0,0,0,0
17,810,0,0,3,3,2
17,811,2,2,0,0,0
17,812,0,0,2,1,3
17,813,2,3,0,1,0
17,814,0,0,2,2,3
17,815,1,0,0,0,0
17,816,1,3,1,2,2
17,817,1,0,2,0,0
17,818,1,0,0,2,2
17,819,3,3,1,0,0
17,820,0,0,0,3,1
17,821,1,3,2,0,0
17,822,1,0,0,3,1
17,823,1,2,2,0,3
17,824,2,0,0,3,0
17,825,0,2,2,0,3
17,826,2,0,0,2,0
17,827,0,3,1,0,3
17,828,0,0,2,2,0
17,829,1,3,0,0,3
17,830,0,0,2,3,0
17,831,2,3,0,0,1
17,832,0,0,2,3,3
17,833,0,3,0,0,0
17,834,3,0,3,3,1
17,835,0,3,0,0,3
17,836,2,0,2,3,0
17,837,0,3,0,0,3
17,838,2,0,2,3,0
17,839,0,1,0,0,1
17,840,1,0,0,2,3
17,841,0,2,2,0,0
17,842,1,0,0,0,2
17,843,2,3,3,3,0
17,844,0,0,0,0,3
17,845,0,2,0,1,0
17,846,1,0,2,1,0
17,847,2,1,0,3,3
17,848,0,0,2,0,0
17,849,2,2,0,1,2
17,850,0,0,2,3,0
17,851,1,3,0,0,3
17,852,1,0,2,3,0
17,853,1,1,0,0,1
17,854,0,3,1,3,0
17,855,0,0,0,0,3
17,856,1,1,0,0,0
17,857,1,0,2,3,3
17,858,2,3,0,0,0
17,859,0,0,2,3,3
17,860,1,3,0,0,0
17,861,1,0,2,3,0
17,862,0,3,0,0,2
17,863,2,0,1,2,0
17,864,0,3,2,0,3
17,865,0,0,0,1,0
17,866,1,3,3,3,3
17,867,2,0,0,0,0
17,868,0,3,0,1,3
17,869,1,0,2,3,0
17,870,2,1,0,0,3
17,871,0,2,3,3,0
17,872,3,0,0,0,2
17,873,0,2,2,3,0
17,874,0,0,0,0,3
17,875,3,2,0,1,0
17,876,0,0,2,3,3
17,877,2,1,0,0,0
17,878,0,0,3,3,2
17,879,1,2,0,0,0
17,880,1,0,2,3,3
17,881,1,3,0,0,0
17,882,3,0,3,3,3
17,883,0,1,0,0,0
17,884,1,2,2,3,2
17,885,0,0,0,0,0
17,886,0,3,1,0,3
17,887,0,0,1,3,0
17,888,1,1,3,0,3
17,889,2,0,0,3,0
17,890,0,3,0,0,2
17,891,2,0,3,3,0
17,892,0,3,0,0,1
17,893,0,0,2,2,3
17,894,2,1,0,0,0
17,895,0,1,0,3,3
17,896,3,1,0,0,0
17,897,0,3,3,0,3
17,898,3,0,0,3,0
17,899,0,2,3,0,3
17,900,1,0,0,2,0
17,901,3,0,3,0,2
17,902,0,3,0,1,0
17,903,1,0,1,0,1
17,904,1,0,3,2,3
17,905,3,3,0,0,0
17,906,0,0,0,0,3
17,907,3,2,3,1,0
17,908,0,0,0,0,3
17,909,2,2,1,3,0
17,910,0,0,1,0,2
17,911,3,2,3,0,0
17,912,0,0,0,3,3
17,913,0,1,3,0,0
17,914,1,0,0,3,0
17,915,1,0,3,0,3
17,916,0,1,0,1,0
17,917,1,2,3,1,3
17,918,2,0,0,0,0
17,919,0,3,2,3,3
17,920,1,0,0,0,0
17,921,0,3,2,2,3
17,922,1,0,0,0,0
17,923,1,3,2,3,1
17,924,1,0,0,0,1
17,925,0,1,2,0,1
17,926,1,1,0,0,3
17,927,0,1,0,2,0
17,928,1,1,0,0,3
17,929,1,3,0,1,0
17,930,0,0,2,3,0
17,931,1,1,0,0,2
17,932,0,2,2,3,0
17,933,1,0,0,0,3
17,934,2,0,2,1,0
17,935,0,0,0,0,3
17,936,1,2,2,2,0
17,937,3,0,0,0,3
17,938,0,1,3,3,0
17,939,2,0,0,0,3
17,940,0,1,2,3,0
17,941,2,0,0,0,1
17,942,0,1,0,3,3
17,943,3,3,3,0,0
17,944,0,0,0,1,0
17,945,2,1,2,2,3
17,946,0,0,0,0,0
17,947,3,1,2,1,3
17,948,0,0,0,3,0
17,949,3,1,3,0,3
17,950,0,2,0,3,0
17,951,3,0,2,0,0
17,952,0,1,0,3,3
17,953,3,0,3,0,0
17,954,0,3,0,1,3
17,955,2,0,2,3,0
17,956,0,0,0,0,3
17,957,3,1,2,2,0
17,958,0,3,0,0,3
17,959,3,0,2,3,0
17,960,0,3,0,0,3
17,961,3,0,2,3,0
17,962,0,2,0,0,3
17,963,3,0,2,3,0
17,964,0,0,0,0,1
17,965,0,0,0,3,3
17,966,2,0,2,0,0
17,967,0,1,0,3,2
17,968,0,0,3,0,0
17,969,1,3,0,3,0
17,970,2,0,1,0,3
17,971,0,3,2,3,0
17,972,2,0,0,0,3
17,973,0,0,1,3,0
17,974,2,0,0,0,3
17,975,0,0,3,2,0
17,976,2,1,0,0,1
17,977,0,0,3,0,2
17,978,2,2,0,2,0
17,979,0,0,3,0,3
17,980,1,2,0,3,0
17,981,1,0,0,0,3
17,982,0,3,3,0,0
17,983,1,0,0,0,3
17,984,0,2,3,3,0
17,985,1,0,0,0,0
17,986,1,3,1,0,0
17,987,3,0,3,3,3
17,988,0,2,0,0,0
17,989,0,0,2,3,3
17,990,2,3,0,0,0
17,991,0,0,3,2,3
17,992,1,1,0,0,0
17,993,1,3,2,3,3
17,994,3,0,0,0,0
17,995,0,1,3,3,0
17,996,2,3,0,0,3
17,997,0,0,3,2,0
17,998,3,3,0,0,3
17,999,0,0,2,1,0
18,0,2,3,3,1,3
18,1,0,0,0,0,0
18,2,3,3,1,3,3
18,3,0,0,0,0,0
18,4,3,2,3,3,3
18,5,0,0,0,0,0
18,6,1,0,2,3,0
18,7,2,1,0,0,2
18,8,0,3,0,0,0
18,9,3,0,3,0,2
18,10,0,3,0,3,0
18,11,2,0,3,0,2
18,12,0,3,0,1,0
18,13,3,0,0,0,2
18,14,0,3,1,1,0
18,15,3,0,2,2,3
18,16,0,3,0,0,0
18,17,3,0,0,3,0
18,18,0,3,1,0,1
18,19,3,0,3,3,3
18,20,0,2,0,0,0
18,21,3,0,1,0,3
18,22,0,3,0,3,0
18,23,3,0,1,0,3
18,24,0,2,0,1,0
18,25,3,0,1,3,2
18,26,0,2,3,0,0
18,27,3,0,0,3,1
18,28,0,3,3,0,3
18,29,1,0,0,3,0
18,30,3,3,3,0,3
18,31,0,0,0,2,0
18,32,3,1,0,0,3
18,33,0,0,3,3,0
18,34,3,3,0,0,0
18,35,0,0,3,1,2
18,36,2,0,0,1,0
18,37,0,1,0,0,2
18,38,0,0,0,0,0
18,39,2,1,0,0,2
18,40,0,2,0,0,0
18,41,3,0,1,0,2
18,42,0,0,0,0,0
18,43,0,1,0,0,2
18,44,3,1,0,2,0
18,45,0,0,3,0,3
18,46,3,1,0,2,0
18,47,0,1,3,0,2
18,48,0,1,0,2,0
18,49,3,3,3,0,1
18,50,0,0,0,3,3
18,51,0,2,0,0,0
18,52,0,0,1,0,3
18,53,1,1,2,0,0
18,54,0,0,0,0,2
18,55,0,1,3,1,0
18,56,0,0,0,0,3
18,57,0,1,0,3,0
18,58,0,0,2,0,3
18,59,3,1,0,3,0
18,60,0,3,2,0,2
18,61,0,0,0,3,0
18,62,2,3,2,0,2
18,63,0,0,0,0,0
18,64,3,1,0,3,2
18,65,0,3,0,0,0
18,66,0,0,2,3,0
18,67,2,3,0,0,2
18,68,0,0,0,3,0
18,69,0,1,0,0,3
18,70,3,0,2,3,0
18,71,0,1,0,0,2
18,72,1,2,0,2,0
18,73,2,0,1,0,2
18,74,0,1,2,3,0
18,75,0,3,0,0,1
18,76,0,0,2,2,0
18,77,0,1,0,0,3
18,78,3,0,2,0,0
18,79,0,1,0,1,2
18,80,2,0,0,0,0
18,81,0,2,2,3,3
18,82,3,0,0,0,0
18,83,0,2,0,3,0
18,84,2,0,3,0,3
18,85,0,0,0,1,0
18,86,3,3,1,3,3
18,87,0,0,0,0,0
18,88,2,0,2,1,0
18,89,0,2,0,0,0
18,90,1,0,3,3,3
18,91,0,0,0,0,0
18,92,2,0,3,3,3
18,93,0,1,0,0,0
18,94,2,0,2,3,1
18,95,0,2,0,0,0
18,96,3,0,2,3,2
18,97,0,2,0,0,0
18,98,3,0,3,3,2
18,99,0,2,0,0,0
18,100,3,0,3,3,2
18,101,0,3,0,0,0
18,102,3,0,3,3,3
18,103,0,2,0,0,0
18,104,1,0,2,3,3
18,105,2,1,0,0,0
18,106,0,0,3,3,2
18,107,0,1,0,0,0
18,108,2,2,3,3,3
18,109,0,0,0,0,0
18,110,3,0,3,3,1
18,111,0,0,0,0,3
18,112,3,0,3,1,0
18,113,0,2,0,0,3
18,114,3,0,1,1,0
18,115,0,0,3,0,1
18,116,2,3,0,3,0
18,117,0,0,3,0,1
18,118,3,0,0,3,3
18,119,0,2,0,0,0
18,120,1,0,3,3,3
18,121,2,0,0,0,0
18,122,0,0,1,3,1
18,123,1,0,3,0,3
18,124,0,1,0,3,0
18,125,3,0,0,0,3
18,126,0,1,3,0,0
18,127,0,0,0,0,3
18,128,3,1,1,3,0
18,129,0,0,1,0,2
18,130,3,2,1,1,0
18,131,0,0,1,0,3
18,132,3,0,0,0,0
18,133,0,1,1,0,3
18,134,0,1,0,1,0
18,135,0,0,1,0,3
18,136,3,2,1,0,0
18,137,0,0,0,0,3
18,138,0,1,2,1,0
18,139,0,0,0,0,3
18,140,3,3,3,2,0
18,141,0,0,0,0,3
18,142,3,3,0,2,0
18,143,0,0,0,0,3
18,144,3,3,1,2,0
18,145,0,0,0,0,0
18,146,3,3,0,0,3
18,147,0,0,3,0,0
18,148,3,3,0,3,3
18,149,0,0,0,0,0
18,150,3,3,2,0,2
18,151,0,0,0,0,0
18,152,3,3,3,0,2
18,153,0,0,0,0,0
18,154,3,0,3,2,3
18,155,0,2,0,0,0
18,156,3,0,3,2,3
18,157,0,3,0,0,0
18,158,3,0,3,3,3
18,159,0,0,0,0,0
18,160,3,0,3,1,2
18,161,0,3,0,0,0
18,162,1,0,1,0,3
18,163,2,1,0,1,0
18,164,0,0,1,3,3
18,165,3,2,0,0,0
18,166,0,0,0,2,3
18,167,2,0,0,0,0
18,168,0,0,3,3,0
18,169,3,1,0,0,3
18,170,0,2,0,1,0
18,171,1,0,1,1,3
18,172,2,1,3,1,0
18,173,0,2,0,2,3
18,174,3,0,2,0,0
18,175,0,3,0,2,3
18,176,1,0,0,0,0
18,177,0,3,0,3,3
18,178,3,0,2,0,0
18,179,0,2,0,1,2
18,180,3,0,3,3,0
18,181,0,3,0,0,1
18,182,0,0,2,3,3
18,183,1,3,0,0,0
18,184,3,0,0,0,3
18,185,0,0,0,2,0
18,186,0,1,1,0,0
18,187,3,3,0,1,1
18,188,0,0,0,1,3
18,189,3,3,0,0,0
18,190,0,0,0,1,3
18,191,2,3,0,1,0
18,192,0,0,0,1,0
18,193,2,0,1,1,0
18,194,0,2,0,1,2
18,195,3,0,0,1,0
18,196,0,0,1,3,0
18,197,2,1,2,0,1
18,198,0,2,0,1,3
18,199,3,0,0,2,0
18,200,0,1,0,0,3
18,201,2,0,1,1,0
18,202,0,3,0,1,3
18,203,3,0,0,1,0
18,204,0,1,3,2,2
18,205,2,3,0,0,0
18,206,0,0,0,1,1
18,207,1,1,0,2,3
18,208,0,1,0,0,0
18,209,2,2,3,3,3
18,210,0,0,0,0,0
18,211,2,3,0,1,2
18,212,0,0,0,1,0
18,213,2,2,3,1,3
18,214,0,0,0,0,0
18,215,2,3,3,1,3
18,216,0,0,0,0,0
18,217,2,0,3,1,3
18,218,0,3,0,0,0
18,219,3,0,2,1,2
18,220,0,3,0,0,0
18,221,0,0,1,1,2
18,222,1,1,0,0,0
18,223,0,3,3,0,3
18,224,0,0,0,3,0
18,225,1,3,3,0,2
18,226,3,0,0,3,0
18,227,0,3,0,0,2
18,228,2,0,3,1,0
18,229,0,0,0,0,2
18,230,0,2,1,0,0
18,231,3,0,0,3,2
18,232,0,0,0,0,0
18,233,0,3,1,0,0
18,234,3,0,3,3,0
18,235,0,2,0,0,3
18,236,3,0,0,2,0
18,237,0,2,1,0,2
18,238,3,0,3,3,0
18,239,0,3,0,0,3
18,240,0,0,2,3,0
18,241,1,2,0,0,3
18,242,0,0,3,0,0
18,243,1,2,0,1,3
18,244,3,0,2,3,0
18,245,0,1,0,0,3
18,246,2,2,3,0,0
18,247,0,0,0,1,3
18,248,3,0,0,1,0
18,249,0,0,3,0,3
18,250,0,2,0,1,0
18,251,3,0,3,1,3
18,252,0,2,0,1,0
18,253,2,0,3,1,3
18,254,0,0,0,2,0
18,255,0,1,2,0,3
18,256,1,2,0,3,0
18,257,0,0,0,0,2
18,258,0,0,3,1,0
18,259,1,1,0,1,2
18,260,0,2,3,0,0
18,261,3,0,0,0,2
18,262,0,0,3,0,0
18,263,1,3,0,0,2
18,264,1,0,0,0,0
18,265,1,1,3,1,2
18,266,2,3,0,2,0
18,267,0,0,0,0,1
18,268,1,1,3,0,2
18,269,1,2,0,1,0
18,270,2,0,1,0,3
18,271,0,0,1,2,0
18,272,1,0,3,0,3
18,273,0,0,0,1,0
18,274,0,3,3,0,0
18,275,0,0,0,1,1
18,276,3,0,3,1,0
18,277,0,2,0,1,2
18,278,3,0,0,3,0
18,279,0,1,3,0,3
18,280,0,0,0,1,0
18,281,3,3,2,3,3
18,282,0,0,0,0,0
18,283,3,3,3,0,1
18,284,0,0,0,2,3
18,285,3,1,3,0,0
18,286,0,0,0,3,3
18,287,3,1,3,0,0
18,288,0,0,0,0,1
18,289,3,1,3,3,3
18,290,0,0,0,0,0
18,291,3,1,2,0,3
18,292,0,1,0,3,0
18,293,3,1,1,0,3
18,294,0,2,0,3,0
18,295,3,0,3,0,1
18,296,0,1,0,2,3
18,297,1,1,3,0,0
18,298,0,3,0,1,2
18,299,2,0,3,2,0
18,300,0,0,0,0,3
18,301,1,0,1,2,0
18,302,1,3,2,0,1
18,303,0,0,0,2,2
18,304,0,0,3,0,0
18,305,3,2,0,1,2
18,306,0,0,3,3,0
18,307,1,1,0,0,2
18,308,0,3,0,3,0
18,309,2,0,3,0,2
18,310,0,1,0,3,0
18,311,0,0,3,0,2
18,312,3,1,0,0,0
18,313,0,2,3,3,3
18,314,3,0,0,0,0
18,315,0,1,0,0,3
18,316,3,0,3,2,0
18,317,0,1,0,0,3
18,318,3,0,3,0,0
18,319,0,0,0,0,3
18,320,3,0,3,0,0
18,321,0,2,0,1,3
18,322,0,0,3,2,0
18,323,1,0,0,0,1
18,324,0,0,3,1,2
18,325,0,0,0,1,0
18,326,3,1,2,1,2
18,327,0,1,0,2,0
18,328,2,0,3,0,3
18,329,0,3,0,1,0
18,330,3,0,3,2,3
18,331,0,0,0,0,0
18,332,0,1,1,2,3
18,333,3,3,3,0,0
18,334,0,0,0,3,3
18,335,3,3,3,0,0
18,336,0,0,0,3,3
18,337,2,3,0,0,0
18,338,0,0,2,3,2
18,339,0,2,0,0,0
18,340,1,0,3,3,0
18,341,2,0,0,0,3
18,342,0,1,3,3,0
18,343,3,0,0,0,0
18,344,0,2,1,0,1
18,345,3,0,2,1,3
18,346,0,3,0,2,0
18,347,0,0,3,0,3
18,348,1,2,0,2,0
18,349,0,0,3,0,2
18,350,3,1,0,0,0
18,351,0,1,2,3,3
18,352,0,1,0,0,0
18,353,0,1,2,0,3
18,354,1,3,0,1,0
18,355,0,0,3,1,3
18,356,0,3,0,1,0
18,357,0,0,3,1,3
18,358,2,2,0,2,0
18,359,0,0,3,0,2
18,360,1,2,0,0,0
18,361,1,0,1,3,2
18,362,0,3,3,0,0
18,363,0,0,0,3,2
18,364,3,0,3,0,0
18,365,0,1,0,3,1
18,366,0,1,3,0,2
18,367,3,1,0,0,0
18,368,0,0,2,1,3
18,369,0,3,0,1,0
18,370,0,0,3,1,0
18,371,2,3,0,1,1
18,372,0,0,3,2,3
18,373,1,2,0,0,0
18,374,1,0,1,3,2
18,375,1,3,3,0,0
18,376,3,0,0,2,3
18,377,0,2,3,0,0
18,378,3,0,0,3,3
18,379,0,0,3,0,0
18,380,1,0,0,3,3
18,381,1,1,3,0,0
18,382,3,1,0,3,3
18,383,0,1,0,0,0
18,384,3,1,3,3,0
18,385,0,1,0,0,3
18,386,0,3,3,3,0
18,387,3,0,0,0,3
18,388,0,2,0,1,0
18,389,3,0,3,3,3
18,390,0,3,0,0,0
18,391,3,0,2,0,1
18,392,0,0,0,2,2
18,393,3,1,3,0,0
18,394,0,3,0,0,2
18,395,2,0,2,1,0
18,396,0,3,0,3,2
18,397,0,0,3,0,0
18,398,0,1,0,2,3
18,399,0,3,0,0,0
18,400,3,0,3,1,2
18,401,0,0,0,1,0
18,402,3,2,3,2,3
18,403,0,0,0,0,0
18,404,1,3,0,0,3
18,405,0,0,3,2,0
18,406,0,3,0,0,3
18,407,0,0,3,2,0
18,408,0,3,0,0,3
18,409,1,0,3,1,0
18,410,3,2,0,3,3
18,411,0,0,3,0,0
18,412,3,0,0,2,1
18,413,0,3,2,0,3
18,414,1,0,0,2,0
18,415,1,1,3,0,3
18,416,0,2,0,2,0
18,417,3,0,3,0,1
18,418,0,1,0,2,3
18,419,3,3,3,0,0
18,420,0,0,0,1,3
18,421,3,0,3,2,0
18,422,0,0,0,0,3
18,423,3,1,2,3,0
18,424,0,2,0,0,3
18,425,0,0,3,3,0
18,426,0,2,0,0,2
18,427,2,0,3,3,0
18,428,0,1,0,0,1
18,429,0,0,2,3,3
18,430,0,0,0,0,0
18,431,2,1,3,3,3
18,432,0,3,0,0,0
18,433,0,0,1,0,3
18,434,2,0,1,3,0
18,435,0,1,3,0,0
18,436,3,1,0,3,3
18,437,0,0,2,0,0
18,438,2,0,0,3,1
18,439,0,0,0,0,0
18,440,3,1,1,3,1
18,441,0,2,2,0,3
18,442,1,0,0,0,0
18,443,2,0,0,3,3
18,444,0,1,1,0,0
18,445,3,1,3,2,3
18,446,0,0,0,0,0
18,447,3,1,3,3,2
18,448,0,0,0,0,0
18,449,1,0,0,3,3
18,450,0,2,3,0,0
18,451,2,0,0,2,2
18,452,0,2,1,0,0
18,453,3,0,1,3,1
18,454,0,3,2,0,3
18,455,1,0,0,0,0
18,456,2,1,1,0,2
18,457,0,1,1,0,0
18,458,3,0,1,2,3
18,459,0,0,0,0,0
18,460,3,3,2,1,3
18,461,0,0,0,3,0
18,462,3,1,2,0,3
18,463,0,0,0,3,0
18,464,3,1,0,0,3
18,465,0,0,2,1,0
18,466,3,1,0,1,0
18,467,0,0,2,2,3
18,468,3,1,0,0,0
18,469,0,0,2,2,0
18,470,3,1,0,0,3
18,471,0,0,2,2,0
18,472,3,1,0,0,3
18,473,0,2,3,1,0
18,474,2,0,0,0,0
18,475,0,2,2,3,0
18,476,3,0,0,0,3
18,477,0,1,3,3,0
18,478,1,0,0,0,3
18,479,3,1,3,3,0
18,480,0,2,0,0,3
18,481,2,0,3,0,0
18,482,0,3,0,3,3
18,483,3,0,2,0,0
18,484,0,0,0,3,1
18,485,3,1,1,0,3
18,486,0,0,0,1,0
18,487,0,0,0,2,2
18,488,3,2,2,0,0
18,489,0,0,0,3,3
18,490,3,1,2,0,0
18,491,0,2,0,3,3
18,492,2,0,2,0,0
18,493,0,3,0,3,2
18,494,3,0,2,0,0
18,495,0,1,0,2,0
18,496,1,1,2,0,0
18,497,2,2,0,2,3
18,498,0,0,0,0,0
18,499,1,2,2,3,3
18,500,3,0,0,0,0
18,501,0,1,2,1,3
18,502,2,0,0,1,0
18,503,0,1,1,2,3
18,504,3,1,0,0,0
18,505,0,3,1,3,2
18,506,0,0,0,0,0
18,507,0,1,0,3,0
18,508,2,1,1,0,2
18,509,0,0,0,3,0
18,510,2,1,0,0,3
18,511,0,0,1,0,0
18,512,2,1,3,0,1
18,513,0,0,0,3,3
18,514,2,1,3,0,0
18,515,0,0,0,0,3
18,516,2,1,3,3,0
18,517,0,3,0,0,3
18,518,0,0,0,3,0
18,519,3,0,3,0,1
18,520,0,0,0,0,3
18,521,3,1,3,1,0
18,522,0,1,0,2,3
18,523,0,0,1,0,0
18,524,3,1,0,3,2
18,525,0,0,0,0,0
18,526,3,1,0,0,3
18,527,0,2,1,2,0
18,528,2,0,3,0,1
18,529,0,1,0,1,3
18,530,1,1,3,1,0
18,531,0,2,0,3,3
18,532,3,0,1,0,0
18,533,0,0,1,3,1
18,534,2,1,0,0,2
18,535,0,0,0,3,0
18,536,1,1,2,0,3
18,537,0,2,0,3,0
18,538,2,0,2,0,3
18,539,0,2,0,2,0
18,540,2,0,3,0,3
18,541,0,2,0,3,0
18,542,3,0,2,0,3
18,543,0,0,0,2,0
18,544,2,2,0,0,3
18,545,0,0,3,3,0
18,546,3,2,0,0,1
18,547,0,0,1,3,1
18,548,0,2,3,0,3
18,549,2,0,0,1,0
18,550,0,2,3,2,0
18,551,0,0,0,0,3
18,552,0,2,3,3,0
18,553,2,0,0,0,1
18,554,0,1,3,3,3
18,555,1,2,0,0,0
18,556,0,0,0,1,2
18,557,2,0,3,2,0
18,558,0,2,0,0,1
18,559,2,0,2,0,1
18,560,0,2,0,2,2
18,561,0,0,0,0,0
18,562,0,2,1,2,1
18,563,1,0,3,0,3
18,564,0,3,0,3,0
18,565,1,0,3,0,3
18,566,3,0,0,2,0
18,567,0,3,3,0,3
18,568,0,0,0,3,0
18,569,0,1,3,0,0
18,570,1,1,0,3,3
18,571,0,2,3,0,0
18,572,2,0,0,3,0
18,573,0,0,3,0,3
18,574,0,1,0,0,0
18,575,2,1,1,3,0
18,576,0,1,3,0,2
18,577,2,1,0,3,0
18,578,0,2,0,0,3
18,579,1,0,3,3,0
18,580,2,2,0,0,3
18,581,0,0,0,3,0
18,582,2,0,0,0,3
18,583,0,1,3,3,0
18,584,3,2,0,0,3
18,585,0,0,2,3,0
18,586,1,0,0,0,0
18,587,3,3,2,1,0
18,588,0,0,0,1,3
18,589,0,2,2,3,0
18,590,3,0,0,0,3
18,591,0,0,2,2,0
18,592,1,1,0,0,3
18,593,0,1,1,2,0
18,594,3,2,3,0,3
18,595,0,0,0,3,0
18,596,0,1,2,0,3
18,597,1,1,0,1,0
18,598,3,3,2,2,1
18,599,0,0,0,0,3
18,600,1,1,3,3,0
18,601,0,0,0,0,3
18,602,2,1,1,1,0
18,603,0,1,1,2,1
18,604,2,1,0,0,0
18,605,0,1,3,2,3
18,606,3,1,0,0,0
18,607,0,3,3,3,3
18,608,0,0,0,0,0
18,609,3,1,0,3,3
18,610,0,1,3,0,0
18,611,2,0,0,0,1
18,612,0,1,3,3,3
18,613,0,2,0,0,0
18,614,1,0,2,3,3
18,615,0,1,0,0,0
18,616,2,3,3,3,3
18,617,0,0,0,0,0
18,618,0,0,3,2,2
18,619,0,0,0,0,0
18,620,0,1,2,3,3
18,621,3,3,0,0,0
18,622,0,0,2,2,1
18,623,3,1,0,0,1
18,624,0,1,3,0,2
18,625,3,0,0,3,0
18,626,0,1,3,0,3
18,627,3,3,0,1,0
18,628,0,0,3,3,3
18,629,1,1,0,0,0
18,630,0,0,2,3,3
18,631,3,0,0,0,0
18,632,0,3,0,3,3
18,633,3,0,3,0,0
18,634,0,3,0,0,3
18,635,3,0,2,3,0
18,636,0,2,0,0,1
18,637,1,0,2,1,1
18,638,0,1,0,0,3
18,639,1,3,3,1,0
18,640,1,0,0,0,3
18,641,1,2,1,3,0
18,642,0,0,1,0,3
18,643,1,1,0,3,0
18,644,3,3,0,0,1
18,645,0,0,3,3,3
18,646,1,0,0,0,0
18,647,1,2,3,3,3
18,648,2,0,0,0,0
18,649,0,1,3,1,3
18,650,3,0,0,0,0
18,651,0,1,0,0,3
18,652,2,2,0,3,0
18,653,0,0,0,0,3
18,654,2,2,2,0,0
18,655,0,0,0,2,3
18,656,2,2,3,0,0
18,657,0,0,0,3,0
18,658,2,2,3,0,3
18,659,0,0,0,3,0
18,660,2,2,3,0,3
18,661,0,0,0,1,0
18,662,2,2,3,2,3
18,663,0,0,0,0,0
18,664,1,1,3,0,3
18,665,0,0,0,2,0
18,666,1,0,2,0,3
18,667,1,1,0,3,0
18,668,1,0,3,0,3
18,669,1,1,0,0,0
18,670,3,3,1,3,3
18,671,0,0,3,0,0
18,672,1,1,0,1,2
18,673,0,0,3,0,0
18,674,0,2,0,3,3
18,675,0,0,3,0,0
18,676,0,3,0,3,3
18,677,0,0,3,0,0
18,678,2,1,0,0,2
18,679,0,0,3,0,0
18,680,0,1,0,1,1
18,681,0,3,3,0,3
18,682,0,0,0,0,0
18,683,0,1,0,0,3
18,684,0,3,2,0,0
18,685,0,0,0,2,3
18,686,1,1,3,0,0
18,687,1,0,0,3,3
18,688,1,3,0,0,0
18,689,0,0,2,3,3
18,690,1,1,0,0,0
18,691,0,0,2,3,1
18,692,1,1,0,0,2
18,693,1,2,0,3,0
18,694,1,0,1,0,0
18,695,3,1,3,0,0
18,696,0,1,0,1,3
18,697,0,1,3,0,0
18,698,0,1,0,3,3
18,699,3,3,0,0,0
18,700,0,0,2,2,3
18,701,2,1,0,0,0
18,702,0,2,2,3,0
18,703,2,0,0,0,0
18,704,0,1,3,0,2
18,705,1,0,0,2,0
18,706,2,0,3,0,1
18,707,0,1,0,2,0
18,708,2,2,0,0,3
18,709,0,0,3,1,0
18,710,0,3,0,1,3
18,711,0,0,1,0,0
18,712,0,0,1,3,0
18,713,0,2,3,0,3
18,714,0,0,0,1,0
18,715,0,0,1,1,2
18,716,1,1,3,0,0
18,717,2,3,0,3,1
18,718,0,0,1,0,2
18,719,0,2,3,3,0
18,720,0,0,0,0,2
18,721,2,2,3,3,0
18,722,0,0,0,0,1
18,723,0,1,3,0,1
18,724,1,1,0,0,2
18,725,3,1,3,3,0
18,726,0,0,0,0,3
18,727,1,1,0,3,0
18,728,0,2,1,0,3
18,729,0,0,2,0,0
18,730,0,3,0,3,3
18,731,0,0,3,0,0
18,732,3,1,0,1,3
18,733,0,1,1,2,0
18,734,3,3,3,0,3
18,735,0,0,0,3,0
18,736,1,1,0,0,2
18,737,2,0,2,3,0
18,738,0,1,0,0,0
18,739,1,0,2,1,0
18,740,2,1,0,3,0
18,741,0,0,2,0,0
18,742,1,2,0,3,0
18,743,1,0,0,0,3
18,744,2,1,3,3,0
18,745,0,3,0,0,3
18,746,0,0,0,3,0
18,747,1,1,0,0,3
18,748,3,2,3,1,0
18,749,0,0,0,2,3
18,750,2,1,2,0,0
18,751,0,1,0,3,0
18,752,2,1,3,0,2
18,753,0,1,0,0,0
18,754,1,1,3,3,2
18,755,2,2,0,0,0
18,756,0,0,3,1,3
18,757,3,1,0,3,0
18,758,0,0,0,0,3
18,759,2,2,2,3,0
18,760,0,0,0,0,0
18,761,2,0,1,3,3
18,762,0,1,1,0,0
18,763,3,0,3,1,3
18,764,0,1,0,0,0
18,765,1,3,0,3,1
18,766,2,0,1,0,3
18,767,0,1,2,1,0
18,768,0,0,0,2,2
18,769,1,1,0,0,0
18,770,1,0,2,3,1
18,771,2,1,0,0,3
18,772,0,3,2,3,0
18,773,1,0,0,0,0
18,774,2,1,3,2,0
18,775,0,0,0,0,3
18,776,1,1,3,3,0
18,777,2,3,0,0,3
18,778,0,0,2,1,0
18,779,2,2,0,1,3
18,780,0,0,2,0,0
18,781,2,2,0,2,3
18,782,0,0,2,0,0
18,783,2,3,0,3,3
18,784,0,0,0,0,0
18,785,2,0,1,2,3
18,786,0,2,1,0,0
18,787,2,0,3,1,3
18,788,0,3,0,0,0
18,789,0,0,2,1,0
18,790,3,1,0,2,3
18,791,0,1,3,0,0
18,792,0,3,0,1,1
18,793,0,0,3,2,3
18,794,1,1,0,0,0
18,795,1,2,3,3,3
18,796,0,0,0,0,0
18,797,1,1,3,3,3
18,798,2,0,0,0,0
18,799,0,1,3,2,1
18,800,2,1,0,0,3
18,801,0,3,2,3,0
18,802,1,0,0,0,0
18,803,0,1,3,1,3
18,804,3,0,0,3,0
18,805,0,2,2,0,0
18,806,3,0,0,0,3
18,807,0,2,3,3,0
18,808,0,0,0,0,3
18,809,0,0,0,3,0
18,810,0,2,0,0,0
18,811,2,0,2,2,0
18,812,0,1,0,0,3
18,813,2,0,2,1,0
18,814,0,1,0,1,1
18,815,1,0,2,1,0
18,816,3,1,0,0,3
18,817,0,0,2,1,0
18,818,2,1,0,1,3
18,819,0,1,3,3,0
18,820,0,0,0,0,3
18,821,1,1,3,3,0
18,822,1,2,0,0,3
18,823,1,0,3,0,0
18,824,1,3,0,3,3
18,825,2,0,3,0,0
18,826,0,1,0,3,1
18,827,1,0,1,0,1
18,828,3,2,2,2,0
18,829,0,0,0,0,3
18,830,0,2,2,3,0
18,831,1,0,0,0,3
18,832,1,0,2,3,0
18,833,1,1,0,0,3
18,834,1,3,3,3,0
18,835,0,0,0,0,3
18,836,3,1,0,3,0
18,837,0,1,3,0,3
18,838,0,0,0,3,0
18,839,2,1,3,0,2
18,840,0,2,0,2,0
18,841,1,0,0,0,0
18,842,0,1,3,2,3
18,843,2,1,0,0,0
18,844,0,0,3,0,3
18,845,1,3,0,2,0
18,846,3,0,3,0,3
18,847,0,0,0,3,0
18,848,1,1,1,0,3
18,849,2,0,2,3,0
18,850,0,3,0,0,3
18,851,2,0,0,0,0
18,852,0,1,1,3,3
18,853,1,0,2,0,0
18,854,1,3,0,1,3
18,855,1,0,2,3,0
18,856,3,2,0,0,2
18,857,0,0,1,3,0
18,858,1,1,2,0,3
18,859,3,2,0,0,0
18,860,0,0,3,3,0
18,861,0,0,0,0,0
18,862,0,3,2,0,3
18,863,3,0,0,3,0
18,864,0,1,3,0,0
18,865,2,0,0,3,3
18,866,0,1,1,0,0
18,867,0,0,0,0,3
18,868,0,0,3,3,0
18,869,3,2,0,0,3
18,870,0,0,3,3,0
18,871,3,0,0,0,0
18,872,0,2,2,2,2
18,873,2,0,0,0,0
18,874,0,3,3,3,0
18,875,0,0,0,0,3
18,876,3,2,2,3,0
18,877,0,0,0,0,1
18,878,3,1,0,3,0
18,879,0,0,1,0,1
18,880,3,1,2,3,3
18,881,0,0,0,0,0
18,882,0,1,3,3,3
18,883,3,0,0,0,0
18,884,0,0,3,3,3
18,885,1,0,0,0,0
18,886,3,1,3,3,3
18,887,0,0,0,0,0
18,888,0,0,3,1,3
18,889,1,0,0,3,0
18,890,1,0,2,0,1
18,891,1,1,0,2,3
18,892,1,1,1,0,0
18,893,1,0,3,3,0
18,894,1,2,0,0,3
18,895,1,0,3,0,0
18,896,2,1,0,3,3
18,897,0,3,3,0,0
18,898,2,0,0,3,2
18,899,0,2,0,0,0
18,900,2,0,2,1,3
18,901,0,2,0,3,0
18,902,1,0,3,0,1
18,903,1,0,0,3,3
18,904,2,2,3,0,0
18,905,0,0,0,0,3
18,906,3,2,3,0,0
18,907,0,0,0,3,2
18,908,0,1,1,0,0
18,909,2,0,3,3,2
18,910,0,3,0,0,0
18,911,2,0,0,3,3
18,912,0,2,2,0,0
18,913,1,0,0,3,2
18,914,2,2,2,0,0
18,915,0,0,0,2,0
18,916,1,2,0,0,0
18,917,1,0,2,1,3
18,918,0,1,0,3,0
18,919,1,0,3,0,3
18,920,1,1,0,3,0
18,921,1,0,2,0,3
18,922,1,0,0,3,0
18,923,0,2,0,0,3
18,924,1,0,2,3,0
18,925,1,1,0,0,3
18,926,3,0,3,1,0
18,927,0,1,0,0,3
18,928,1,1,3,3,0
18,929,1,0,0,0,2
18,930,0,3,3,1,0
18,931,2,0,0,3,3
18,932,0,1,3,0,0
18,933,1,0,0,2,3
18,934,3,1,2,0,0
18,935,0,0,0,3,2
18,936,1,1,0,0,0
18,937,0,0,3,3,3
18,938,0,3,0,0,0
18,939,3,0,3,1,2
18,940,0,1,0,0,0
18,941,1,0,3,2,3
18,942,1,1,0,0,0
18,943,1,0,3,3,3
18,944,0,0,0,0,0
18,945,1,1,3,0,3
18,946,3,0,0,3,0
18,947,0,2,3,0,2
18,948,2,0,0,3,0
18,949,0,2,1,0,3
18,950,2,0,3,3,0
18,951,0,1,0,0,3
18,952,1,0,3,3,0
18,953,2,2,0,0,3
18,954,0,0,1,3,0
18,955,1,3,2,0,3
18,956,2,0,0,3,0
18,957,0,2,0,0,3
18,958,2,0,3,2,0
18,959,0,3,0,0,3
18,960,0,0,3,3,0
18,961,2,0,0,0,1
18,962,0,2,0,3,3
18,963,2,0,3,0,0
18,964,0,3,0,2,3
18,965,3,0,3,0,0
18,966,0,2,0,3,3
18,967,2,0,3,0,0
18,968,0,1,0,2,3
18,969,2,0,0,0,0
18,970,0,3,3,1,1
18,971,1,0,0,2,2
18,972,3,3,2,0,0
18,973,0,0,0,3,3
18,974,2,3,2,0,0
18,975,0,0,0,3,3
18,976,1,1,2,0,0
18,977,3,2,0,3,3
18,978,0,0,1,0,0
18,979,3,1,3,3,0
18,980,0,1,0,0,3
18,981,3,0,1,3,0
18,982,0,2,2,0,0
18,983,0,0,0,3,3
18,984,2,3,3,0,0
18,985,0,0,0,3,1
18,986,0,2,3,0,3
18,987,2,0,0,3,0
18,988,0,3,3,0,0
18,989,3,0,0,3,2
18,990,0,2,3,0,0
18,991,3,0,0,3,2
18,992,0,2,3,0,0
18,993,2,0,0,3,1
18,994,0,2,3,0,3
18,995,3,0,0,3,0
18,996,0,2,3,0,0
18,997,3,0,0,3,2
18,998,0,3,3,0,0
18,999,3,0,0,0,3
19,0,3,3,0,3,0
19,1,0,0,3,0,3
19,2,3,3,0,0,0
19,3,0,0,3,3,3
19,4,3,3,0,0,0
19,5,0,0,2,3,0
19,6,3,3,0,0,2
19,7,0,0,3,1,0
19,8,3,3,0,3,3
19,9,0,0,2,0,0
19,10,0,0,0,3,2
19,11,0,0,3,0,0
19,12,2,2,0,3,3
19,13,0,0,3,0,0
19,14,2,2,0,3,3
19,15,0,0,1,0,0
19,16,3,1,1,1,0
19,17,0,0,0,2,2
19,18,3,2,3,0,0
19,19,0,0,0,3,1
19,20,3,0,3,0,0
19,21,0,2,0,0,2
19,22,3,0,3,0,0
19,23,0,1,0,2,0
19,24,0,1,3,0,2
19,25,3,3,0,1,0
19,26,0,0,1,2,3
19,27,3,2,2,0,0
19,28,0,0,0,3,3
19,29,0,0,2,0,0
19,30,3,1,0,0,2
19,31,0,0,1,3,0
19,32,3,1,1,0,3
19,33,0,0,0,2,0
19,34,3,0,1,0,3
19,35,0,0,2,2,0
19,36,3,0,0,0,3
19,37,0,0,1,3,0
19,38,3,1,3,0,3
19,39,0,1,0,0,0
19,40,3,2,1,0,2
19,41,0,0,2,1,0
19,42,1,0,0,2,1
19,43,0,2,2,0,3
19,44,1,0,0,0,0
19,45,0,0,2,1,1
19,46,3,1,0,3,1
19,47,0,3,1,0,3
19,48,3,0,2,2,0
19,49,0,0,0,0,0
19,50,3,1,2,3,0
19,51,0,2,0,0,3
19,52,3,0,0,3,0
19,53,0,0,0,0,2
19,54,1,1,0,0,0
19,55,3,1,1,3,2
19,56,0,1,1,0,0
19,57,2,3,3,3,1
19,58,0,0,0,0,3
19,59,2,3,1,2,0
19,60,0,0,0,0,3
19,61,2,3,2,0,0
19,62,0,0,0,0,3
19,63,0,1,3,0,0
19,64,0,3,0,3,3
19,65,2,0,0,0,0
19,66,0,2,0,3,3
19,67,2,0,3,0,0
19,68,0,0,0,2,2
19,69,3,3,2,0,0
19,70,0,0,0,2,2
19,71,1,2,0,0,0
19,72,1,0,0,3,1
19,73,2,1,0,0,3
19,74,0,2,1,3,0
19,75,3,0,0,0,0
19,76,0,2,3,1,2
19,77,2,0,0,1,0
19,78,0,0,3,3,1
19,79,1,0,0,0,3
19,80,0,0,0,0,0
19,81,0,0,3,3,3
19,82,3,0,0,0,0
19,83,0,0,3,3,3
19,84,3,0,0,0,0
19,85,0,0,3,3,0
19,86,2,0,0,0,3
19,87,0,0,0,3,0
19,88,0,2,3,0,0
19,89,3,0,0,3,0
19,90,0,1,3,0,3
19,91,3,0,0,3,0
19,92,0,1,1,0,3
19,93,2,0,1,2,0
19,94,0,3,2,0,1
19,95,3,0,0,2,3
19,96,0,0,0,0,0
19,97,0,0,3,3,2
19,98,3,0,0,0,0
19,99,0,3,3,3,3
19,100,3,0,0,0,0
19,101,0,3,3,3,3
19,102,0,0,0,0,0
19,103,3,3,3,2,2
19,104,0,0,0,0,0
19,105,3,2,1,1,3
19,106,0,0,0,1,0
19,107,2,3,3,0,3
19,108,0,0,0,3,0
19,109,0,2,1,0,3
19,110,0,0,3,3,0
19,111,0,3,0,0,3
19,112,0,0,3,3,0
19,113,3,1,0,0,1
19,114,0,1,3,2,3
19,115,3,3,0,0,0
19,116,0,0,3,1,3
19,117,2,1,0,2,0
19,118,0,1,3,0,3
19,119,3,3,0,1,0
19,120,0,0,0,0,3
19,121,3,2,3,2,0
19,122,0,0,0,0,2
19,123,3,3,3,2,0
19,124,0,0,0,0,3
19,125,3,1,2,3,0
19,126,0,3,0,0,3
19,127,3,0,3,3,0
19,128,0,2,0,0,3
19,129,3,0,3,3,0
19,130,0,1,0,0,0
19,131,0,1,3,0,3
19,132,3,1,0,3,0
19,133,0,0,3,0,0
19,134,3,3,0,2,3
19,135,0,0,3,0,0
19,136,0,1,0,3,3
19,137,3,2,0,0,0
19,138,0,0,0,1,3
19,139,3,3,1,0,0
19,140,0,0,0,1,2
19,141,3,3,3,0,0
19,142,0,0,0,2,3
19,143,3,0,3,0,0
19,144,0,0,0,2,3
19,145,3,3,3,0,0
19,146,0,0,0,0,3
19,147,3,0,0,0,0
19,148,0,3,2,2,3
19,149,0,0,0,0,0
19,150,2,1,1,0,3
19,151,0,1,0,2,0
19,152,2,2,1,0,3
19,153,0,0,0,1,0
19,154,3,1,3,1,1
19,155,0,1,0,2,0
19,156,1,0,1,0,3
19,157,0,3,0,2,0
19,158,0,0,1,0,0
19,159,1,2,0,3,3
19,160,0,0,2,0,0
19,161,3,1,0,3,3
19,162,0,1,0,0,0
19,163,2,0,1,2,2
19,164,0,1,0,0,0
19,165,2,0,1,3,2
19,166,0,3,0,0,0
19,167,3,0,1,0,1
19,168,0,3,0,3,1
19,169,2,0,3,0,1
19,170,0,2,0,1,3
19,171,0,0,3,2,0
19,172,3,2,0,0,3
19,173,0,0,3,0,0
19,174,1,3,0,2,1
19,175,0,0,3,0,3
19,176,3,3,0,2,0
19,177,0,0,3,0,0
19,178,2,2,0,3,1
19,179,0,0,3,0,3
19,180,3,0,0,3,0
19,181,0,0,3,0,3
19,182,2,1,0,3,0
19,183,0,3,1,0,3
19,184,3,0,3,3,0
19,185,0,2,0,0,3
19,186,3,0,0,3,0
19,187,0,2,1,0,3
19,188,3,0,3,1,0
19,189,0,3,0,1,3
19,190,2,0,3,1,0
19,191,0,1,0,1,3
19,192,3,1,3,1,0
19,193,0,1,0,1,3
19,194,2,1,3,3,0
19,195,0,1,0,0,2
19,196,3,1,1,1,0
19,197,0,3,1,1,3
19,198,3,0,3,3,0
19,199,0,2,0,0,2
19,200,3,0,3,1,0
19,201,0,0,0,1,0
19,202,3,3,3,1,3
19,203,0,0,0,3,0
19,204,3,3,3,0,3
19,205,0,0,0,1,0
19,206,0,3,0,1,3
19,207,3,0,2,0,0
19,208,0,3,0,0,3
19,209,3,0,1,1,0
19,210,0,2,3,1,3
19,211,3,0,0,0,0
19,212,0,1,3,3,2
19,213,2,1,0,0,0
19,214,0,3,1,0,3
19,215,3,0,3,3,0
19,216,0,3,0,0,1
19,217,0,0,3,1,0
19,218,2,3,0,1,3
19,219,0,0,3,1,0
19,220,0,1,0,2,3
19,221,0,0,2,0,0
19,222,3,3,0,1,3
19,223,0,0,1,2,0
19,224,0,3,3,0,1
19,225,2,0,0,1,1
19,226,0,0,0,2,3
19,227,3,3,3,0,0
19,228,0,0,0,3,3
19,229,3,3,0,0,0
19,230,0,0,0,2,3
19,231,3,3,1,0,0
19,232,0,0,3,1,1
19,233,0,3,0,1,3
19,234,3,0,3,0,0
19,235,0,2,0,2,0
19,236,0,0,1,0,2
19,237,3,1,2,1,0
19,238,0,3,0,1,2
19,239,0,0,0,1,0
19,240,3,2,0,1,1
19,241,0,0,3,1,2
19,242,3,3,0,1,0
19,243,0,0,3,3,1
19,244,3,3,0,0,2
19,245,0,0,3,2,0
19,246,2,3,0,0,1
19,247,0,0,3,1,2
19,248,3,0,0,2,0
19,249,0,1,3,0,3
19,250,0,0,0,0,0
19,251,3,1,3,1,2
19,252,0,1,0,2,0
19,253,3,3,1,0,2
19,254,0,0,3,1,0
19,255,0,0,0,1,3
19,256,3,0,1,1,0
19,257,0,1,0,1,3
19,258,0,3,3,1,0
19,259,2,0,0,1,1
19,260,0,2,3,1,3
19,261,2,0,0,0,0
19,262,0,0,2,3,1
19,263,3,1,0,0,3
19,264,0,0,0,0,0
19,265,3,1,3,3,3
19,266,0,2,0,0,0
19,267,3,0,2,1,3
19,268,0,3,0,2,0
19,269,3,0,3,0,1
19,270,0,1,0,2,3
19,271,3,2,2,0,0
19,272,0,0,0,2,3
19,273,2,1,3,0,0
19,274,0,0,0,2,2
19,275,3,1,3,0,0
19,276,0,2,0,2,3
19,277,3,0,1,0,0
19,278,0,1,3,0,3
19,279,3,0,0,2,0
19,280,0,0,2,0,2
19,281,3,1,0,2,0
19,282,0,1,2,0,3
19,283,1,0,0,2,0
19,284,3,1,3,0,3
19,285,0,0,0,1,0
19,286,3,1,3,2,1
19,287,0,2,0,0,3
19,288,3,0,2,1,0
19,289,0,0,0,2,2
19,290,3,1,2,0,0
19,291,0,1,0,1,1
19,292,3,3,3,2,1
19,293,0,0,0,0,3
19,294,3,0,2,2,0
19,295,0,2,0,0,3
19,296,0,0,2,3,0
19,297,3,0,0,0,3
19,298,0,0,3,2,0
19,299,2,2,0,0,3
19,300,0,0,3,2,0
19,301,3,1,0,0,3
19,302,0,1,0,2,0
19,303,0,0,2,0,1
19,304,0,3,0,0,0
19,305,3,0,0,1,3
19,306,0,1,2,2,0
19,307,0,1,0,0,1
19,308,3,2,2,2,3
19,309,0,0,0,0,0
19,310,3,1,2,2,3
19,311,0,1,0,0,0
19,312,3,2,3,3,3
19,313,0,0,0,0,0
19,314,2,1,0,3,3
19,315,0,1,1,0,0
19,316,2,1,3,3,3
19,317,0,3,0,0,0
19,318,2,0,3,3,1
19,319,0,0,0,0,3
19,320,2,0,3,3,0
19,321,0,0,0,0,2
19,322,0,1,3,2,0
19,323,2,1,0,0,3
19,324,0,1,3,0,0
19,325,3,2,0,2,2
19,326,0,0,3,0,0
19,327,2,0,0,2,3
19,328,0,1,3,0,0
19,329,1,0,0,1,0
19,330,3,1,2,2,1
19,331,0,1,0,0,1
19,332,3,1,3,2,1
19,333,0,1,0,0,3
19,334,3,1,3,2,0
19,335,0,1,0,0,3
19,336,3,1,1,3,0
19,337,0,1,2,0,3
19,338,1,1,0,2,0
19,339,3,3,3,0,2
19,340,0,0,0,3,0
19,341,3,1,3,0,3
19,342,0,1,0,0,0
19,343,1,1,3,3,3
19,344,3,2,0,0,0
19,345,0,0,3,3,2
19,346,3,2,0,0,0
19,347,0,0,3,2,0
19,348,2,1,0,0,3
19,349,0,0,3,3,0
19,350,3,1,0,0,0
19,351,0,1,3,1,2
19,352,2,1,0,2,0
19,353,0,1,0,0,3
19,354,3,3,3,3,0
19,355,0,0,0,0,0
19,356,3,1,2,0,2
19,357,0,0,0,2,0
19,358,3,0,2,0,1
19,359,0,2,0,2,3
19,360,3,0,1,0,0
19,361,0,2,3,1,3
19,362,3,0,0,0,0
19,363,0,1,3,2,3
19,364,3,1,0,0,0
19,365,0,1,3,2,3
19,366,2,1,0,0,0
19,367,0,2,3,2,0
19,368,0,0,0,0,0
19,369,1,1,3,2,3
19,370,3,1,0,0,0
19,371,0,3,3,2,3
19,372,3,0,0,0,0
19,373,0,1,3,1,3
19,374,0,0,0,2,0
19,375,3,0,1,0,3
19,376,0,1,3,3,0
19,377,3,1,0,0,3
19,378,0,1,2,3,0
19,379,3,1,0,0,0
19,380,0,2,3,3,2
19,381,3,0,0,0,0
19,382,0,1,2,2,3
19,383,3,1,0,0,0
19,384,0,1,3,2,1
19,385,0,0,0,0,3
19,386,0,2,3,3,0
19,387,2,0,0,0,3
19,388,0,1,0,2,0
19,389,3,1,3,0,3
19,390,0,3,0,0,0
19,391,3,0,3,2,3
19,392,0,0,0,0,0
19,393,3,1,3,2,1
19,394,0,2,0,0,3
19,395,3,0,3,3,0
19,396,0,2,0,0,2
19,397,3,0,1,3,0
19,398,0,2,1,0,3
19,399,3,0,1,2,0
19,400,0,2,2,0,3
19,401,2,0,0,2,0
19,402,0,1,3,0,3
19,403,2,1,0,3,0
19,404,0,1,0,0,3
19,405,3,1,3,0,0
19,406,0,3,0,1,1
19,407,1,0,0,2,3
19,408,3,1,0,0,0
19,409,0,1,1,1,2
19,410,3,2,2,1,0
19,411,0,0,0,1,0
19,412,0,1,1,0,3
19,413,2,1,3,2,0
19,414,0,0,0,0,0
19,415,0,1,3,3,1
19,416,1,0,0,0,3
19,417,2,3,1,2,0
19,418,0,0,3,0,3
19,419,1,2,0,2,0
19,420,1,0,0,0,3
19,421,0,1,2,2,0
19,422,0,1,0,0,3
19,423,1,1,3,2,0
19,424,0,1,0,0,3
19,425,2,1,0,1,0
19,426,0,1,3,2,3
19,427,3,3,0,0,0
19,428,0,0,3,2,3
19,429,2,1,0,0,0
19,430,0,1,3,2,3
19,431,3,1,0,0,0
19,432,0,1,3,2,2
19,433,2,1,0,0,0
19,434,0,2,0,1,2
19,435,3,0,1,1,0
19,436,0,1,0,1,3
19,437,2,1,0,0,0
19,438,0,1,3,1,0
19,439,3,2,0,0,3
19,440,0,0,2,3,0
19,441,3,3,0,0,3
19,442,0,0,3,1,0
19,443,3,1,0,1,1
19,444,0,1,2,1,2
19,445,3,3,0,3,0
19,446,0,0,3,0,3
19,447,3,3,0,2,0
19,448,0,0,3,0,2
19,449,2,1,0,2,0
19,450,0,2,3,0,0
19,451,3,0,0,2,3
19,452,0,3,3,0,0
19,453,3,0,0,0,3
19,454,0,2,3,0,0
19,455,3,0,0,0,1
19,456,0,2,1,2,0
19,457,3,0,3,0,3
19,458,0,2,0,0,0
19,459,3,0,3,2,2
19,460,0,2,0,0,0
19,461,3,0,0,2,3
19,462,0,2,2,0,0
19,463,3,0,0,0,2
19,464,0,0,1,2,0
19,465,3,0,3,0,3
19,466,0,0,0,2,0
19,467,3,2,1,0,1
19,468,0,0,1,1,3
19,469,0,3,2,1,0
19,470,3,0,0,1,2
19,471,0,2,2,0,0
19,472,1,0,0,2,3
19,473,1,1,0,0,0
19,474,3,3,2,2,3
19,475,0,0,0,0,0
19,476,0,1,2,3,3
19,477,3,1,0,0,0
19,478,0,1,1,2,3
19,479,3,1,2,0,0
19,480,0,1,0,2,3
19,481,1,0,3,0,0
19,482,0,1,0,1,3
19,483,3,0,3,2,0
19,484,0,3,0,0,3
19,485,2,0,3,1,0
19,486,0,2,0,1,0
19,487,2,0,2,0,3
19,488,0,2,0,0,0
19,489,3,0,1,0,3
19,490,0,2,0,3,0
19,491,0,0,1,0,2
19,492,2,1,3,2,0
19,493,0,1,0,0,3
19,494,0,1,1,2,0
19,495,2,1,0,0,3
19,496,0,1,3,1,0
19,497,2,1,0,2,2
19,498,0,3,2,0,0
19,499,3,0,0,2,0
19,500,0,1,3,0,0
19,501,1,1,0,2,2
19,502,0,1,2,0,0
19,503,1,3,0,0,3
19,504,3,0,2,2,0
19,505,0,0,0,0,3
19,506,3,1,1,2,0
19,507,0,0,2,0,2
19,508,3,0,0,1,0
19,509,0,0,2,0,3
19,510,3,3,0,2,0
19,511,0,0,1,0,3
19,512,3,1,3,2,0
19,513,0,1,0,0,2
19,514,3,2,1,2,0
19,515,0,0,3,0,1
19,516,3,0,0,0,3
19,517,0,2,2,2,0
19,518,0,0,0,0,3
19,519,3,3,3,2,0
19,520,0,0,0,0,3
19,521,3,3,0,2,0
19,522,0,0,0,0,3
19,523,3,1,0,2,0
19,524,0,1,1,0,0
19,525,1,3,3,2,3
19,526,0,0,0,0,0
19,527,0,2,0,2,3
19,528,0,0,3,0,0
19,529,0,2,0,2,2
19,530,2,0,3,0,0
19,531,0,2,0,2,3
19,532,2,0,2,0,0
19,533,0,3,0,2,3
19,534,3,0,3,0,0
19,535,0,2,0,2,0
19,536,2,0,3,0,1
19,537,0,1,0,2,3
19,538,0,3,3,0,0
19,539,2,0,0,2,2
19,540,0,1,3,0,0
19,541,2,1,0,2,2
19,542,0,1,3,0,0
19,543,3,1,0,2,3
19,544,0,1,3,0,0
19,545,2,1,0,2,1
19,546,0,1,2,0,3
19,547,2,1,0,2,0
19,548,0,1,2,0,3
19,549,2,3,0,2,0
19,550,0,0,1,0,3
19,551,1,1,2,0,0
19,552,1,0,0,2,3
19,553,0,1,1,0,0
19,554,3,1,3,1,3
19,555,0,1,0,2,0
19,556,2,0,1,0,3
19,557,0,3,3,3,0
19,558,1,0,0,0,0
19,559,1,1,3,2,3
19,560,3,1,0,0,0
19,561,0,1,1,2,3
19,562,3,0,1,0,0
19,563,0,2,3,2,3
19,564,3,0,0,0,0
19,565,0,3,2,2,0
19,566,3,0,0,0,2
19,567,0,0,3,0,0
19,568,3,1,0,3,3
19,569,0,1,3,0,0
19,570,3,1,0,0,2
19,571,0,1,1,0,0
19,572,3,2,3,3,2
19,573,0,0,0,0,0
19,574,3,0,2,2,2
19,575,0,1,0,0,0
19,576,0,1,2,2,2
19,577,1,3,0,0,0
19,578,3,0,0,3,3
19,579,0,3,3,0,0
19,580,3,0,0,1,2
19,581,0,0,0,1,0
19,582,0,1,1,3,3
19,583,3,0,0,0,0
19,584,0,3,3,2,2
19,585,3,0,0,0,0
19,586,0,3,3,1,2
19,587,3,0,0,0,0
19,588,0,1,2,2,3
19,589,3,1,0,0,0
19,590,0,1,3,2,0
19,591,3,1,0,0,3
19,592,0,1,3,2,0
19,593,0,0,0,0,1
19,594,2,1,2,3,3
19,595,0,3,0,0,0
19,596,3,0,1,3,3
19,597,0,0,2,0,0
19,598,1,2,0,2,3
19,599,1,0,2,0,0
19,600,0,1,0,1,0
19,601,0,1,2,1,3
19,602,3,3,0,3,0
19,603,0,0,2,0,1
19,604,3,0,0,3,3
19,605,0,1,0,0,0
19,606,3,0,2,1,3
19,607,0,3,0,2,0
19,608,3,0,2,0,3
19,609,0,1,0,3,0
19,610,3,1,2,0,0
19,611,0,0,0,2,1
19,612,0,1,2,0,0
19,613,1,3,0,1,3
19,614,1,0,2,0,0
19,615,2,0,0,2,3
19,616,0,1,2,0,0
19,617,3,1,0,2,3
19,618,0,1,3,0,0
19,619,3,2,0,2,3
19,620,0,0,3,0,0
19,621,3,1,0,0,3
19,622,0,1,3,0,0
19,623,2,1,0,2,3
19,624,0,1,0,0,0
19,625,3,2,3,3,3
19,626,0,0,0,0,0
19,627,1,1,3,2,3
19,628,3,0,0,0,0
19,629,0,1,2,2,3
19,630,2,1,0,0,0
19,631,0,0,2,2,3
19,632,3,1,0,0,0
19,633,0,1,2,0,3
19,634,2,3,0,3,0
19,635,0,0,1,0,3
19,636,0,0,0,3,0
19,637,2,0,2,0,3
19,638,0,0,0,2,0
19,639,0,2,0,0,2
19,640,2,0,2,3,0
19,641,0,3,0,0,3
19,642,2,0,2,3,0
19,643,0,3,0,0,2
19,644,3,0,1,2,0
19,645,0,1,2,0,3
19,646,2,0,0,2,0
19,647,0,1,3,0,2
19,648,2,0,0,1,0
19,649,0,1,2,0,3
19,650,3,2,0,3,0
19,651,0,0,3,0,3
19,652,2,1,0,0,0
19,653,0,1,2,2,0
19,654,1,3,0,0,3
19,655,1,0,0,3,0
19,656,0,1,2,0,0
19,657,2,0,0,2,1
19,658,0,1,3,0,1
19,659,1,0,0,3,0
19,660,0,1,3,0,3
19,661,0,0,0,1,0
19,662,3,1,2,1,3
19,663,0,0,0,0,0
19,664,3,1,3,0,1
19,665,0,1,0,3,3
19,666,2,2,0,0,0
19,667,0,0,3,3,3
19,668,1,0,0,0,0
19,669,1,3,2,2,3
19,670,1,0,0,0,0
19,671,0,0,3,3,3
19,672,1,0,0,0,0
19,673,1,0,2,3,3
19,674,3,2,0,0,0
19,675,0,0,2,3,1
19,676,0,2,0,0,0
19,677,0,0,2,3,3
19,678,0,2,0,0,0
19,679,1,0,2,2,3
19,680,1,1,0,0,0
19,681,1,0,2,3,3
19,682,0,1,0,0,0
19,683,3,0,2,3,0
19,684,0,1,0,0,3
19,685,2,2,2,3,0
19,686,0,0,0,0,3
19,687,2,1,1,3,0
19,688,0,0,0,0,3
19,689,1,0,2,1,0
19,690,2,1,0,2,3
19,691,0,1,2,0,0
19,692,2,0,0,0,3
19,693,0,1,1,0,0
19,694,2,0,3,2,0
19,695,0,3,0,0,0
19,696,3,0,2,2,3
19,697,0,1,0,0,0
19,698,0,0,2,3,3
19,699,2,3,0,0,0
19,700,0,0,2,1,3
19,701,2,1,0,3,0
19,702,0,3,2,0,1
19,703,2,0,0,3,0
19,704,0,1,2,0,3
19,705,2,0,0,3,0
19,706,0,0,0,0,1
19,707,0,1,1,3,2
19,708,2,0,2,0,0
19,709,0,1,0,0,3
19,710,2,2,2,0,0
19,711,0,0,0,3,3
19,712,0,1,3,0,0
19,713,2,0,0,1,3
19,714,0,1,2,3,0
19,715,2,2,0,0,3
19,716,0,0,3,3,0
19,717,3,2,0,0,1
19,718,0,0,3,0,3
19,719,3,0,0,3,0
19,720,0,1,3,0,3
19,721,0,0,0,3,0
19,722,3,2,1,0,2
19,723,0,0,3,3,0
19,724,2,0,0,0,3
19,725,0,0,2,3,0
19,726,0,0,0,0,3
19,727,0,1,2,3,0
19,728,0,0,0,0,2
19,729,3,3,2,2,0
19,730,0,0,0,0,3
19,731,0,2,3,3,0
19,732,3,0,0,0,1
19,733,0,1,2,1,3
19,734,3,0,0,3,0
19,735,0,1,2,0,2
19,736,2,0,0,0,0
19,737,0,1,1,3,3
19,738,2,0,3,0,0
19,739,0,2,0,3,3
19,740,3,0,3,0,0
19,741,0,3,0,3,3
19,742,3,0,1,0,0
19,743,0,2,1,3,3
19,744,3,0,2,0,0
19,745,0,2,0,3,2
19,746,3,0,1,0,0
19,747,0,2,2,3,1
19,748,1,0,0,0,3
19,749,3,1,1,0,0
19,750,0,0,3,3,2
19,751,3,1,0,0,0
19,752,0,3,3,3,1
19,753,3,0,0,0,3
19,754,0,1,3,3,0
19,755,3,3,0,0,2
19,756,0,0,0,1,0
19,757,3,0,0,0,3
19,758,0,1,3,3,0
19,759,0,1,0,0,3
19,760,2,1,3,2,0
19,761,0,1,0,0,3
19,762,0,1,3,3,0
19,763,1,0,0,0,1
19,764,3,2,1,2,3
19,765,0,0,3,0,0
19,766,1,2,0,1,3
19,767,3,0,0,0,0
19,768,0,1,2,0,3
19,769,1,1,0,2,0
19,770,1,1,1,0,3
19,771,0,2,3,2,0
19,772,2,0,0,0,3
19,773,0,1,0,3,0
19,774,1,1,3,0,0
19,775,3,0,0,3,3
19,776,0,1,3,0,0
19,777,3,0,0,3,3
19,778,0,1,3,0,0
19,779,2,0,0,3,1
19,780,0,1,1,0,3
19,781,3,2,0,3,0
19,782,0,0,3,0,1
19,783,3,1,0,3,0
19,784,0,3,3,0,3
19,785,3,0,0,3,0
19,786,0,1,2,0,0
19,787,3,1,0,1,3
19,788,0,1,0,3,0
19,789,3,0,3,0,3
19,790,0,1,0,3,0
19,791,3,1,3,0,3
19,792,0,1,0,3,0
19,793,0,1,2,0,3
19,794,3,0,0,3,0
19,795,0,1,0,0,1
19,796,3,1,3,2,3
19,797,0,3,0,0,0
19,798,2,0,2,0,3
19,799,0,1,0,3,0
19,800,2,3,2,0,1
19,801,0,0,0,0,3
19,802,3,1,0,2,0
19,803,0,0,3,0,0
19,804,0,3,0,3,2
19,805,0,0,2,0,0
19,806,2,3,0,0,2
19,807,0,0,2,3,0
19,808,1,0,0,0,3
19,809,3,0,2,0,0
19,810,0,3,0,0,3
19,811,3,0,3,3,0
19,812,0,2,0,0,3
19,813,3,0,3,1,0
19,814,0,1,0,0,0
19,815,0,2,1,3,3
19,816,0,0,3,0,0
19,817,1,2,0,1,2
19,818,3,0,3,1,0
19,819,0,3,0,3,3
19,820,2,0,1,0,0
19,821,0,1,1,3,3
19,822,2,1,0,0,0
19,823,0,1,0,3,2
19,824,0,2,3,0,0
19,825,2,0,0,1,3
19,826,0,1,1,3,0
19,827,2,2,3,0,3
19,828,0,0,0,0,0
19,829,2,1,3,3,3
19,830,0,1,0,0,0
19,831,3,0,3,0,3
19,832,0,0,0,3,0
19,833,1,2,2,0,1
19,834,3,0,0,1,1
19,835,0,2,2,2,3
19,836,2,0,0,0,0
19,837,0,2,2,2,1
19,838,3,0,0,0,3
19,839,0,1,0,3,0
19,840,3,2,0,0,3
19,841,0,0,2,3,0
19,842,0,1,0,0,3
19,843,3,2,2,1,0
19,844,0,0,0,1,0
19,845,3,0,2,2,1
19,846,0,1,0,0,3
19,847,2,1,2,3,0
19,848,0,2,0,0,3
19,849,3,0,1,1,0
19,850,0,2,1,1,0
19,851,0,0,2,3,3
19,852,3,1,0,0,0
19,853,0,2,3,3,3
19,854,0,0,0,0,0
19,855,3,1,0,3,3
19,856,0,3,3,0,0
19,857,3,0,0,3,3
19,858,0,1,3,0,0
19,859,3,1,0,3,1
19,860,0,1,2,0,3
19,861,3,2,0,3,0
19,862,0,0,2,0,3
19,863,3,0,0,3,0
19,864,0,0,1,0,3
19,865,3,3,2,3,0
19,866,0,0,0,0,0
19,867,3,1,2,3,1
19,868,0,2,0,0,1
19,869,2,0,2,2,0
19,870,0,2,0,0,2
19,871,3,0,2,3,0
19,872,0,2,0,0,2
19,873,0,0,2,3,0
19,874,0,3,0,0,2
19,875,1,0,2,0,0
19,876,1,2,0,2,0
19,877,2,0,2,0,3
19,878,0,2,0,3,0
19,879,2,0,2,0,3
19,880,0,3,0,3,0
19,881,2,0,3,0,1
19,882,0,2,0,1,2
19,883,2,0,2,3,0
19,884,0,1,0,0,0
19,885,2,0,2,0,3
19,886,0,1,0,3,0
19,887,1,0,2,0,1
19,888,2,1,0,3,1
19,889,0,3,2,0,1
19,890,0,0,0,0,1
19,891,2,1,3,3,1
19,892,0,2,0,0,2
19,893,3,0,3,3,0
19,894,0,0,0,0,1
19,895,3,1,3,2,2
19,896,0,0,0,0,0
19,897,3,1,3,2,2
19,898,0,2,0,0,0
19,899,3,0,2,0,3
19,900,0,2,0,2,0
19,901,1,0,3,0,2
19,902,3,2,0,2,0
19,903,0,0,3,0,3
19,904,3,2,0,3,0
19,905,0,0,3,0,3
19,906,2,3,0,3,0
19,907,0,0,0,0,0
19,908,1,1,0,2,0
19,909,2,1,2,0,0
19,910,0,0,0,0,3
19,911,2,1,0,3,0
19,912,0,0,2,0,1
19,913,3,3,0,0,1
19,914,0,0,2,3,0
19,915,2,3,0,0,3
19,916,0,0,0,0,0
19,917,3,3,2,0,3
19,918,0,0,0,3,0
19,919,0,0,2,0,0
19,920,3,0,0,3,2
19,921,0,2,0,0,0
19,922,2,0,3,1,3
19,923,0,1,0,1,0
19,924,3,1,0,1,3
19,925,0,1,2,3,0
19,926,3,3,0,0,3
19,927,0,0,2,3,0
19,928,1,2,0,0,3
19,929,3,0,2,3,0
19,930,0,2,0,0,3
19,931,2,0,2,3,0
19,932,0,2,0,0,3
19,933,0,0,2,0,0
19,934,3,1,0,1,0
19,935,0,2,2,0,2
19,936,2,0,0,3,0
19,937,0,2,0,0,0
19,938,1,0,2,2,3
19,939,2,1,0,0,0
19,940,0,1,0,3,0
19,941,3,0,3,0,3
19,942,0,1,0,1,0
19,943,3,2,2,1,3
19,944,0,0,0,0,0
19,945,1,1,2,2,3
19,946,3,0,0,0,0
19,947,0,2,2,0,2
19,948,2,0,0,0,0
19,949,0,1,3,2,3
19,950,2,2,0,0,0
19,951,0,0,2,3,1
19,952,3,0,0,0,1
19,953,0,2,1,0,3
19,954,3,0,0,2,0
19,955,0,0,3,0,2
19,956,1,2,0,0,0
19,957,3,0,3,2,1
19,958,0,3,0,0,3
19,959,3,0,3,3,0
19,960,0,2,0,0,3
19,961,1,0,3,3,0
19,962,0,2,0,0,3
19,963,1,0,3,3,0
19,964,0,2,0,0,2
19,965,0,0,0,3,0
19,966,3,2,3,0,3
19,967,0,0,0,3,0
19,968,1,2,3,0,3
19,969,0,0,0,1,0
19,970,2,2,2,0,2
19,971,0,0,0,1,0
19,972,2,2,0,3,0
19,973,0,0,2,0,3
19,974,2,2,0,3,0
19,975,0,0,0,0,3
19,976,3,2,2,2,0
19,977,0,0,0,0,3
19,978,3,0,0,2,0
19,979,0,1,2,0,3
19,980,1,1,0,3,0
19,981,3,2,2,0,3
19,982,0,0,0,2,0
19,983,3,1,0,0,3
19,984,0,1,2,2,0
19,985,0,1,0,0,3
19,986,2,1,0,1,0
19,987,0,2,1,0,1
19,988,0,0,2,3,3
19,989,0,1,0,0,0
19,990,1,1,2,1,0
19,991,0,2,0,0,0
19,992,0,0,2,3,0
19,993,3,2,0,0,3
19,994,0,0,3,1,0
19,995,2,3,0,1,3
19,996,0,0,3,0,0
19,997,1,2,0,3,0
19,998,0,0,1,0,3
19,999,3,3,1,2,0
20,0,2,0,1,3,3
20,1,0,1,3,0,0
20,2,3,1,0,3,3
20,3,0,3,0,0,0
20,4,0,0,3,1,3
20,5,3,1,0,0,0
20,6,0,0,3,1,1
20,7,3,2,0,1,3
20,8,0,0,0,1,0
20,9,3,2,3,0,3
20,10,0,0,0,3,0
20,11,3,1,1,0,3
20,12,0,1,1,1,0
20,13,3,1,1,0,3
20,14,0,1,1,1,0
20,15,3,2,0,3,3
20,16,0,0,3,0,0
20,17,0,1,0,3,3
20,18,0,1,2,0,0
20,19,1,0,0,0,3
20,20,3,1,3,3,0
20,21,0,3,0,0,3
20,22,3,0,3,3,0
20,23,0,0,0,0,2
20,24,3,1,3,3,0
20,25,0,2,0,0,3
20,26,3,0,3,1,0
20,27,0,1,0,3,3
20,28,3,2,3,0,0
20,29,0,0,0,2,3
20,30,3,3,1,0,0
20,31,0,0,3,3,0
20,32,3,0,0,0,3
20,33,0,3,3,3,0
20,34,2,0,0,0,1
20,35,0,0,0,3,3
20,36,3,0,1,0,0
20,37,0,0,2,3,1
20,38,0,0,0,0,3
20,39,1,0,3,2,0
20,40,3,1,0,0,3
20,41,0,0,3,0,0
20,42,3,1,0,3,2
20,43,0,0,2,0,0
20,44,3,0,0,3,2
20,45,0,3,0,0,0
20,46,3,0,3,3,3
20,47,0,3,0,0,0
20,48,3,0,1,3,3
20,49,0,1,3,0,0
20,50,3,1,0,3,3
20,51,0,0,1,0,0
20,52,0,2,1,0,3
20,53,0,0,0,3,0
20,54,3,0,1,0,3
20,55,0,2,3,3,0
20,56,3,0,0,0,2
20,57,0,0,1,3,0
20,58,2,1,1,0,3
20,59,0,3,1,3,0
20,60,3,0,1,0,1
20,61,0,1,1,3,3
20,62,3,1,1,0,0
20,63,0,2,1,2,3
20,64,3,0,0,0,0
20,65,0,1,0,3,3
20,66,1,1,0,0,0
20,67,3,1,1,0,3
20,68,0,3,1,0,0
20,69,3,0,1,0,3
20,70,0,1,1,3,0
20,71,3,0,3,0,1
20,72,0,3,0,3,0
20,73,1,0,1,0,3
20,74,2,1,1,3,0
20,75,0,2,0,0,2
20,76,3,0,1,0,0
20,77,0,1,1,3,3
20,78,1,0,0,0,0
20,79,3,1,3,2,3
20,80,0,1,0,0,0
20,81,2,1,3,0,2
20,82,0,1,0,2,0
20,83,3,1,2,0,2
20,84,0,1,0,3,0
20,85,3,1,1,0,2
20,86,0,2,3,2,0
20,87,3,0,0,0,2
20,88,0,2,1,3,0
20,89,3,0,0,0,2
20,90,0,1,2,3,0
20,91,3,3,0,0,0
20,92,0,0,0,2,2
20,93,1,3,0,0,0
20,94,0,0,1,3,3
20,95,3,1,1,0,0
20,96,0,1,0,0,3
20,97,3,1,3,2,0
20,98,0,2,0,0,3
20,99,3,0,2,1,0
20,100,0,1,0,3,2
20,101,1,2,0,0,0
20,102,3,0,0,3,3
20,103,0,2,3,0,0
20,104,2,0,0,2,3
20,105,0,3,0,0,0
20,106,3,0,3,3,2
20,107,0,2,0,0,0
20,108,3,0,1,0,1
20,109,0,3,1,0,3
20,110,2,0,1,2,0
20,111,0,1,1,0,2
20,112,0,1,1,1,0
20,113,3,1,1,3,1
20,114,0,1,0,0,3
20,115,3,1,3,1,0
20,116,0,1,0,2,2
20,117,2,1,1,0,0
20,118,0,1,3,2,2
20,119,3,2,0,0,0
20,120,0,0,1,0,3
20,121,2,2,1,2,0
20,122,0,0,0,0,3
20,123,3,1,1,2,0
20,124,0,1,0,0,3
20,125,3,1,1,2,0
20,126,0,1,0,0,3
20,127,3,1,2,0,0
20,128,0,1,0,2,2
20,129,1,0,2,0,0
20,130,3,1,0,1,3
20,131,0,1,0,0,0
20,132,3,1,3,0,3
20,133,0,1,0,0,0
20,134,1,0,0,1,1
20,135,3,1,0,0,3
20,136,0,2,0,2,0
20,137,3,0,0,0,1
20,138,0,1,2,0,3
20,139,3,3,0,0,0
20,140,0,0,0,2,3
20,141,1,0,1,0,0
20,142,0,1,0,0,3
20,143,0,0,1,2,0
20,144,3,1,0,0,3
20,145,0,1,1,0,0
20,146,0,0,3,0,3
20,147,0,1,0,1,0
20,148,0,1,1,1,3
20,149,2,2,1,0,0
20,150,0,0,1,0,3
20,151,0,2,1,0,0
20,152,0,0,1,0,1
20,153,3,1,0,0,3
20,154,0,0,1,0,0
20,155,0,1,3,0,3
20,156,3,0,0,3,0
20,157,0,2,2,0,3
20,158,1,0,0,0,0
20,159,1,3,0,0,2
20,160,3,0,0,3,0
20,161,0,3,0,0,2
20,162,3,0,0,2,0
20,163,0,2,1,0,3
20,164,3,0,1,3,0
20,165,0,1,0,0,2
20,166,1,1,3,2,0
20,167,0,3,0,0,3
20,168,3,0,3,2,0
20,169,0,1,0,0,3
20,170,3,0,3,1,0
20,171,0,1,0,2,2
20,172,3,3,1,0,0
20,173,0,0,0,2,3
20,174,0,3,0,0,0
20,175,1,0,3,3,3
20,176,0,3,0,0,0
20,177,2,0,3,3,3
20,178,0,0,0,0,0
20,179,0,1,2,3,3
20,180,1,0,0,0,0
20,181,3,1,1,1,3
20,182,0,3,3,2,0
20,183,2,0,0,0,2
20,184,0,3,0,3,0
20,185,1,0,2,0,3
20,186,3,1,0,1,0
20,187,0,3,3,1,3
20,188,1,0,0,1,0
20,189,3,0,2,1,3
20,190,0,3,0,0,0
20,191,3,0,3,0,2
20,192,0,2,0,3,0
20,193,2,0,3,0,2
20,194,0,2,0,3,0
20,195,3,0,1,0,3
20,196,0,3,2,3,0
20,197,2,0,0,0,1
20,198,0,2,3,3,0
20,199,3,0,0,0,3
20,200,0,3,3,3,0
20,201,3,0,0,0,3
20,202,0,0,1,3,0
20,203,3,2,2,0,3
20,204,0,0,0,1,0
20,205,3,1,0,1,3
20,206,0,1,1,1,0
20,207,2,0,2,0,0
20,208,0,0,0,0,1
20,209,3,3,3,1,0
20,210,0,0,0,1,1
20,211,3,0,3,1,3
20,212,0,2,0,3,0
20,213,0,0,0,0,2
20,214,0,1,3,1,0
20,215,2,0,0,2,0
20,216,0,2,3,0,2
20,217,1,0,0,1,0
20,218,0,2,1,1,3
20,219,3,0,3,2,0
20,220,0,1,0,0,3
20,221,3,1,0,1,0
20,222,0,0,0,0,3
20,223,2,3,0,1,0
20,224,0,0,0,1,1
20,225,3,0,3,2,0
20,226,0,2,0,0,3
20,227,3,0,3,3,0
20,228,0,1,0,0,3
20,229,2,1,2,3,0
20,230,0,0,0,0,3
20,231,3,1,3,1,0
20,232,0,1,0,2,1
20,233,3,1,3,0,3
20,234,0,0,0,1,0
20,235,1,1,1,3,3
20,236,2,0,1,0,0
20,237,0,1,2,3,1
20,238,3,0,0,0,3
20,239,0,2,0,1,0
20,240,3,0,3,1,3
20,241,0,3,0,1,0
20,242,0,0,3,1,0
20,243,2,2,0,1,3
20,244,0,0,3,1,0
20,245,3,2,0,1,1
20,246,0,0,3,1,3
20,247,3,3,0,2,0
20,248,0,0,1,0,3
20,249,3,1,0,2,0
20,250,0,1,3,0,3
20,251,2,1,0,0,0
20,252,0,0,1,0,3
20,253,3,0,3,2,0
20,254,0,0,0,0,3
20,255,3,0,3,3,0
20,256,0,0,0,0,3
20,257,3,0,1,3,0
20,258,0,0,3,0,3
20,259,1,0,0,3,0
20,260,0,0,3,0,3
20,261,3,0,0,2,0
20,262,0,0,0,0,0
20,263,3,1,3,1,3
20,264,0,0,0,0,0
20,265,3,1,3,2,3
20,266,0,3,0,0,0
20,267,0,0,0,1,1
20,268,0,3,2,1,0
20,269,1,0,0,2,0
20,270,0,0,3,0,0
20,271,3,3,0,2,2
20,272,0,0,3,0,0
20,273,3,3,0,3,2
20,274,0,0,3,0,0
20,275,3,3,0,3,3
20,276,0,0,3,0,0
20,277,1,1,0,3,3
20,278,0,1,0,0,0
20,279,2,1,1,3,0
20,280,0,1,3,0,3
20,281,0,3,0,0,0
20,282,3,0,0,3,3
20,283,0,3,3,0,0
20,284,3,0,0,3,3
20,285,0,1,1,0,0
20,286,3,0,0,3,1
20,287,0,1,3,0,3
20,288,3,0,0,1,0
20,289,0,1,3,2,3
20,290,3,0,0,0,0
20,291,0,3,3,3,3
20,292,3,0,0,0,0
20,293,0,1,3,2,2
20,294,3,1,0,0,0
20,295,0,0,1,2,1
20,296,3,1,3,0,0
20,297,0,2,0,2,1
20,298,3,0,3,0,2
20,299,0,2,0,3,0
20,300,3,0,3,0,2
20,301,0,0,0,0,0
20,302,2,0,2,3,3
20,303,0,2,0,0,0
20,304,3,0,0,3,3
20,305,0,0,2,0,0
20,306,1,1,0,3,3
20,307,3,0,3,0,0
20,308,0,0,0,3,3
20,309,1,1,2,0,0
20,310,3,3,0,2,3
20,311,0,0,3,0,0
20,312,0,1,0,3,3
20,313,3,3,2,0,0
20,314,0,0,0,2,3
20,315,3,2,3,0,0
20,316,0,0,0,3,3
20,317,0,1,0,0,0
20,318,0,2,1,2,3
20,319,3,0,3,0,0
20,320,0,3,0,2,3
20,321,3,0,3,0,0
20,322,0,0,0,0,3
20,323,3,1,3,2,0
20,324,0,1,0,0,3
20,325,3,1,0,0,0
20,326,0,0,3,3,3
20,327,3,1,0,0,0
20,328,0,0,3,2,3
20,329,3,1,0,0,0
20,330,0,1,3,3,0
20,331,3,1,0,0,3
20,332,0,1,3,2,0
20,333,3,1,0,0,3
20,334,0,0,3,1,0
20,335,3,0,0,0,1
20,336,0,3,1,2,2
20,337,3,0,2,0,0
20,338,0,0,0,2,2
20,339,3,1,3,0,0
20,340,0,0,0,3,3
20,341,3,1,1,0,0
20,342,0,3,3,0,0
20,343,1,0,0,2,3
20,344,0,1,3,0,0
20,345,3,1,0,1,3
20,346,0,3,3,2,0
20,347,0,0,0,0,0
20,348,3,2,3,2,1
20,349,0,0,0,0,1
20,350,3,0,3,3,1
20,351,0,1,0,0,3
20,352,0,1,0,0,0
20,353,3,0,3,2,3
20,354,0,2,0,0,0
20,355,0,0,3,3,2
20,356,2,3,0,0,0
20,357,0,0,2,2,2
20,358,1,1,0,0,0
20,359,0,2,2,3,3
20,360,3,0,0,0,0
20,361,0,2,1,0,3
20,362,1,0,2,3,0
20,363,2,1,0,0,3
20,364,0,1,0,1,0
20,365,0,3,3,1,3
20,366,3,0,0,2,0
20,367,0,1,3,0,3
20,368,3,2,0,3,0
20,369,0,0,2,0,3
20,370,3,1,0,2,0
20,371,0,0,2,0,0
20,372,3,1,0,2,3
20,373,0,1,3,0,0
20,374,3,0,0,2,3
20,375,0,0,1,0,0
20,376,3,1,3,2,3
20,377,0,1,0,0,0
20,378,1,3,3,1,1
20,379,3,0,0,1,3
20,380,0,2,1,2,0
20,381,3,0,3,0,3
20,382,0,1,0,3,0
20,383,3,1,1,0,0
20,384,0,0,0,2,3
20,385,3,1,1,0,0
20,386,0,1,3,3,1
20,387,3,1,0,0,3
20,388,0,0,3,2,0
20,389,3,0,0,0,3
20,390,0,1,3,2,0
20,391,2,3,0,0,3
20,392,0,0,0,2,0
20,393,3,2,0,0,3
20,394,0,0,1,2,0
20,395,3,0,3,0,3
20,396,0,2,0,2,0
20,397,0,0,3,0,3
20,398,0,0,0,2,0
20,399,1,0,3,0,0
20,400,0,0,0,0,3
20,401,0,0,0,2,0
20,402,0,2,3,0,3
20,403,0,0,0,1,0
20,404,0,0,2,2,2
20,405,2,1,0,0,0
20,406,0,2,0,0,3
20,407,0,0,3,2,0
20,408,3,3,0,0,3
20,409,0,0,2,1,0
20,410,2,0,0,3,3
20,411,0,0,3,0,0
20,412,2,0,0,0,0
20,413,0,1,1,3,1
20,414,2,0,1,0,3
20,415,0,0,3,2,0
20,416,1,1,0,0,3
20,417,0,1,3,3,0
20,418,3,3,0,0,3
20,419,0,0,1,2,0
20,420,3,1,1,0,0
20,421,0,0,1,1,3
20,422,2,1,0,3,0
20,423,0,1,1,0,3
20,424,3,2,2,0,0
20,425,0,0,0,3,3
20,426,3,2,0,0,0
20,427,0,0,2,2,2
20,428,3,3,0,0,0
20,429,0,0,2,2,3
20,430,3,1,0,0,0
20,431,0,1,3,2,2
20,432,3,1,0,0,0
20,433,0,1,1,3,2
20,434,3,1,2,0,0
20,435,0,3,0,3,3
20,436,3,0,1,0,0
20,437,0,3,2,0,3
20,438,3,0,0,2,0
20,439,0,3,3,0,3
20,440,2,0,0,2,0
20,441,0,3,0,0,1
20,442,0,0,3,1,0
20,443,2,0,0,3,0
20,444,0,0,2,0,3
20,445,3,3,0,0,0
20,446,0,0,3,2,3
20,447,0,3,0,0,0
20,448,3,0,3,2,1
20,449,0,0,0,0,3
20,450,3,0,1,2,0
20,451,0,1,2,0,3
20,452,2,1,0,2,0
20,453,0,1,1,0,3
20,454,1,3,3,1,0
20,455,2,0,0,1,3
20,456,0,2,2,2,0
20,457,3,0,0,0,3
20,458,0,2,3,0,0
20,459,3,0,0,2,3
20,460,0,3,3,0,0
20,461,1,0,0,3,2
20,462,3,2,2,0,0
20,463,0,0,0,2,3
20,464,1,2,2,0,0
20,465,1,0,0,2,2
20,466,3,3,3,0,0
20,467,0,0,0,2,3
20,468,0,1,3,0,0
20,469,3,2,0,2,0
20,470,0,0,1,0,3
20,471,3,3,3,2,0
20,472,0,0,0,0,3
20,473,3,1,3,2,0
20,474,0,0,0,0,3
20,475,3,1,0,2,0
20,476,0,1,2,0,2
20,477,3,0,0,0,0
20,478,0,3,2,1,0
20,479,0,0,0,2,1
20,480,3,2,2,0,2
20,481,0,0,0,2,0
20,482,3,0,1,0,3
20,483,0,3,0,0,0
20,484,3,0,0,2,2
20,485,0,1,3,0,0
20,486,3,3,0,2,1
20,487,0,0,2,0,3
20,488,2,1,0,3,0
20,489,0,1,3,0,3
20,490,3,1,0,3,0
20,491,0,1,3,0,1
20,492,0,1,0,3,2
20,493,0,1,0,0,0
20,494,2,3,3,2,3
20,495,0,0,0,0,0
20,496,1,2,3,1,3
20,497,0,0,0,2,0
20,498,3,1,1,0,3
20,499,0,2,3,2,0
20,500,3,0,0,0,0
20,501,0,0,3,2,2
20,502,3,2,0,0,0
20,503,0,0,2,2,1
20,504,2,1,0,0,1
20,505,0,1,2,3,3
20,506,3,1,0,0,0
20,507,0,1,0,0,2
20,508,0,1,3,2,0
20,509,3,2,0,0,3
20,510,0,0,3,2,0
20,511,3,3,0,0,3
20,512,0,0,2,2,0
20,513,0,3,0,0,0
20,514,1,0,2,3,2
20,515,0,3,0,0,0
20,516,2,0,3,1,1
20,517,0,0,0,0,3
20,518,0,1,3,2,0
20,519,1,1,0,0,3
20,520,3,1,3,3,0
20,521,0,0,0,0,2
20,522,3,1,3,2,0
20,523,0,2,0,0,3
20,524,3,0,3,2,0
20,525,0,3,0,0,3
20,526,3,0,3,2,0
20,527,0,1,0,0,3
20,528,1,1,2,2,0
20,529,3,1,0,0,0
20,530,0,2,2,2,3
20,531,3,0,0,0,0
20,532,0,1,3,2,3
20,533,3,1,0,0,0
20,534,0,1,0,2,3
20,535,3,1,2,0,0
20,536,0,0,0,3,3
20,537,0,1,0,0,0
20,538,0,1,1,2,3
20,539,1,0,2,0,0
20,540,3,2,0,2,0
20,541,0,0,2,0,3
20,542,0,1,0,2,0
20,543,0,1,3,0,0
20,544,3,0,0,3,0
20,545,0,1,2,0,2
20,546,0,0,0,2,0
20,547,0,1,3,0,3
20,548,1,1,0,1,0
20,549,0,1,0,0,3
20,550,3,1,3,2,0
20,551,0,1,0,0,3
20,552,1,3,3,0,0
20,553,1,0,0,2,0
20,554,0,1,3,0,0
20,555,2,0,0,1,0
20,556,0,1,2,3,3
20,557,2,3,0,0,0
20,558,0,0,1,1,3
20,559,2,1,1,3,0
20,560,0,0,3,0,1
20,561,2,1,0,3,3
20,562,0,1,3,0,0
20,563,3,1,0,2,1
20,564,0,1,1,0,3
20,565,0,2,2,1,0
20,566,2,0,0,2,0
20,567,0,1,1,0,3
20,568,3,0,1,1,0
20,569,0,0,1,2,2
20,570,3,1,1,0,0
20,571,0,0,3,2,3
20,572,2,2,0,0,0
20,573,0,0,3,1,0
20,574,3,1,0,1,3
20,575,0,2,3,1,0
20,576,1,0,0,2,2
20,577,0,1,2,0,0
20,578,3,1,0,2,3
20,579,0,2,2,0,0
20,580,3,0,0,1,3
20,581,0,1,3,0,0
20,582,3,1,0,1,3
20,583,0,1,0,0,0
20,584,2,2,0,0,2
20,585,0,0,3,0,0
20,586,2,2,0,0,0
20,587,0,0,2,0,3
20,588,3,0,0,0,0
20,589,0,2,3,1,3
20,590,3,0,0,0,0
20,591,0,1,3,2,3
20,592,3,2,0,0,0
20,593,0,0,3,1,3
20,594,0,1,0,1,0
20,595,2,2,3,2,3
20,596,0,0,0,0,0
20,597,2,1,0,2,3
20,598,0,0,1,0,0
20,599,2,1,2,2,3
20,600,0,3,0,0,0
20,601,2,0,2,1,0
20,602,0,1,0,0,2
20,603,2,0,1,0,0
20,604,0,3,3,2,3
20,605,0,0,0,0,0
20,606,2,0,3,2,2
20,607,0,3,0,0,0
20,608,2,0,0,1,3
20,609,0,0,3,0,0
20,610,3,1,0,3,3
20,611,0,1,2,0,0
20,612,2,1,0,1,3
20,613,0,2,3,2,0
20,614,1,0,0,0,3
20,615,3,1,3,2,0
20,616,0,1,0,0,3
20,617,0,3,2,3,0
20,618,3,0,0,0,2
20,619,0,1,3,2,0
20,620,2,0,0,0,1
20,621,0,0,2,0,2
20,622,3,1,0,3,0
20,623,0,0,0,0,0
20,624,0,0,2,3,3
20,625,2,1,0,0,0
20,626,0,0,0,0,0
20,627,2,1,2,2,2
20,628,0,1,0,0,0
20,629,1,1,2,1,3
20,630,0,2,0,0,0
20,631,0,0,3,2,3
20,632,3,1,0,0,0
20,633,0,1,1,0,3
20,634,1,0,3,2,0
20,635,0,3,0,0,2
20,636,1,0,3,1,0
20,637,3,1,0,1,3
20,638,0,0,3,3,0
20,639,0,1,0,0,2
20,640,2,0,2,0,0
20,641,0,3,0,1,3
20,642,2,0,3,1,0
20,643,0,1,0,0,3
20,644,2,1,3,3,0
20,645,0,0,0,0,3
20,646,1,2,3,3,0
20,647,0,0,0,0,3
20,648,2,2,0,0,0
20,649,0,0,3,1,0
20,650,2,2,0,2,3
20,651,0,0,2,0,0
20,652,2,1,0,2,2
20,653,0,1,3,0,0
20,654,0,1,0,3,1
20,655,2,2,2,0,0
20,656,0,0,0,3,3
20,657,0,2,3,0,0
20,658,0,0,0,3,3
20,659,2,3,3,0,0
20,660,0,0,0,3,2
20,661,2,2,3,0,0
20,662,0,0,0,3,3
20,663,2,2,3,0,0
20,664,0,0,0,1,3
20,665,2,1,1,2,0
20,666,0,2,3,0,3
20,667,2,0,0,0,0
20,668,0,1,3,0,3
20,669,2,3,0,2,0
20,670,0,0,2,0,2
20,671,2,1,0,2,0
20,672,0,0,3,0,3
20,673,3,1,0,2,0
20,674,0,0,3,0,3
20,675,3,3,0,2,0
20,676,0,0,1,0,3
20,677,0,0,3,2,0
20,678,2,3,0,0,3
20,679,0,0,2,2,0
20,680,2,3,0,0,0
20,681,0,0,3,3,1
20,682,2,1,0,0,3
20,683,0,0,3,2,0
20,684,2,1,0,0,1
20,685,0,3,2,0,3
20,686,2,0,0,3,0
20,687,0,0,3,0,3
20,688,2,2,0,3,0
20,689,0,0,2,0,3
20,690,2,1,0,2,0
20,691,0,0,2,0,2
20,692,2,1,0,1,0
20,693,0,0,3,0,3
20,694,0,2,0,3,0
20,695,1,0,2,0,2
20,696,3,1,0,0,0
20,697,0,0,3,2,2
20,698,2,1,0,0,0
20,699,0,1,2,0,3
20,700,2,1,0,3,0
20,701,0,1,0,0,3
20,702,1,1,3,2,0
20,703,3,0,0,0,3
20,704,0,1,2,2,0
20,705,1,0,0,0,0
20,706,3,3,2,2,2
20,707,0,0,0,0,0
20,708,2,3,1,1,1
20,709,0,0,2,0,3
20,710,3,0,0,0,0
20,711,0,2,3,2,2
20,712,3,0,0,0,0
20,713,0,1,1,2,3
20,714,3,2,0,0,0
20,715,0,0,3,3,3
20,716,3,2,0,0,0
20,717,0,0,1,3,2
20,718,3,2,3,0,0
20,719,0,0,0,3,2
20,720,3,2,0,0,0
20,721,0,0,2,2,3
20,722,3,2,0,0,0
20,723,0,0,2,3,2
20,724,3,1,0,0,0
20,725,0,1,2,3,3
20,726,3,1,0,0,0
20,727,0,1,2,3,3
20,728,3,0,0,0,0
20,729,0,1,0,3,3
20,730,3,2,3,0,0
20,731,0,0,0,1,3
20,732,3,1,2,2,0
20,733,0,0,0,0,2
20,734,1,1,0,2,0
20,735,3,0,2,0,3
20,736,0,1,0,2,0
20,737,3,2,3,0,2
20,738,0,0,0,3,0
20,739,3,1,3,0,0
20,740,0,0,0,2,3
20,741,3,0,3,0,0
20,742,0,2,0,0,3
20,743,0,0,0,2,0
20,744,3,1,2,0,0
20,745,0,0,0,2,3
20,746,1,2,0,0,0
20,747,3,0,0,2,3
20,748,0,3,3,0,0
20,749,1,0,0,3,3
20,750,0,2,2,0,0
20,751,2,0,0,3,3
20,752,0,1,2,0,0
20,753,3,0,0,0,3
20,754,0,1,0,1,0
20,755,1,1,0,0,0
20,756,2,0,3,3,3
20,757,0,0,0,0,0
20,758,3,3,1,2,0
20,759,0,0,2,0,3
20,760,3,0,0,0,0
20,761,0,1,1,0,3
20,762,3,1,1,3,0
20,763,0,1,1,0,3
20,764,3,2,2,0,0
20,765,0,0,0,1,0
20,766,3,1,3,0,2
20,767,0,0,0,3,0
20,768,3,0,3,0,3
20,769,0,2,0,3,0
20,770,0,0,0,0,0
20,771,3,1,3,0,3
20,772,0,1,0,1,0
20,773,2,1,2,0,2
20,774,0,3,0,3,0
20,775,3,0,3,0,0
20,776,0,2,0,3,0
20,777,3,0,0,0,3
20,778,0,1,1,3,0
20,779,3,0,3,0,3
20,780,0,1,0,3,0
20,781,1,0,1,0,3
20,782,0,1,3,3,0
20,783,2,3,0,0,2
20,784,0,0,3,3,0
20,785,2,3,0,0,3
20,786,0,0,0,3,0
20,787,2,1,0,0,1
20,788,0,2,2,3,3
20,789,2,0,0,0,0
20,790,0,0,0,3,0
20,791,2,1,3,0,2
20,792,0,1,0,0,0
20,793,2,3,3,0,3
20,794,0,0,0,0,0
20,795,1,0,3,3,3
20,796,3,0,0,0,0
20,797,0,1,0,2,0
20,798,2,0,1,0,0
20,799,0,3,3,2,3
20,800,2,0,0,0,0
20,801,0,1,3,0,3
20,802,2,3,0,2,0
20,803,0,0,1,0,3
20,804,2,1,0,1,0
20,805,0,3,3,1,3
20,806,2,0,0,0,0
20,807,0,1,3,1,3
20,808,3,2,0,2,0
20,809,0,0,3,0,3
20,810,3,0,0,1,0
20,811,0,3,3,3,3
20,812,3,0,0,0,0
20,813,0,0,3,2,3
20,814,0,3,0,0,0
20,815,1,0,1,3,0
20,816,3,1,1,0,1
20,817,0,2,2,3,2
20,818,3,0,0,0,0
20,819,0,1,3,0,3
20,820,2,3,0,0,0
20,821,0,0,3,0,1
20,822,3,1,0,3,1
20,823,0,1,3,0,3
20,824,3,1,0,1,0
20,825,0,2,3,0,3
20,826,2,0,0,0,0
20,827,0,1,1,0,1
20,828,3,1,2,0,3
20,829,0,2,0,3,0
20,830,3,0,3,0,3
20,831,0,1,0,3,0
20,832,3,2,1,0,3
20,833,0,0,3,1,0
20,834,3,1,0,0,1
20,835,0,0,1,0,3
20,836,1,0,2,0,0
20,837,3,1,0,2,3
20,838,0,0,2,0,0
20,839,1,2,0,1,1
20,840,3,0,2,0,1
20,841,0,1,0,0,3
20,842,0,2,3,2,0
20,843,3,0,0,0,3
20,844,0,1,2,0,0
20,845,1,2,0,1,1
20,846,0,0,2,2,3
20,847,3,1,0,0,0
20,848,0,0,2,2,3
20,849,2,1,0,0,0
20,850,0,0,3,3,0
20,851,3,1,0,0,3
20,852,0,1,0,0,0
20,853,3,1,1,1,3
20,854,0,3,3,3,0
20,855,1,0,0,0,3
20,856,2,1,2,1,0
20,857,0,1,0,1,2
20,858,0,1,3,0,0
20,859,3,2,0,3,0
20,860,0,0,0,0,2
20,861,3,1,1,1,0
20,862,0,2,3,2,3
20,863,3,0,0,0,0
20,864,0,2,1,2,2
20,865,1,0,1,0,0
20,866,1,1,2,0,3
20,867,0,2,0,0,0
20,868,0,0,1,2,1
20,869,3,1,1,0,3
20,870,0,3,0,2,0
20,871,1,0,3,0,3
20,872,3,0,0,2,0
20,873,0,2,3,0,3
20,874,3,0,0,1,0
20,875,0,3,0,0,2
20,876,3,0,0,3,0
20,877,0,2,1,0,1
20,878,3,0,0,0,2
20,879,0,3,0,0,0
20,880,3,0,1,1,2
20,881,0,1,1,0,0
20,882,0,3,2,1,2
20,883,3,0,0,0,0
20,884,0,2,2,2,2
20,885,1,0,0,0,0
20,886,0,0,2,3,0
20,887,1,1,0,0,2
20,888,3,2,2,1,0
20,889,0,0,0,0,1
20,890,0,1,2,0,2
20,891,1,3,0,0,0
20,892,2,0,2,1,3
20,893,0,3,0,2,0
20,894,0,0,3,0,3
20,895,2,2,0,1,0
20,896,0,0,3,1,3
20,897,2,2,0,0,0
20,898,0,0,2,1,0
20,899,2,0,0,0,1
20,900,0,3,2,1,2
20,901,2,0,0,3,0
20,902,0,2,2,0,3
20,903,3,0,0,2,0
20,904,0,2,2,0,3
20,905,3,0,0,2,0
20,906,0,2,3,0,3
20,907,0,0,0,0,0
20,908,3,1,2,1,1
20,909,0,2,0,0,1
20,910,3,0,2,1,3
20,911,0,1,0,1,0
20,912,3,1,2,1,1
20,913,0,2,0,0,2
20,914,3,0,0,1,0
20,915,0,1,1,1,2
20,916,3,1,3,3,0
20,917,0,2,0,0,3
20,918,0,0,2,1,0
20,919,2,3,0,1,3
20,920,0,0,3,2,0
20,921,3,1,0,0,3
20,922,0,3,2,0,0
20,923,3,0,0,0,3
20,924,0,2,2,0,0
20,925,3,0,0,0,3
20,926,0,1,2,0,0
20,927,3,2,0,2,3
20,928,0,0,2,0,0
20,929,0,2,0,3,3
20,930,0,0,2,0,0
20,931,0,2,0,1,3
20,932,0,0,2,0,0
20,933,0,1,0,3,3
20,934,0,1,3,0,0
20,935,2,3,0,0,2
20,936,0,0,1,1,0
20,937,3,1,3,1,3
20,938,0,1,0,0,0
20,939,2,1,1,2,3
20,940,0,1,2,0,0
20,941,0,1,0,3,3
20,942,0,1,3,0,0
20,943,2,1,0,1,2
20,944,0,1,0,2,0
20,945,0,1,0,0,3
20,946,1,1,3,3,0
20,947,3,2,0,0,3
20,948,0,0,3,3,0
20,949,3,1,0,0,3
20,950,0,1,3,0,0
20,951,3,1,0,3,3
20,952,0,3,3,0,0
20,953,3,0,0,0,3
20,954,0,0,1,3,0
20,955,3,1,1,0,2
20,956,0,3,3,3,0
20,957,3,0,0,0,3
20,958,0,1,1,1,0
20,959,3,0,3,2,3
20,960,0,3,0,0,0
20,961,0,0,1,2,3
20,962,3,1,2,0,0
20,963,0,0,0,2,3
20,964,3,2,2,0,0
20,965,0,0,0,3,3
20,966,0,1,2,0,0
20,967,0,0,0,3,0
20,968,3,1,2,0,0
20,969,0,1,0,3,3
20,970,3,1,3,0,0
20,971,0,3,0,3,0
20,972,3,0,3,0,3
20,973,0,3,0,3,0
20,974,3,0,3,0,3
20,975,0,1,0,3,0
20,976,3,1,3,0,3
20,977,0,2,0,2,0
20,978,0,0,3,0,3
20,979,0,2,0,2,0
20,980,3,0,2,0,2
20,981,0,2,0,2,0
20,982,1,0,0,0,0
20,983,3,2,2,3,1
20,984,0,0,0,0,3
20,985,3,1,2,3,0
20,986,0,2,0,0,2
20,987,1,0,2,2,0
20,988,3,1,0,0,3
20,989,0,2,2,2,0
20,990,3,0,0,0,3
20,991,0,0,2,2,0
20,992,3,1,0,0,3
20,993,0,0,2,2,0
20,994,3,1,0,0,2
20,995,0,2,2,2,0
20,996,3,0,0,0,3
20,997,0,0,1,0,0
20,998,1,2,2,0,3
20,999,3,0,0,3,0
